SampleFac1orstudent2,sample1fac2student,ccunivtype,ccage,ccteachload,ccsalary,ccoctoberhours,ccjulyhours,ccphdlikelihood,cctenure,ccprestige,ccteacheval,ccrespectint,ccrespectext,ccliked,ccpublish,ccundergrad,ccreadjournal,ccproudtitle,ccratherwork,cckids,ccirespect,ccilike,ccienvy,ccifeelsorry,Condition,Department,Title,univtypeofuniv,univage,univteachingload,univsalary,univoctoberhours,univjulyhours,univphdlikelihood,univtenure,univprestige,univteacheval,univrespectint,univrespectext,univliked,univpublish,univundergrad,univreadjournal,univproudtitle,univrather,univkids,univirespect,univilike,univienvy,univifeelsorry,myInsttype,myInsttypeother,mydept,deptcode,myinsttenure,mytitle,titlecodetrad3,titlecoderank,mytenure,mytenure_TEXT,highphd,highaa,highBA,highmasters,highprofdoc,highother,hightext,ethalnative,ethasian,ethpacisl,ethblack,ethlatino,ethwhite,ethother,ethtext,ethnoanswer,myFirstLangenglish,myGender,comments,filter_$,difteachload,diffage,diffsalary,diffrespectint,diffrespectext,diffpublish,diffundergrad,Deptcode3cat,Tenuretrack,univteachloadreversed
1,1,5,40,1,80000,60,40,88,7,24,,5,4,5,3,7,5,5,3,,6,,2,4,,,,,50,2,24000,50,3,,3,2,5,4,6,5,2,,,4,5,2,5,2,5,2,,,,,1,Associate Professor,1,2,1,,1,,,,,,,,,,,,1,,,,1,2,,1,-1,10,-56000,-1,2,-1,,,1,7
1,1,,,,,,,,,,,,,,,,,,,,,,,,,,,,,,,,,,,,,,,,,,,,,,,,,,,,,,,,,,,,,,,,,,,,,,,,,,,,39.5645,-75.597,-1,,,,,,,,,,,
1,1,,,,,,,,,,,,,,,,,,,,,,,,,,,,,,,,,,,,,,,,,,,,,,,,,,,,,,,,,,,,,,,,,,,,,,,,,,,,39.5645,-75.597,-1,,,,,,,,,,,
1,1,,,,,,,,,,,,,,,,,,,,,,,,,,,,,,,,,,,,,,,,,,,,,,,,,,,,,,,,,,,,,,,,,,,,,,,,,,,,39.5645,-75.597,-1,,,,,,,,,,,
1,1,,,,,,,,,,,,,,,,,,,,,,,,,,,,,,,,,,,,,,,,,,,,,,,,,,,,,,,,,,,,,,,,,,,,,,,,,,,,39.5645,-75.597,-1,,,,,,,,,,,
1,1,,,,,,,,,,,,,,,,,,,,,,,,,,,,,,,,,,,,,,,,,,,,,,,,,,,,,,,,,,,,,,,,,,,,,,,,,,,,,,-1,,,,,,,,,,,
1,1,,,,,,,,,,,,,,,,,,,,,,,,,,,,,,,,,,,,,,,,,,,,,,,,,,,,,,,,,,,,,,,,,,,,,,,,,,,,,,-1,,,,,,,,,,,
1,1,,,,,,,,,,,,,,,,,,,,,,,,,,,,,,,,,,,,,,,,,,,,,,,,,,,,,,,,,,,,,,,,,,,,,,,,,,,,,,-1,,,,,,,,,,,
1,1,,,,,,,,,,,,,,,,,,,,,,,,,,,,,,,,,,,,,,,,,,,,,,,,,,,,,,,,,,,,,,,,,,,,,,,,,,,,,,-1,,,,,,,,,,,
1,1,,,,,,,,,,,,,,,,,,,,,,,,,,,,,,,,,,,,,,,,,,,,,,,,,,,,,,,,,,,,,,,,,,,,,,,,,,,,,,-1,,,,,,,,,,,
1,1,5,42,2,68000,50,35,89,4,7,4,4,2,4,3,7,3,4,5,4,4,4,4,4,,,,,,,,,,,,,,,,,,,,,,,,,,,,,,,,,,,,,,,,,,,,,,,,,,,,,,,-1,,,,,,,,,,,
1,1,,,,,,,,,,,,,,,,,,,,,,,,,,,,,,,,,,,,,,,,,,,,,,,,,,,,,,,,,,,,,,,,,,,,,,,,,,,,,,-1,,,,,,,,,,,
1,1,,,,,,,,,,,,,,,,,,,,,,,,,,,,,,,,,,,,,,,,,,,,,,,,,,,,,,,,,,,,,,,,,,,,,,,,,,,,,,-1,,,,,,,,,,,
1,1,5,60,1,60000,60,30,30,5,2,,,,,,,,,,,,,,,,,,,,,,,,,,,,,,,,,,,,,,,,,,,,,,,,,,,,,,,,,,,,,,,,,,,,,-1,,,,,,,,,,,
1,1,,,,,,,,,,,,,,,,,,,,,,,,,,,,,,,,,,,,,,,,,,,,,,,,,,,,,,,,,,,,,,,,,,,,,,,,,,,,,,-1,,,,,,,,,,,
1,1,5,,,,,,,,,,,,,,,,,,,,,,,,,,,,,,,,,,,,,,,,,,,,,,,,,,,,,,,,,,,,,,,,,,,,,,,,,,,,,-1,,,,,,,,,,,
1,1,5,40,2,55000,,,,,,,,,,,,,,,,,,,,,,,,,,,,,,,,,,,,,,,,,,,,,,,,,,,,,,,,,,,,,,,,,,,,,,,,,,-1,,,,,,,,,,,
1,1,,,,,,,,,,,,,,,,,,,,,,,,,,,,,,,,,,,,,,,,,,,,,,,,,,,,,,,,,,,,,,,,,,,,,,,,,,,,,,-1,,,,,,,,,,,
1,1,5,35,3,44000,200,200,99,8,13,4,4,4,4,4,7,2,4,4,4,4,4,4,4,,,,,,,,,,,,,,,,,,,,,,,,,,,,,,,,,,,,,,,,,,,,,,,,,,,,,,,-1,,,,,,,,,,,
1,1,,,,,,,,,,,,,,,,,,,,,,,,,,,,,,,,,,,,,,,,,,,,,,,,,,,,,,,,,,,,,,,,,,,,,,,,,,,,,,-1,,,,,,,,,,,
1,1,,,,,,,,,,,,,,,,,,,,,,,,,,,,,,,,,,,,,,,,,,,,,,,,,,,,,,,,,,,,,,,,,,,,,,,,,,,,,,-1,,,,,,,,,,,
1,1,5,,2,,,,,,,,,,,,,,,,,,,,,,,,,,,,,,,,,,,,,,,,,,,,,,,,,,,,,,,,,,,,,,,,,,,,,,,,,,,-1,,,,,,,,,,,
1,1,,,,,,,,,,,,,,,,,,,,,,,,,,,,,,,,,,,,,,,,,,,,,,,,,,,,,,,,,,,,,,,,,,,,,,,,,,,,,,-1,,,,,,,,,,,
1,1,,,,,,,,,,,,,,,,,,,,,,,,,,,,,,,,,,,,,,,,,,,,,,,,,,,,,,,,,,,,,,,,,,,,,,,,,,,,,,-1,,,,,,,,,,,
1,1,1,45,8,90000,58,45,100,8,33,6,4,3,4,3,7,1,6,4,5,5,4,2,2,,,,,,,,,,,,,,,,,,,,,,,,,,,,,,,,,,,,,,,,,,,,,,,,,,,,,,,-1,,,,,,,,,,,
1,1,,,,,,,,,,,,,,,,,,,,,,,,,,,,,,,,,,,,,,,,,,,,,,,,,,,,,,,,,,,,,,,,,,,,,,,,,,,,,,-1,,,,,,,,,,,
1,1,,,,,,,,,,,,,,,,,,,,,,,,,,,,,,,,,,,,,,,,,,,,,,,,,,,,,,,,,,,,,,,,,,,,,,,,,,,,,,-1,,,,,,,,,,,
1,1,,,,,,,,,,,,,,,,,,,,,,,,,,,,,,,,,,,,,,,,,,,,,,,,,,,,,,,,,,,,,,,,,,,,,,,,,,,,,,-1,,,,,,,,,,,
1,1,,,,,,,,,,,,,,,,,,,,,,,,,,,,,,,,,,,,,,,,,,,,,,,,,,,,,,,,,,,,,,,,,,,,,,,,,,,,,,-1,,,,,,,,,,,
1,1,5,40,2,70000,,,,,,,,,,,,,,,,,,,,,,,,,,,,,,,,,,,,,,,,,,,,,,,,,,,,,,,,,,,,,,,,,,,,,,,,,,-1,,,,,,,,,,,
1,1,,,,,,,,,,,,,,,,,,,,,,,,,,,,,,,,,,,,,,,,,,,,,,,,,,,,,,,,,,,,,,,,,,,,,,,,,,,,,,-1,,,,,,,,,,,
1,1,,,,,,,,,,,,,,,,,,,,,,,,,,,,,,,,,,,,,,,,,,,,,,,,,,,,,,,,,,,,,,,,,,,,,,,,,,,,,,-1,,,,,,,,,,,
1,1,,,,,,,,,,,,,,,,,,,,,,,,,,,,,,,,,,,,,,,,,,,,,,,,,,,,,,,,,,,,,,,,,,,,,,,,,,,,,,-1,,,,,,,,,,,
1,1,,,,,,,,,,,,,,,,,,,,,,,,,,,,,,,,,,,,,,,,,,,,,,,,,,,,,,,,,,,,,,,,,,,,,,,,,,,,,,-1,,,,,,,,,,,
1,1,,,,,,,,,,,,,,,,,,,,,,,,,,,,,,,,,,,,,,,,,,,,,,,,,,,,,,,,,,,,,,,,,,,,,,,,,,,,,,-1,,,,,,,,,,,
1,1,,,,,,,,,,,,,,,,,,,,,,,,,,,,,,,,,,,,,,,,,,,,,,,,,,,,,,,,,,,,,,,,,,,,,,,,,,,,,,-1,,,,,,,,,,,
1,1,5,30,2,50000,40,15,58,4,37,,,,,,,,,,,,,,,,,,,,,,,,,,,,,,,,,,,,,,,,,,,,,,,,,,,,,,,,,,,,,,,,,,,,,-1,,,,,,,,,,,
1,1,5,45,1,80000,,,,,,,,,,,,,,,,,,,,,,,,,,,,,,,,,,,,,,,,,,,,,,,,,,,,,,,,,,,,,,,,,,,,,,,,,,-1,,,,,,,,,,,
1,1,5,50,2,70000,40,10,60,4,2,,,,,,,,,,,,,,,,,,,,,,,,,,,,,,,,,,,,,,,,,,,,,,,,,,,,,,,,,,,,,,,,,,,,,-1,,,,,,,,,,,
1,1,,,,,,,,,,,,,,,,,,,,,,,,,,,,,,,,,,,,,,,,,,,,,,,,,,,,,,,,,,,,,,,,,,,,,,,,,,,,,,-1,,,,,,,,,,,
1,1,,,,,,,,,,,,,,,,,,,,,,,,,,,,,,,,,,,,,,,,,,,,,,,,,,,,,,,,,,,,,,,,,,,,,,,,,,,,,,-1,,,,,,,,,,,
1,1,,,,,,,,,,,,,,,,,,,,,,,,,,,,,,,,,,,,,,,,,,,,,,,,,,,,,,,,,,,,,,,,,,,,,,,,,,,,,,-1,,,,,,,,,,,
1,1,,,,,,,,,,,,,,,,,,,,,,,,,,,,,,,,,,,,,,,,,,,,,,,,,,,,,,,,,,,,,,,,,,,,,,,,,,,,,,-1,,,,,,,,,,,
1,1,,,,,,,,,,,,,,,,,,,,,,,,,,,,,,,,,,,,,,,,,,,,,,,,,,,,,,,,,,,,,,,,,,,,,,,,,,,,,,-1,,,,,,,,,,,
1,1,,,,,,,,,,,,,,,,,,,,,,,,,,,,,,,,,,,,,,,,,,,,,,,,,,,,,,,,,,,,,,,,,,,,,,,,,,,,,,-1,,,,,,,,,,,
1,1,,,,,,,,,,,,,,,,,,,,,,,,,,,,,,,,,,,,,,,,,,,,,,,,,,,,,,,,,,,,,,,,,,,,,,,,,,,,,,-1,,,,,,,,,,,
1,1,,,,,,,,,,,,,,,,,,,,,,,,,,,,,,,,,,,,,,,,,,,,,,,,,,,,,,,,,,,,,,,,,,,,,,,,,,,,,,-1,,,,,,,,,,,
1,1,5,35,2,55000,60,0,90,7,,,,,,,,,,,,,,,,,,,,,,,,,,,,,,,,,,,,,,,,,,,,,,,,,,,,,,,,,,,,,,,,,,,,,,-1,,,,,,,,,,,
1,1,,,,,,,,,,,,,,,,,,,,,,,,,,,,,,,,,,,,,,,,,,,,,,,,,,,,,,,,,,,,,,,,,,,,,,,,,,,,,,-1,,,,,,,,,,,
1,1,,,,,,,,,,,,,,,,,,,,,,,,,,,,,,,,,,,,,,,,,,,,,,,,,,,,,,,,,,,,,,,,,,,,,,,,,,,,,,-1,,,,,,,,,,,
1,1,,,,,,,,,,,,,,,,,,,,,,,,,,,,,,,,,,,,,,,,,,,,,,,,,,,,,,,,,,,,,,,,,,,,,,,,,,,,,,-1,,,,,,,,,,,
1,1,5,45,2,55000,55,40,53,8,24,,,,,,,,,,,,,,,,,,,,,,,,,,,,,,,,,,,,,,,,,,,,,,,,,,,,,,,,,,,,,,,,,,,,,-1,,,,,,,,,,,
1,1,5,37,2,50000,80,50,70,4,9,4,4,4,4,4,4,4,4,4,4,4,4,1,6,,,,,,,,,,,,,,,,,,,,,,,,,,,,,,,,,,,,,,,,,,,,,,,,,,,,,,,-1,,,,,,,,,,,
1,1,1,,6,60000,60,50,100,5,20,5,5,5,5,7,2,5,5,5,6,5,6,2,3,,,,,,,,,,,,,,,,,,,,,,,,,,,,,,,,,,,,,,,,,,,,,,,,,,,,,,,-1,,,,,,,,,,,
1,1,,,,,,,,,,,,,,,,,,,,,,,,,,,,,,,,,,,,,,,,,,,,,,,,,,,,,,,,,,,,,,,,,,,,,,,,,,,,,,-1,,,,,,,,,,,
1,1,,,,,,,,,,,,,,,,,,,,,,,,,,,,,,,,,,,,,,,,,,,,,,,,,,,,,,,,,,,,,,,,,,,,,,,,,,,,,,-1,,,,,,,,,,,
1,1,,,,,,,,,,,,,,,,,,,,,,,,,,,,,,,,,,,,,,,,,,,,,,,,,,,,,,,,,,,,,,,,,,,,,,,,,,,,,,-1,,,,,,,,,,,
1,1,,,,,,,,,,,,,,,,,,,,,,,,,,,,,,,,,,,,,,,,,,,,,,,,,,,,,,,,,,,,,,,,,,,,,,,,,,,,,,-1,,,,,,,,,,,
1,1,5,40,2,70000,,,,,,,,,,,,,,,,,,,,,,,,,,,,,,,,,,,,,,,,,,,,,,,,,,,,,,,,,,,,,,,,,,,,,,,,,,-1,,,,,,,,,,,
1,2,,,,,,,,,,,,,,,,,,,,,,,,,,,,,,,,,,,,,,,,,,,,,,,,,,,,,,,,,,,,,,,,,,,,,,,,,,,,39.5645,-75.597,-1,,,,,,,,,,,
1,2,,,,,,,,,,,,,,,,,,,,,,,,,,,,,,,,,,,,,,,,,,,,,,,0,0,7.269,,,,,,,,,,,,,,,,,,,,,,,,,,,39.5645,-75.597,-1,,,,,,,,,,,
1,2,5,45,1,40000,50,20,80,2,10,,,,,,,,,,,,,,,,,,,,,,,,,,,,,,,,,,,,,,,,,,,,,,,,,,,,,,,,,,,,,,,,,,,,,-1,,,,,,,,,,,
1,2,,,,,,,,,,,,,,,,,,,,,,,,,,,,,,,,,,,,,,,,,,,,,,,,,,,,,,,,,,,,,,,,,,,,,,,,,,,,,,-1,,,,,,,,,,,
1,2,5,45,1,60000,55,35,40,1,10,,,,,,,,,,,,,,,,,,,,,,,,,,,,,,,,,,,,,,,,,,,,,,,,,,,,,,,,,,,,,,,,,,,,,-1,,,,,,,,,,,
1,2,,,,,,,,,,,,,,,,,,,,,,,,,,,,,,,,,,,,,,,,,,,,,,,,,,,,,,,,,,,,,,,,,,,,,,,,,,,,,,-1,,,,,,,,,,,
1,2,5,30,1,45000,,,,,,,,,,,,,,,,,,,,,,,,,,,,,,,,,,,,,,,,,,,,,,,,,,,,,,,,,,,,,,,,,,,,,,,,,,-1,,,,,,,,,,,
1,2,5,40,2,50000,40,25,30,4,20,4,4,2,4,2,6,3,4,4,4,4,4,4,4,,,,,,,,,,,,,,,,,,,,,,,,,,,,,,,,,,,,,,,,,,,,,,,,,,,,,,,-1,,,,,,,,,,,
1,2,1,42,5,53000,120,90,99,8,15,,,,,,,,,,,,,,,,,,,,,,,,,,,,,,,,,,,,,,,,,,,,,,,,,,,,,,,,,,,,,,,,,,,,,-1,,,,,,,,,,,
1,2,5,30,1,60000,30,0,29,8,27,,,,,,,,,,,,,,,,,,,,,,,,,,,,,,,,,,,,,,,,,,,,,,,,,,,,,,,,,,,,,,,,,,,,,-1,,,,,,,,,,,
1,2,5,40,2,50000,40,0,50,5,10,,,,,,,,,,,,,,,,,,,,,,,,,,,,,,,,,,,,,,,,,,,,,,,,,,,,,,,,,,,,,,,,,,,,,-1,,,,,,,,,,,
1,2,,,,,,,,,,,,,,,,,,,,,,,,,,,,,,,,,,,,,,,,,,,,,,,,,,,,,,,,,,,,,,,,,,,,,,,,,,,,,,-1,,,,,,,,,,,
1,2,5,39,2,65000,36,,54,4,9,,,,,,,,,,,,,,,,,,,,,,,,,,,,,,,,,,,,,,,,,,,,,,,,,,,,,,,,,,,,,,,,,,,,,-1,,,,,,,,,,,
1,2,,,,,,,,,,,,,,,,,,,,,,,,,,,,,,,,,,,,,,,,,,,,,,,,,,,,,,,,,,,,,,,,,,,,,,,,,,,,,,-1,,,,,,,,,,,
1,2,5,48,1,60000,50,25,85,7,25,,,,,,,,,,,,,,,,,,,,,,,,,,,,,,,,,,,,,,,,,,,,,,,,,,,,,,,,,,,,,,,,,,,,,-1,,,,,,,,,,,
1,2,,,,,,,,,,,,,,,,,,,,,,,,,,,,,,,,,,,,,,,,,,,,,,,,,,,,,,,,,,,,,,,,,,,,,,,,,,,,,,-1,,,,,,,,,,,
1,2,,,,,,,,,,,,,,,,,,,,,,,,,,,,,,,,,,,,,,,,,,,,,,,,,,,,,,,,,,,,,,,,,,,,,,,,,,,,,,-1,,,,,,,,,,,
1,2,1,44,6,92000,50,35,95,7,25,,,,,,,,,,,,,,,,,,,,,,,,,,,,,,,,,,,,,,,,,,,,,,,,,,,,,,,,,,,,,,,,,,,,,-1,,,,,,,,,,,
1,2,4,45,2,86000,65,50,100,8,50,,,,,,,,,,,,,,,,,,,,,,,,,,,,,,,,,,,,,,,,,,,,,,,,,,,,,,,,,,,,,,,,,,,,,-1,,,,,,,,,,,
1,2,5,50,2,50000,,,,,,,,,,,,,,,,,,,,,,,,,,,,,,,,,,,,,,,,,,,,,,,,,,,,,,,,,,,,,,,,,,,,,,,,,,-1,,,,,,,,,,,
1,2,5,38,2,75000,,,75,7,11,,,,,,,,,,,,,,,,,,,,,,,,,,,,,,,,,,,,,,,,,,,,,,,,,,,,,,,,,,,,,,,,,,,,,-1,,,,,,,,,,,
1,2,5,35,2,50000,,,,,,,,,,,,,,,,,,,,,,,,,,,,,,,,,,,,,,,,,,,,,,,,,,,,,,,,,,,,,,,,,,,,,,,,,,-1,,,,,,,,,,,
1,2,5,40,1,45000,50,35,60,7,25,,,,,,,,,,,,,,,,,,,,,,,,,,,,,,,,,,,,,,,,,,,,,,,,,,,,,,,,,,,,,,,,,,,,,-1,,,,,,,,,,,
1,2,5,37,2,50000,60,40,90,7,10,4,5,1,5,2,7,3,5,4,5,5,4,1,3,,,,,,,,,,,,,,,,,,,,,,,,,,,,,,,,,,,,,,,,,,,,,,,,,,,,,,,-1,,,,,,,,,,,
1,2,5,50,1,50000,25,25,96,1,0,,,,,,,,,,,,,,,,,,,,,,,,,,,,,,,,,,,,,,,,,,,,,,,,,,,,,,,,,,,,,,,,,,,,,-1,,,,,,,,,,,
1,2,5,32,2,41000,,,,,,,,,,,,,,,,,,,,,,,,,,,,,,,,,,,,,,,,,,,,,,,,,,,,,,,,,,,,,,,,,,,,,,,,,,-1,,,,,,,,,,,
1,2,5,,1,55000,35,20,75,2,30,,,,,,,,,,,,,,,,,,,,,,,,,,,,,,,,,,,,,,,,,,,,,,,,,,,,,,,,,,,,,,,,,,,,,-1,,,,,,,,,,,
1,2,5,40,1,45000,50,5,70,7,12,,,,,,,,,,,,,,,,,,,,,,,,,,,,,,,,,,,,,,,,,,,,,,,,,,,,,,,,,,,,,,,,,,,,,-1,,,,,,,,,,,
1,2,5,38,1,28000,,,,,,,,,,,,,,,,,,,,,,,,,,,,,,,,,,,,,,,,,,,,,,,,,,,,,,,,,,,,,,,,,,,,,,,,,,-1,,,,,,,,,,,
1,2,5,38,1,85000,,,,,,,,,,,,,,,,,,,,,,,,,,,,,,,,,,,,,,,,,,,,,,,,,,,,,,,,,,,,,,,,,,,,,,,,,,-1,,,,,,,,,,,
1,2,,,,,,,,,,,,,,,,,,,,,,,,,,,,,,,,,,,,,,,,,,,,,,,,,,,,,,,,,,,,,,,,,,,,,,,,,,,,,,-1,,,,,,,,,,,
1,2,5,45,2,55000,60,30,80,5,10,,,,,,,,,,,,,,,,,,,,,,,,,,,,,,,,,,,,,,,,,,,,,,,,,,,,,,,,,,,,,,,,,,,,,-1,,,,,,,,,,,
1,2,,,,,,,,,,,,,,,,,,,,,,,,,,,,,,,,,,,,,,,,,,,,,,,,,,,,,,,,,,,,,,,,,,,,,,,,,,,,,,-1,,,,,,,,,,,
1,2,,,,,,,,,,,,,,,,,,,,,,,,,,,,,,,,,,,,,,,,,,,,,,,,,,,,,,,,,,,,,,,,,,,,,,,,,,,,,,-1,,,,,,,,,,,
1,2,5,33,1,36000,55,14,54,4,30,6,4,2,4,2,6,2,5,5,5,6,6,2,5,,,,,,,,,,,,,,,,,,,,,,,,,,,,,,,,,,,,,,,,,,,,,,,,,,,,,,,-1,,,,,,,,,,,
1,2,,,,,,,,,,,,,,,,,,,,,,,,,,,,,,,,,,,,,,,,,,,,,,,,,,,,,,,,,,,,,,,,,,,,,,,,,,,,,,-1,,,,,,,,,,,
1,2,5,40,2,50000,40,20,72,5,30,,,,,,,,,,,,,,,,,,,,,,,,,,,,,,,,,,,,,,,,,,,,,,,,,,,,,,,,,,,,,,,,,,,,,-1,,,,,,,,,,,
1,2,5,40,1,55000,35,0,55,5,51,4,4,3,4,2,6,3,5,4,5,4,4,4,4,,,,,,,,,,,,,,,,,,,,,,,,,,,,,,,,,,,,,,,,,,,,,,,,,,,,,,,-1,,,,,,,,,,,
1,2,5,30,1,40000,40,15,62,5,50,5,5,2,5,1,7,3,3,5,5,6,5,3,4,,,,,,,,,,,,,,,,,,,,,,,,,,,,,,,,,,,,,,,,,,,,,,,,,,,,,,,-1,,,,,,,,,,,
1,2,,,,,,,,,,,,,,,,,,,,,,,,,,,,,,,,,,,,,,,,,,,,,,,,,,,,,,,,,,,,,,,,,,,,,,,,,,,,,,-1,,,,,,,,,,,
1,2,5,40,7,90000,70,50,100,7,50,3,5,4,4,6,3,6,5,6,4,4,3,5,4,,,,,,,,,,,,,,,,,,,,,,,,,,,,,,,,,,,,,,,,,,,,,,,,,,,,,,,-1,,,,,,,,,,,
1,2,5,38,2,90000,,,,,,,,,,,,,,,,,,,,,,,,,,,,,,,,,,,,,,,,,,,,,,,,,,,,,,,,,,,,,,,,,,,,,,,,,,-1,,,,,,,,,,,
1,2,5,40,4,60000,,,,,,,,,,,,,,,,,,,,,,,,,,,,,,,,,,,,,,,,,,,,,,,,,,,,,,,,,,,,,,,,,,,,,,,,,,-1,,,,,,,,,,,
1,2,3,32,4,74000,40,0,79,2,50,4,4,4,4,2,7,3,5,4,4,4,4,1,1,,,,,,,,,,,,,,,,,,,,,,,,,,,,,,,,,,,,,,,,,,,,,,,,,,,,,,,-1,,,,,,,,,,,
1,2,5,36,2,75000,,,,,,,,,,,,,,,,,,,,,,,,,,,,,,,,,,,,,,,,,,,,,,,,,,,,,,,,,,,,,,,,,,,,,,,,,,-1,,,,,,,,,,,
1,2,,,,,,,,,,,,,,,,,,,,,,,,,,,,,,,,,,,,,,,,,,,,,,,,,,,,,,,,,,,,,,,,,,,,,,,,,,,,,,-1,,,,,,,,,,,
1,2,5,40,1,45000,55,0,90,1,9,,,,,,,,,,,,,,,,,,,,,,,,,,,,,,,,,,,,,,,,,,,,,,,,,,,,,,,,,,,,,,,,,,,,,-1,,,,,,,,,,,
1,2,5,45,2,30000,60,20,60,8,28,4,4,4,4,4,4,4,4,4,4,7,6,6,4,,,,,,,,,,,,,,,,,,,,,,,,,,,,,,,,,,,,,,,,,,,,,,,,,,,,,,,-1,,,,,,,,,,,
1,2,5,35,2,55000,,,,,,,,,,,,,,,,,,,,,,,,,,,,,,,,,,,,,,,,,,,,,,,,,,,,,,,,,,,,,,,,,,,,,,,,,,-1,,,,,,,,,,,
1,2,5,,1,35000,60,40,80,1,5,,,,,,,,,,,,,,,,,,,,,,,,,,,,,,,,,,,,,,,,,,,,,,,,,,,,,,,,,,,,,,,,,,,,,-1,,,,,,,,,,,
1,2,5,40,2,70000,45,45,80,4,20,,,,,,,,,,,,,,,,,,,,,,,,,,,,,,,,,,,,,,,,,,,,,,,,,,,,,,,,,,,,,,,,,,,,,-1,,,,,,,,,,,
1,2,,,,,,,,,,,,,,,,,,,,,,,,,,,,,,,,,,,,,,,,,,,,,,,,,,,,,,,,,,,,,,,,,,,,,,,,,,,,,,-1,,,,,,,,,,,
1,2,1,50,4,66000,,,,,,,,,,,,,,,,,,,,,,,,,,,,,,,,,,,,,,,,,,,,,,,,,,,,,,,,,,,,,,,,,,,,,,,,,,-1,,,,,,,,,,,
1,2,4,35,4,85000,,,,,,,,,,,,,,,,,,,,,,,,,,,,,,,,,,,,,,,,,,,,,,,,,,,,,,,,,,,,,,,,,,,,,,,,,,-1,,,,,,,,,,,
1,2,5,55,1,85000,,,,,,,,,,,,,,,,,,,,,,,,,,,,,,,,,,,,,,,,,,,,,,,,,,,,,,,,,,,,,,,,,,,,,,,,,,-1,,,,,,,,,,,
1,2,,,,,,,,,,,,,,,,,,,,,,,,,,,,,,,,,,,,,,,,,,,,,,,,,,,,,,,,,,,,,,,,,,,,,,,,,,,,,,-1,,,,,,,,,,,
1,2,,,,,,,,,,,,,,,,,,,,,,,,,,,,,,,,,,,,,,,,,,,,,,,,,,,,,,,,,,,,,,,,,,,,,,,,,,,,,,-1,,,,,,,,,,,
1,2,5,35,3,35000,,,,,,,,,,,,,,,,,,,,,,,,,,,,,,,,,,,,,,,,,,,,,,,,,,,,,,,,,,,,,,,,,,,,,,,,,,-1,,,,,,,,,,,
1,2,,,,,,,,,,,,,,,,,,,,,,,,,,,,,,,,,,,,,,,,,,,,,,,,,,,,,,,,,,,,,,,,,,,,,,,,,,,,,,-1,,,,,,,,,,,
1,2,5,40,2,60000,30,0,,4,34,,,,,,,,,,,,,,,,,,,,,,,,,,,,,,,,,,,,,,,,,,,,,,,,,,,,,,,,,,,,,,,,,,,,,-1,,,,,,,,,,,
1,2,,,,,,,,,,,,,,,,,,,,,,,,,,,,,,,,,,,,,,,,,,,,,,,,,,,,,,,,,,,,,,,,,,,,,,,,,,,,,,-1,,,,,,,,,,,
1,2,5,38,1,40000,,,,,,,,,,,,,,,,,,,,,,,,,,,,,,,,,,,,,,,,,,,,,,,,,,,,,,,,,,,,,,,,,,,,,,,,,,-1,,,,,,,,,,,
1,2,,,,,,,,,,,,,,,,,,,,,,,,,,,,,,,,,,,,,,,,,,,,,,,,,,,,,,,,,,,,,,,,,,,,,,,,,,,,,,-1,,,,,,,,,,,
1,2,,,,,,,,,,,,,,,,,,,,,,,,,,,,,,,,,,,,,,,,,,,,,,,,,,,,,,,,,,,,,,,,,,,,,,,,,,,,,,-1,,,,,,,,,,,
1,2,,,,,,,,,,,,,,,,,,,,,,,,,,,,,,,,,,,,,,,,,,,,,,,,,,,,,,,,,,,,,,,,,,,,,,,,,,,,,,-1,,,,,,,,,,,
1,2,5,40,3,65000,70,40,100,8,5,,,,,,,,,,,,,,,,,,,,,,,,,,,,,,,,,,,,,,,,,,,,,,,,,,,,,,,,,,,,,,,,,,,,,-1,,,,,,,,,,,
1,2,4,38,,,,,,,,,,,,,,,,,,,,,,,,,,,,,,,,,,,,,,,,,,,,,,,,,,,,,,,,,,,,,,,,,,,,,,,,,,,,-1,,,,,,,,,,,
1,2,,,,,,,,,,,,,,,,,,,,,,,,,,,,,,,,,,,,,,,,,,,,,,,,,,,,,,,,,,,,,,,,,,,,,,,,,,,,,,-1,,,,,,,,,,,
1,2,5,38,2,45000,,,,,,,,,,,,,,,,,,,,,,,,,,,,,,,,,,,,,,,,,,,,,,,,,,,,,,,,,,,,,,,,,,,,,,,,,,-1,,,,,,,,,,,
1,2,,,,,,,,,,,,,,,,,,,,,,,,,,,,,,,,,,,,,,,,,,,,,,,,,,,,,,,,,,,,,,,,,,,,,,,,,,,,,,-1,,,,,,,,,,,
1,2,,,,,,,,,,,,,,,,,,,,,,,,,,,,,,,,,,,,,,,,,,,,,,,,,,,,,,,,,,,,,,,,,,,,,,,,,,,,,,-1,,,,,,,,,,,
1,2,5,25,1,39000,,,,,,,,,,,,,,,,,,,,,,,,,,,,,,,,,,,,,,,,,,,,,,,,,,,,,,,,,,,,,,,,,,,,,,,,,,-1,,,,,,,,,,,
1,2,5,45,1,60000,50,25,60,4,30,,,,,,,,,,,,,,,,,,,,,,,,,,,,,,,,,,,,,,,,,,,,,,,,,,,,,,,,,,,,,,,,,,,,,-1,,,,,,,,,,,
1,2,5,40,1,55000,60,30,51,8,,4,4,,4,,7,4,4,4,4,4,4,4,4,,,,,,,,,,,,,,,,,,,,,,,,,,,,,,,,,,,,,,,,,,,,,,,,,,,,,,,-1,,,,,,,,,,,
1,2,5,64,1,75000,40,20,98,8,20,,,,,,,,,,,,,,,,,,,,,,,,,,,,,,,,,,,,,,,,,,,,,,,,,,,,,,,,,,,,,,,,,,,,,-1,,,,,,,,,,,
1,2,,,,,,,,,,,,,,,,,,,,,,,,,,,,,,,,,,,,,,,,,,,,,,,,,,,,,,,,,,,,,,,,,,,,,,,,,,,,,,-1,,,,,,,,,,,
1,2,2,45,2,40000,55,55,80,8,8,,,,,,,,,,,,,,,,,,,,,,,,,,,,,,,,,,,,,,,,,,,,,,,,,,,,,,,,,,,,,,,,,,,,,-1,,,,,,,,,,,
1,2,,,,,,,,,,,,,,,,,,,,,,,,,,,,,,,,,,,,,,,,,,,,,,,,,,,,,,,,,,,,,,,,,,,,,,,,,,,,,,-1,,,,,,,,,,,
1,2,5,45,2,45000,50,30,89,1,31,,,,,,,,,,,,,,,,,,,,,,,,,,,,,,,,,,,,,,,,,,,,,,,,,,,,,,,,,,,,,,,,,,,,,-1,,,,,,,,,,,
1,2,,,,,,,,,,,,,,,,,,,,,,,,,,,,,,,,,,,,,,,,,,,,,,,,,,,,,,,,,,,,,,,,,,,,,,,,,,,,,,-1,,,,,,,,,,,
1,2,5,45,1,530000,50,25,37,8,35,,,,,,,,,,,,,,,,,,,,,,,,,,,,,,,,,,,,,,,,,,,,,,,,,,,,,,,,,,,,,,,,,,,,,-1,,,,,,,,,,,
1,2,5,40,1,50000,60,30,90,4,21,,,,,,,,,,,,,,,,,,,,,,,,,,,,,,,,,,,,,,,,,,,,,,,,,,,,,,,,,,,,,,,,,,,,,-1,,,,,,,,,,,
1,2,,,,,,,,,,,,,,,,,,,,,,,,,,,,,,,,,,,,,,,,,,,,,,,,,,,,,,,,,,,,,,,,,,,,,,,,,,,,,,-1,,,,,,,,,,,
1,2,,,,,,,,,,,,,,,,,,,,,,,,,,,,,,,,,,,,,,,,,,,,,,,,,,,,,,,,,,,,,,,,,,,,,,,,,,,,,,-1,,,,,,,,,,,
1,2,5,42,1,60000,45,15,80,7,20,,,,,,,,,,,,,,,,,,,,,,,,,,,,,,,,,,,,,,,,,,,,,,,,,,,,,,,,,,,,,,,,,,,,,,,,,,,,,,,,
1,2,,,,,,,,,,,,,,,,,,,,,,,,,,,,,,,,,,,,,,,,,,,,,,,,,,,,,,,,,,,,,,,,,,,,,,,,,,,,,,,,,,,,,,,,,
1,2,5,40,2,65000,50,5,20,7,10,,,,,,,,,,,,,,,,,,,,,,,,,,,,,,,,,,,,,,,,,,,,,,,,,,,,,,,,,,,,,,,,,,,,,,,,,,,,,,,,
1,2,,,,,,,,,,,,,,,,,,,,,,,,,,,,,,,,,,,,,,,,,,,,,,,,,,,,,,,,,,,,,,,,,,,,,,,,,,,,,,,,,,,,,,,,,
1,2,,,,,,,,,,,,,,,,,,,,,,,,,,,,,,,,,,,,,,,,,,,,,,,,,,,,,,,,,,,,,,,,,,,,,,,,,,,,,,,,,,,,,,,,,
1,,,,,,,,,,,,,,,,,,,,,,,,,,,,,,,,,,,,,,,,,,,,,,,,,,,,,,,,,,,,,,,,,,,,,,,,,,,,,,,,,,,,,,,,,,
1,1,5,40,1,50000,40,10,100,1,11,5,5,1,4,3,7,1,6,3,7,5,3,5,3,1,2,1,1,32,4,45000,40,5,100,1,40,6,3,3,7,6,7,3,5,1,7,7,7,5,1,4,,English,3,1,Adjunct Professor,0,7,3,,1,,,,,,,,,,,,1,,,,1,2,"Great study idea! As someone who has done adjunct work for a long time, I am fed up with zero chance at benefits or tenure (my M",1,-3,-8,-5000,-2,2,3,0,3,2,5
1,2,5,46,2,75000,50,25,100,4,5,4,5,3,6,3,7,5,4,5,6,4,4,4,4,1,2,1,4,37,1,64000,60,20,70,5,20,5,5,4,5,3,7,5,7,4,4,4,4,4,4,1,,English,3,1,Adjunct Professor,0,7,3,,,,,1,,1,current Ph.D. student,,,,,,1,,,,1,2,,1,1,-9,-11000,0,1,0,0,3,2,8
1,2,5,40,1,70000,50,0,100,8,16,4,4,4,4,2,7,2,4,4,4,4,4,4,4,1,2,1,1,40,2,80000,50,20,100,4,57,4,3,4,4,3,7,3,4,4,4,4,4,4,4,2,,Biology,2,1,Assistant Professor,1,1,2,,1,,,,,,,,,,,,1,,,,1,2,,1,-1,0,10000,-1,0,1,0,2,1,7
1,1,5,40,3,65000,60,30,95,5,10,5,5,3,4,6,7,4,5,4,4,6,6,1,4,1,2,1,3,40,4,70000,60,30,100,5,40,5,5,4,5,6,5,5,5,4,4,5,5,2,1,1,,Biology,2,1,Assistant Professor,1,1,2,,1,,,,,,,,,,,,1,,,,1,2,"I feel that I am particularly ignorant of positions at community colleges and small liberal arts schools, so I was very uncertai",1,-1,0,5000,0,1,0,-2,2,1,5
1,2,5,40,1,50000,320,300,58,7,21,5,5,2,4,3,7,5,5,4,5,7,4,4,1,1,2,1,2,40,2,40000,320,320,44,3,30,5,2,2,4,2,6,3,4,4,4,7,4,4,4,1,,English,3,1,Assistant Professor,1,1,2,,1,,,,,,,1,,,,,1,,,,1,2,,1,-1,0,-10000,-3,0,-1,-1,3,1,7
1,2,5,40,2,60000,90,20,51,7,20,4,5,1,4,2,4,4,7,5,3,3,3,1,3,1,2,1,3,38,4,65000,60,30,100,8,75,5,5,4,4,5,2,4,6,5,4,5,4,4,3,4,,English,3,1,Assistant Professor,1,1,2,,1,,,,,,,,,,,,1,,,,1,1,,1,-2,-2,5000,0,3,3,-2,3,1,5
1,2,5,35,1,50000,60,20,91,7,11,4,4,2,4,3,7,3,5,6,5,5,4,3,4,1,2,1,2,42,3,65000,60,20,98,7,39,4,4,3,5,5,5,4,5,5,4,5,4,4,4,2,,Language & Literature,6,1,Assistant Professor,1,1,2,,1,,,,,,,,,,,,1,,,,1,2,,1,-2,7,15000,0,1,2,-2,,1,6
1,2,5,40,2,40000,60,20,70,7,10,4,4,2,4,3,7,3,5,4,5,5,4,2,1,1,2,1,2,40,2,50000,60,20,90,7,60,4,3,3,4,3,7,3,5,2,4,6,4,5,1,5,,Natural Sciences,5,1,Assistant Professor,1,1,2,,1,,1,,,,,,,,,,1,,,,1,1,"I enjoy teaching, and always sought a teaching-focused position; I am very happy to have gotten a tenure-track position at a sma",1,0,0,10000,-1,1,0,0,,1,7
1,2,3,50,2,45000,65,40,100,4,10,4,4,4,4,3,7,7,7,4,5,4,4,4,4,1,2,1,1,35,3,55000,65,65,100,4,51,4,4,4,4,7,3,6,6,4,4,4,4,4,4,4,,Psychology,1,2,Assistant Professor,1,1,2,,1,,,,,,,,,,,,,1,East Indian,,1,2,,1,-1,-15,10000,0,0,4,-4,1,1,6
1,1,5,45,2,40000,30,5,19,4,20,4,4,4,4,5,5,3,4,6,4,4,4,4,4,1,2,1,2,45,6,60000,30,10,91,5,61,4,4,4,4,4,6,5,5,4,4,4,4,4,4,4,,Psychology,1,1,Assistant professor,1,1,3,,1,,,,,,,,,,,,1,,,,1,2,,1,-4,0,20000,0,0,-1,1,1,2,3
1,2,5,45,1,41000,55,25,63,2,20,5,4,3,4,2,7,5,5,4,4,4,4,4,4,1,2,1,2,45,2,41000,50,20,82,5,50,5,5,5,5,4,5,5,5,4,4,4,4,4,4,2,,psychology,1,1,assistant Professor,1,1,2,,1,,,,,,,,,,,,1,,,,1,2,,1,-1,0,0,1,2,2,-2,1,1,7
1,2,5,38,1,68000,60,25,83,7,20,6,4,2,5,2,7,3,6,5,6,3,4,2,5,1,2,1,2,34,4,60000,55,15,85,4,60,6,2,3,5,5,7,4,5,4,6,5,6,2,3,4,,Psychology,1,1,Assistant Professor,1,1,2,,1,,,,,,,,,,,,1,,,,1,1,,1,-3,-4,-8000,-2,1,3,0,1,1,5
1,2,5,40,1,55000,40,0,90,1,1,5,4,1,5,1,6,2,1,7,5,3,2,1,6,1,2,1,3,30,1,45000,50,0,90,1,45,6,4,2,4,2,7,2,3,6,2,4,4,1,3,1,,Psychology,1,1,Assistant Professor,1,1,2,,1,,,,,,,,,,,,1,,,,1,2,,1,0,-10,-10000,0,1,1,1,1,1,8
1,1,5,40,2,50000,30,30,80,8,31,5,3,1,5,2,7,2,5,5,5,6,6,1,4,1,2,1,4,40,2,40000,30,30,80,5,64,5,2,2,4,2,7,2,5,5,5,6,6,2,5,1,,Psychology,1,1,Assistant Professor,1,1,2,,1,,,,,,,,,,,,1,,,,1,2,,1,0,0,-10000,-1,1,0,0,1,1,7
1,2,5,40,1,45000,50,25,20,4,10,4,3,2,4,2,6,1,4,5,5,4,4,3,4,1,2,1,2,40,3,50000,50,25,20,1,50,4,1,2,4,2,7,3,3,4,5,4,4,3,4,1,,Writing,3,1,Assistant professor,1,1,2,,1,,,,,,,,,,,,1,,,,1,1,,1,-2,0,5000,-2,0,0,1,3,1,6
1,2,5,45,3,85000,50,30,90,8,30,6,6,6,6,6,7,4,6,4,4,6,6,4,2,1,2,1,1,33,4,40000,50,30,90,1,80,7,1,1,3,3,7,6,4,4,4,7,7,4,5,1,,Writing/Rhetoric Dept.,3,1,Assistant Professor,1,1,3,,1,,,,,,,,,,,,1,,,,1,1,I can't wait to read the results!,1,-1,-12,-45000,-5,-5,-3,0,3,2,5
1,2,5,40,2,70000,65,30,66,5,26,4,4,2,4,4,7,3,7,5,4,5,4,4,4,1,2,1,2,40,4,65000,65,25,22,3,33,5,4,3,4,3,7,3,5,4,6,5,4,4,4,4,,English,3,1,Assistant Professor,1,1,3,,1,,,,,,,,,,,,1,,,,1,2,,1,-2,0,-5000,0,1,-1,0,3,2,5
1,2,2,40,1,50000,240,20,60,8,10,6,4,3,4,4,7,4,4,5,4,4,4,2,4,1,2,1,2,40,2,65000,60,20,80,5,50,6,4,4,4,5,6,5,5,4,4,5,4,4,4,2,,English,3,1,Assistant Professor of English and Writing Center Director,1,1,2,,1,,,,,,,,,,,,1,,,,1,1,,1,-1,0,15000,0,1,1,-1,3,1,7
1,2,5,40,1,65000,55,20,85,5,20,4,4,4,4,4,7,4,5,4,4,5,4,4,1,1,2,1,4,38,2,50000,60,20,85,3,40,4,4,4,4,4,7,4,5,4,4,5,4,4,1,2,,English,3,1,Assistant Professor/Director of composition,1,1,2,,1,,,,,,,,,,,,1,,,,1,2,,1,-1,-2,-15000,0,0,0,0,3,1,7
1,1,5,50,2,50000,45,35,50,8,24,6,6,5,4,3,7,4,6,3,6,4,4,2,2,1,2,1,3,50,2,50000,50,35,80,7,52,7,6,4,5,3,7,5,6,3,5,4,4,4,4,4,,English,3,1,Assitant Professor,1,1,2,,,,,,1,,,,,,,,1,,,,1,1,,1,0,0,0,0,-1,0,0,3,1,7
1,2,5,40,1,35000,60,30,83,7,27,4,4,3,4,4,6,3,4,4,4,4,4,2,4,1,2,1,2,40,2,40000,60,20,90,4,50,4,4,4,4,4,6,3,4,4,4,4,4,3,4,2,,Psych,1,1,Assoc prof,1,2,1,,1,,,,,,,,,,,,1,,,,1,1,,1,-1,0,5000,0,1,0,0,1,1,7
1,2,5,35,1,40000,55,30,40,2,29,6,6,3,5,2,7,2,5,6,6,6,5,2,6,1,2,1,2,30,4,55000,60,35,89,5,50,5,6,6,5,6,6,5,6,3,5,6,5,5,3,3,,Psychology,1,1,Assoc prof,1,2,1,,1,,,,,,,,,,,,1,,,,1,2,,1,-3,-5,15000,0,3,4,-1,1,1,5
1,2,5,30,1,45000,60,30,30,4,40,4,7,4,4,3,7,3,6,4,4,6,4,1,6,1,2,1,4,30,2,38000,50,0,20,2,50,6,3,3,4,2,7,3,4,4,4,6,4,2,4,1,,Writing & Rhetoric,3,1,Associate Director,,8,3,,1,,,,,,,,,,,,1,,,,1,2,,1,-1,0,-7000,-4,-1,-1,0,3,2,7
1,1,5,37,4,50000,50,0,30,7,38,4,6,3,4,2,7,4,4,4,5,5,4,2,2,1,2,1,1,42,4,55000,50,25,90,8,59,6,2,2,4,3,6,5,5,4,4,5,4,3,3,2,,Biological Sciences,2,1,Associate Professor,1,2,1,,1,,,,,,,,,,,,1,,,,1,2,,1,0,5,5000,-4,-1,1,-1,2,1,5
1,2,5,40,1,60000,35,0,50,7,60,5,4,4,4,2,6,4,4,4,4,4,4,4,4,1,2,1,2,35,4,75000,50,0,,3,51,4,4,4,4,4,6,4,4,4,4,4,4,4,4,6,,Biological Sciences,2,1,Associate Professor,1,2,1,,,,,1,,,,,,,,,1,,,,1,2,,1,-3,-5,15000,0,0,2,0,2,1,5
1,2,5,40,2,70000,55,25,91,4,30,6,6,4,4,5,7,4,7,5,5,5,5,2,5,1,2,1,1,40,2,65000,60,40,100,4,19,7,2,2,4,2,7,3,2,6,6,3,6,2,5,1,,English,3,1,Associate Professor,1,2,3,,1,,,,,,,,,,,,1,,,,1,2,,1,0,0,-5000,-4,-2,-3,0,3,2,7
1,2,5,40,1,60000,50,0,60,8,10,7,6,4,6,3,7,2,6,4,4,7,4,2,1,1,2,1,1,32,3,45000,50,0,95,5,60,7,6,4,6,5,7,3,5,5,4,7,4,3,1,2,,English,3,1,Associate Professor,1,2,1,,1,,,,,,,,,,,,1,,,,1,2,,1,-2,-8,-15000,0,0,2,0,3,1,6
1,2,5,40,2,45000,200,160,95,7,76,4,4,4,4,4,7,6,6,2,4,7,4,4,4,1,2,1,1,40,4,70000,200,160,97,7,88,4,4,4,4,5,7,6,4,4,4,6,4,4,4,3,,English,3,1,Associate Professor,1,2,1,,1,,1,1,,,,,,,,,,,,1,1,2,How can people judge the characters of these two individuals based on the limited information provided?,1,-2,0,25000,0,0,1,0,3,1,5
1,1,5,35,1,45000,55,40,60,3,10,,,2,,2,7,2,2,7,,4,4,1,7,1,2,1,2,38,2,50000,55,5,50,4,20,,2,2,,2,7,2,3,5,,2,,1,2,1,,English,3,1,Associate Professor,1,2,1,,1,,,,,,,,,,,,1,,,,1,1,,1,-1,3,5000,,0,0,0,3,1,7
1,1,5,45,2,70000,60,30,60,7,38,5,4,2,4,5,7,3,5,5,6,4,4,2,2,1,2,1,2,39,2,35000,65,20,80,4,21,5,3,2,4,3,7,2,5,4,4,4,4,2,2,1,,English,3,1,Associate Professor,1,2,1,,1,,,,,,,,,,,,1,,,,1,2,,1,0,-6,-35000,-1,0,-2,0,3,1,7
1,2,5,42,1,55000,50,20,90,8,10,5,5,3,5,5,7,3,6,2,6,5,5,1,1,1,2,1,2,42,1,45000,60,0,50,1,50,5,5,3,5,3,7,3,5,2,7,5,5,1,3,2,,English,3,1,Associate Professor,1,2,1,,1,,,,,,,,,,,,1,,,,1,1,,1,0,0,-10000,0,0,-2,0,3,1,8
1,2,5,40,1,75000,50,30,80,5,40,4,4,4,4,3,7,4,5,4,4,5,4,4,4,1,2,1,2,40,4,75000,50,30,100,5,60,4,3,4,4,3,7,4,5,4,4,5,4,4,4,1,,English,3,1,Associate Professor,1,2,1,,1,,,,,,,,,,,,1,,,,1,2,,1,-3,0,0,-1,0,0,0,3,1,5
1,2,5,55,2,65000,50,10,90,8,42,4,4,4,4,5,3,5,5,2,4,4,4,1,1,1,2,1,3,38,2,40000,40,12,50,3,50,4,4,4,4,4,5,4,3,5,4,4,4,1,,6,,English,3,1,Associate Professor,1,2,2,,1,,,,,,,,,,,,,,,1,1,3,"Some of these  questions require us to infer an awful lot. I don't particularly """"like"""" or dislike people based on so little in",1,0,-17,-25000,0,0,-1,2,3,1,7
1,2,5,50,2,65000,60,30,90,8,10,7,7,4,6,5,7,2,7,4,4,6,4,4,4,1,2,1,4,30,1,35000,60,40,10,2,10,4,1,2,5,1,7,2,3,7,4,4,4,4,6,2,,English,3,1,Associate Professor,1,2,1,,,,,1,,,,,,,,,,,,1,1,3,,1,1,-20,-30000,-6,-2,-4,0,3,1,8
1,2,5,28,3,65000,50,5,80,7,41,7,7,6,5,4,7,4,7,2,4,7,4,4,1,1,2,1,3,28,4,55000,50,0,80,4,60,5,3,4,5,4,7,4,4,4,4,5,6,4,2,3,,Environmental Sciences,5,1,Associate Professor,1,2,1,,1,,,,,,,,,,,,1,,,,1,2,"To explain my assumptions, I assumed that an associate professor at a community college is tenured, highly respected and essenti",1,-1,0,-10000,-4,-2,0,0,,1,5
1,2,5,35,2,65000,50,40,100,8,51,4,6,3,6,6,7,2,6,4,4,7,6,4,1,1,2,1,1,35,2,65000,50,40,100,3,71,6,4,5,6,6,7,2,4,4,4,7,6,4,4,2,,First Year Studies,7,1,Associate Professor,1,2,1,,1,,,,,,,,,,,,1,,,,1,2,,1,0,0,0,-2,2,0,0,,1,7
1,2,5,41,2,47000,40,10,71,5,23,3,5,3,4,3,7,3,3,6,4,5,4,2,4,1,2,1,2,33,2,42000,40,10,43,2,35,5,4,3,5,2,7,2,4,6,2,5,5,2,4,1,,Liberal Studies,5,1,Associate Professor,1,2,2,,1,,,,,,,,,,,,1,,,,1,2,"very interesting survey and I hope you'll publish results to WPA-list, where I received info about the survey!",1,0,-8,-5000,-1,0,-1,0,,1,7
1,1,5,40,2,30000,60,10,70,1,5,4,3,1,4,1,7,2,2,7,4,4,4,1,5,1,2,1,1,40,4,60000,60,20,100,4,50,6,4,3,4,4,7,3,4,4,4,4,4,2,4,1,,Psychology,1,1,Associate Professor,1,2,1,,1,,,,,,,,,,,,1,,,,1,1,"Unless the type of institution is explicit in the title (e.g., """"Rockford Community College""""), it is virtually impossible to di",1,-2,0,30000,1,2,3,0,1,1,5
1,2,5,44,2,64000,50,35,90,7,15,4,3,2,4,3,6,2,5,4,4,4,4,2,4,1,2,1,1,45,1,47000,50,25,60,7,20,4,3,2,4,2,6,2,6,4,4,4,4,2,4,1,,Psychology,1,1,Associate Professor,1,2,1,,1,,,,,,,,,,,,,,,1,1,1,,1,1,1,-17000,0,0,-1,0,1,1,8
1,1,5,45,2,45000,35,25,80,7,36,2,5,3,4,1,5,4,2,6,5,3,6,1,2,1,2,1,2,50,4,60000,30,20,75,5,60,6,5,4,6,4,5,4,5,6,5,5,4,3,4,1,,Psychology,1,1,Associate Professor,1,2,1,,,,,,1,,,,,,,,1,,,,2,1,,1,-2,5,15000,0,1,3,0,1,1,5
1,1,5,30,2,40000,,,,,20,,,,,,,,,,,4,4,3,4,1,2,1,2,35,2,40000,,10,55,2,49,,,,,,,,,,,4,4,3,4,2,,Psychology,1,1,Associate professor,1,2,2,,1,,,,,,,,,,,,1,,,,1,2,,1,0,5,0,,,,,1,1,7
1,2,5,35,1,50000,50,40,70,5,40,4,4,3,4,3,6,3,6,4,5,7,4,1,4,1,2,1,2,40,2,60000,60,40,95,7,75,4,5,5,4,6,5,6,5,6,4,6,4,4,4,5,,Psychology,1,1,Associate Professor,1,2,1,,1,,,,,,,,1,,,1,1,,,,1,3,,1,-1,5,10000,1,2,3,-1,1,1,7
1,2,5,40,2,50000,65,20,100,8,11,6,4,2,4,2,7,2,3,4,5,5,4,3,4,1,2,1,3,40,4,45000,60,20,100,5,26,7,5,3,5,3,7,3,4,4,5,5,4,3,4,4,,Sciences,5,1,Associate professor,1,2,1,,1,,,,,,,,,,,,1,,,,1,2,The rise in adjuncts is also a major concern (potentially covered by your lecturer/instructor component though that's generally,1,-2,0,-5000,1,1,1,0,,1,5
1,2,5,45,1,75000,250,65,60,7,50,4,7,4,5,5,7,2,7,4,2,7,4,4,3,1,2,1,1,45,2,75000,65,25,100,1,75,7,2,4,6,2,7,2,4,7,5,4,6,2,6,4,,Writing,3,1,Associate Professor,1,2,1,,1,,,,,,,,,,,,1,,,,1,2,,1,-1,0,0,-5,0,-3,0,3,1,7
1,1,5,45,2,45000,45,35,91,5,31,6,5,3,5,3,7,3,3,5,5,6,6,4,3,1,2,1,2,45,3,50000,45,35,80,5,38,6,3,3,5,4,7,3,3,5,4,6,6,3,4,5,,Biological Sciences,2,1,Associate Professor,1,2,1,,1,,,,,,,,,,,,1,,,,1,2,,1,-1,0,5000,-2,0,1,0,2,1,6
1,2,5,35,1,45000,50,20,51,8,8,4,4,5,4,2,7,4,5,5,5,6,5,2,5,1,2,1,1,45,4,60000,50,10,75,7,84,6,5,5,4,3,6,4,5,4,6,5,6,4,2,2,,English,3,1,Associate Professor,1,2,1,,1,,,,,,,,,,,,1,,,,1,2,,1,-3,10,15000,1,0,1,-1,3,1,5
1,1,5,40,1,45000,45,10,70,5,13,3,5,2,5,2,7,4,3,6,4,7,7,2,4,1,2,1,3,40,2,45000,50,0,50,1,30,3,1,2,4,1,7,2,2,6,4,6,7,2,4,6,,Biological Sciences,2,1,Community College Professor,0,9,1,,1,,,,,,,,,,,,1,,,,1,1,,1,-1,0,0,-4,0,-1,0,2,1,7
1,2,5,35,2,45000,50,10,,3,,5,5,3,5,4,7,5,5,5,4,5,5,3,3,1,2,1,3,35,2,45000,50,10,,4,,5,5,4,5,5,6,5,5,4,4,5,5,3,3,4,,Library,7,2,Dean,1,9,3,,1,,,,,,,,,,,,1,,,,1,2,You need to talk to the person who put this survey online. It's hard (sometimes impossible) to use.,1,0,0,0,0,1,1,-1,,2,7
1,2,5,45,3,50000,45,15,100,8,34,4,4,4,4,4,4,4,4,4,4,7,4,4,4,1,2,1,2,35,4,65000,45,15,100,4,49,4,4,4,4,4,4,4,4,4,4,7,4,4,4,6,,Biology,2,1,Faculty,0,9,1,,1,,,,,,,,,,,,1,,,,1,2,"Yes, faculty judge others based on title.  And teaching at a community college does not get a lot of respect in the academy.",1,-1,-10,15000,0,0,0,0,2,1,5
1,1,5,40,2,65000,50,40,50,5,20,5,4,3,4,4,1,4,4,4,4,5,4,3,2,1,2,1,1,35,4,60000,50,40,80,1,60,5,3,4,4,6,1,6,3,4,4,5,4,3,2,1,,English,3,1,Full Professor,1,3,1,,1,,,,,,,,,,,,1,,,,1,1,,1,-2,-5,-5000,-1,1,2,0,3,1,5
1,1,5,40,2,75000,55,10,85,4,29,4,4,3,4,5,7,2,4,4,4,4,4,1,3,1,2,1,2,35,4,60000,55,10,90,4,50,4,4,3,4,4,7,1,2,4,4,4,4,1,4,1,,English,3,1,Full Professor,1,3,1,,1,,,,,,,,,,,,1,,,,1,4,,1,-2,-5,-15000,0,0,-1,0,3,1,5
1,1,5,40,2,55000,200,100,65,8,25,4,4,2,4,4,7,4,4,4,4,4,4,4,4,1,2,1,3,40,4,75000,200,120,90,7,70,6,4,6,4,6,6,6,6,4,4,4,4,4,4,1,,English,3,1,Full Professor,1,3,1,,,,,,,1,Ph.D. in Creative Writing,,,,,,1,,,,1,1,,1,-2,0,20000,0,4,2,-1,3,1,5
1,2,5,35,2,51000,100,20,75,5,70,5,6,5,5,4,7,5,6,5,6,7,6,4,1,1,2,1,2,35,4,55000,100,25,90,7,75,6,6,5,6,5,7,5,6,4,6,6,5,4,1,6,,Psychology,1,1,Full Professor,1,3,1,,1,,,,,,,,,,,,1,,,,1,1,,1,-2,0,4000,0,0,1,0,1,1,5
1,2,5,30,1,49000,55,55,93,7,39,4,6,3,6,2,7,5,6,1,4,6,4,4,4,1,2,1,2,30,1,48000,55,55,97,2,70,7,3,6,6,4,7,4,6,2,4,7,7,4,4,5,,Psychology,1,1,Full Professor,1,3,1,,1,,,,,,,,,,,,1,,,,1,1,"Beth, when you are done, I am very interested in this study. I think this is fascinating. Comparing, presumably, community colle",1,0,0,-1000,-3,3,2,0,1,1,8
1,1,5,39,3,75000,50,40,100,8,14,6,5,2,5,3,7,6,6,4,6,5,5,4,2,1,2,1,4,45,2,65000,55,45,100,8,50,7,5,4,5,3,7,6,6,3,4,6,5,6,2,1,,Psychology,1,1,Grad student instructor,,,4,grad student,,,1,,,,,,1,,,,,,,,2,2,,0,1,6,-10000,0,2,0,0,1,,7
1,2,5,,2,50000,60,20,90,8,30,4,4,4,4,4,7,4,4,4,4,4,4,4,4,1,2,1,4,,4,45000,60,20,90,2,30,4,4,4,4,4,7,4,4,4,4,4,4,4,4,1,,Biochemistry,5,1,Instructor,0,6,3,,1,,,,,,,,,,,,1,,,,1,1,,1,-2,,-5000,0,0,0,0,,2,5
1,2,5,36,2,75000,60,60,100,8,50,7,7,4,7,3,7,5,7,2,4,7,4,4,1,1,2,1,3,36,6,75000,60,60,100,8,70,6,7,6,4,6,5,6,7,4,4,7,4,4,1,1,,Biology,2,1,Instructor,0,6,3,,1,,,,,,,,,,,,1,,,,1,2,,1,-4,0,0,0,2,3,-2,2,2,3
1,2,5,38,1,65000,55,5,60,4,9,4,4,1,4,1,7,2,5,3,3,5,4,3,1,1,2,1,1,35,2,45000,50,0,30,1,30,5,1,2,5,1,7,3,5,4,4,5,4,4,6,1,,English,3,1,Instructor,0,6,3,,,,,1,,,,,,,,,1,,,,1,2,"Enjoyed your questions.  Will you be sharing the results?  The moment you insert """"teaching"""" in an American university the pres",1,-1,-3,-20000,-3,1,0,0,3,2,7
1,2,5,55,1,50000,150,0,,4,0,6,6,3,5,2,7,5,3,5,2,6,6,7,5,1,2,1,2,35,4,60000,35,10,60,1,50,5,5,1,5,2,5,3,5,6,2,7,6,7,3,6,,English,3,1,Instructor,0,6,3,,,,,1,,,,,,,,,1,,,,1,2,,1,-3,-20,10000,-1,-2,0,-2,3,2,5
1,1,5,40,6,16000,18,0,30,2,70,5,3,4,4,3,6,3,5,5,3,5,4,4,4,1,2,1,4,40,2,80000,50,0,50,5,75,6,6,5,6,5,5,4,5,2,5,5,5,4,2,6,,English,3,1,Instructor,0,6,1,,,,,1,,,,,,,,,1,,,,1,2,,1,4,0,64000,3,1,2,-1,3,1,7
1,1,5,40,6,50000,50,20,40,4,30,4,4,3,4,4,7,5,6,4,4,5,4,4,4,1,2,1,2,40,4,55000,50,20,50,4,39,4,4,5,4,5,7,5,5,4,4,5,4,4,4,1,,Biological Sciences,2,1,Lecturer,0,4,3,,,,,1,,,,1,,,,,1,,,,1,1,,1,2,0,5000,0,2,1,0,2,2,5
1,2,5,45,2,30000,50,0,85,1,20,4,4,2,4,2,6,3,4,4,5,4,4,4,4,1,2,1,3,50,1,41000,55,40,95,2,35,5,4,4,4,4,6,3,5,4,5,4,4,4,4,1,,Psychology,1,1,Lecturer,0,4,3,,1,,,,,,,,,,,,1,,,,1,2,,1,1,5,11000,0,2,2,0,1,2,8
1,2,5,45,3,50000,55,5,50,1,15,4,5,2,4,4,7,5,4,4,5,4,4,4,4,1,2,1,3,36,6,50000,55,30,69,1,24,4,2,2,4,3,7,5,3,4,5,4,4,4,4,1,,Neurobiology and Behavior,1,1,Lecturer 10,0,4,3,,1,,,,,,,,,,,,1,,,,1,2,,1,-3,-9,0,-3,0,-1,0,1,2,3
1,2,5,32,6,30000,50,40,84,2,9,6,3,2,4,5,7,4,3,4,4,5,4,4,5,1,2,1,3,30,4,40000,50,40,88,2,33,5,2,4,4,5,7,4,3,4,4,5,4,4,5,6,,Psychology,1,1,Part time Faculty,0,9,3,,1,,,,,,,,,,,,1,,,,1,2,,1,2,-2,10000,-1,2,0,0,1,2,5
1,2,5,35,2,55000,40,10,35,4,29,4,7,4,4,2,7,3,5,4,4,6,4,2,3,1,2,1,2,35,4,55000,40,10,70,7,60,4,7,5,4,5,7,5,6,4,4,7,4,4,2,4,,Behavioral Sciences,1,1,Professor,1,3,1,,1,,,,,,,,,,,,1,,,,1,2,,1,-2,0,0,0,1,3,0,1,1,5
1,1,5,35,4,45000,60,30,75,8,30,4,4,2,4,2,7,4,4,4,4,4,4,2,4,1,2,1,1,35,4,55000,60,30,90,8,50,4,3,3,4,4,7,4,4,4,4,4,4,4,4,5,,Biological Sciences,2,1,Professor,1,3,1,,1,,,,,,,,,,,,1,,,,1,2,,1,0,0,10000,-1,1,2,0,2,1,5
1,2,5,35,1,48000,60,8,80,8,25,5,5,3,4,2,7,5,6,4,4,6,4,1,1,1,2,1,1,40,2,55000,50,6,50,3,40,5,3,4,4,4,6,5,5,4,4,5,4,1,1,6,,biological sciences,2,1,Professor,1,3,1,,1,,,,,,,,,,,,1,,,,1,2,"I do not think anyone can judge whether they like someone by their names/titles.  I also do not """"envy"""" others for jobs. / I pu",1,-1,5,7000,-2,1,2,-1,2,1,7
1,1,5,40,1,60000,50,5,75,7,30,5,5,3,4,3,7,6,7,4,4,6,6,2,1,1,2,1,3,30,4,50000,40,4,50,1,30,3,1,3,4,3,7,7,3,5,4,5,5,1,5,6,,Biological Sciences,2,1,Professor,1,3,1,,1,,,,,,,,,,,,1,,,,1,2,"I noticed a potential gender difference between your two putative faculty members.  I ranked them as if they were both men, but ",1,-3,-10,-10000,-4,0,0,0,2,1,5
1,2,5,27,3,60000,50,10,49,5,40,5,5,3,5,5,7,5,7,2,4,7,4,4,1,1,2,1,1,27,3,60000,60,10,98,5,61,5,5,6,5,5,7,6,6,3,4,7,4,4,1,3,,Biology,2,1,Professor,1,3,1,,1,,,,,,,,,,,,1,,,,1,2,,1,0,0,0,0,3,0,0,2,1,6
1,2,5,35,1,45000,50,20,95,5,30,5,5,3,5,3,7,5,6,4,4,4,4,3,1,1,2,1,4,35,2,45000,60,20,95,5,41,5,5,4,4,3,7,4,5,3,4,4,4,3,1,5,,Biology,2,1,Professor,1,3,1,,1,,,,,,,,,,,,1,,,,1,2,,1,-1,0,0,0,1,0,0,2,1,7
1,2,5,35,4,55000,40,5,100,5,16,5,5,2,5,3,7,4,5,3,5,5,5,5,2,1,2,1,2,30,4,40000,35,0,70,1,50,5,5,3,5,5,6,5,3,3,4,5,5,3,3,4,,Biology and Biochemistry,2,2,Professor,1,3,4,Institution doesn't grant tenure,1,,,,,,,,,,,,1,,,,1,2,Associate professor has more prestige in my mind than teaching associate professor.  At such a school are there two types of ass,0,0,-5,-15000,0,1,2,-1,2,,5
1,1,5,35,2,45000,50,40,70,4,10,4,5,4,5,3,6,4,4,5,5,6,4,3,4,1,2,1,1,29,2,44000,40,40,80,2,60,6,4,4,5,2,6,4,5,4,5,6,4,3,4,3,,English,3,1,Professor,1,3,1,,1,,,,,,,,,,,,1,,,,1,1,,1,0,-6,-1000,-1,0,-1,0,3,1,7
1,2,5,45,4,,50,30,90,7,20,5,5,3,4,3,7,5,4,4,4,6,4,4,1,1,2,1,1,45,3,,50,30,90,2,50,6,5,4,4,4,7,5,4,4,4,6,4,4,1,1,,English,3,1,Professor,1,3,1,,1,,,,,,,,,,,,1,,,,1,1,,1,1,0,,0,1,1,0,3,1,6
1,2,5,50,2,70000,60,40,66,5,10,6,5,4,5,4,7,4,5,3,4,7,5,4,4,1,2,1,1,50,4,75000,60,30,90,3,50,6,5,5,5,4,7,5,5,4,4,6,4,4,3,2,,English,3,1,Professor,1,3,1,,1,,,,,,,,,,,,1,,,,1,1,Thanks for doing this. I know enough about the contract and work conditions at UD to have perhaps read those into the questions,1,-2,0,5000,0,1,0,0,3,1,5
1,1,5,45,1,45000,50,20,75,2,10,4,4,2,4,2,7,2,3,7,5,5,4,1,3,1,2,1,4,45,2,55000,50,10,90,2,15,4,5,2,4,1,7,2,4,4,5,5,4,1,4,2,,English,3,1,Professor,1,3,1,,1,,,,,,,,,,,,1,,,,1,1,,1,-1,0,10000,1,0,-1,0,3,1,7
1,1,5,45,1,65000,36,8,50,5,5,3,4,2,4,2,6,5,4,6,5,5,4,1,2,1,2,1,4,41,2,57000,32,10,50,4,25,6,5,4,5,5,6,5,6,7,4,5,4,1,4,6,,English,3,1,Professor,1,3,1,,,,,1,,,,,,,,,1,,,,1,1,"At my college, the professors and instructors in the sciences and math dominate the college's committees mostly because they, un",1,-1,-4,-8000,1,2,3,0,3,1,7
1,2,5,43,1,78000,45,35,10,7,15,2,2,1,2,1,7,2,1,7,7,3,3,1,6,1,2,1,4,45,2,56000,60,15,10,1,4,6,1,3,4,5,7,5,5,6,7,5,5,1,6,5,,English,3,1,Professor,1,3,1,,1,,,,,,,,,,,,1,,,,1,1,,1,-1,2,-22000,-1,2,4,0,3,1,7
1,1,3,38,2,48500,65,40,100,7,38,6,5,5,6,7,7,5,6,4,4,5,5,4,4,1,2,1,2,43,2,45000,70,46,100,7,40,5,6,5,6,7,7,6,5,5,4,4,5,2,5,2,,"English, Linguistics, and Communication",3,1,Professor,1,3,1,,1,,,,,,,,,,,,1,,,,1,,,1,0,5,-3500,1,0,0,0,3,1,7
1,1,5,50,1,100000,80,80,87,8,20,7,7,7,7,7,7,7,7,4,7,7,7,4,4,1,2,1,1,50,4,100000,80,80,100,4,100,7,7,7,7,7,7,7,7,7,7,7,7,4,4,1,,medical social sciences,4,1,Professor,1,3,1,,1,,,,,,,,,,,,1,,,,1,1,,1,-3,0,0,0,0,0,0,,1,5
1,2,5,40,1,75000,45,15,86,5,30,5,5,4,5,5,6,4,5,6,5,5,4,4,4,1,2,1,3,40,2,80000,40,15,90,4,50,5,5,4,5,5,5,4,5,4,5,5,4,4,2,5,,Psychlogy,1,1,Professor,1,3,1,,1,,,,,,,,,,,,1,,,,1,2,,1,-1,0,5000,0,0,0,-1,1,1,7
1,1,5,34,2,50000,50,25,80,7,29,6,6,3,6,1,7,2,4,5,5,7,6,3,1,1,2,1,1,56,6,70000,60,40,100,8,71,5,7,5,2,2,2,4,3,3,4,4,4,5,3,1,,Psychological and Brain Sciences,1,1,Professor,1,3,3,,1,,,,,,,,,,,,1,,,,1,2,,1,-4,22,20000,1,2,1,-5,1,2,3
1,2,3,40,5,65000,60,30,95,8,50,4,4,4,4,7,7,7,6,4,4,5,4,4,4,1,2,1,1,50,2,35000,40,20,70,2,50,5,3,3,5,2,7,2,3,6,4,4,4,3,4,2,,Psychology,1,1,Professor,1,3,1,,1,,,,,,,,,,,,1,,,,1,1,,1,3,10,-30000,-1,-1,-5,0,1,1,7
1,2,5,35,1,35000,40,20,40,5,10,4,4,3,4,3,6,3,4,4,4,4,4,4,4,1,2,1,1,36,4,60000,50,30,90,5,50,4,4,4,4,5,4,5,5,4,4,4,4,4,4,1,,Psychology,1,1,Professor,1,3,1,,1,,,,,,,,,,,,1,,,,1,2,,1,-3,1,25000,0,1,2,-2,1,1,5
1,2,5,35,2,50000,40,5,71,7,29,6,6,6,5,1,6,2,5,4,5,6,5,1,2,1,2,1,1,30,2,45000,60,5,90,1,40,6,4,4,5,1,6,2,3,5,5,4,4,1,5,1,,psychology,1,1,professor,1,3,1,,1,,,,,,,,,,,,1,,,,1,1,,1,0,-5,-5000,-2,-2,0,0,1,1,7
1,2,5,45,2,45000,50,,49,4,9,4,4,3,4,3,7,3,4,5,4,4,4,4,4,1,2,1,2,45,2,45000,50,,70,5,31,4,4,3,4,2,4,4,4,4,4,4,4,4,4,1,,psychology,1,1,Professor,1,3,1,,1,,,,,,,,,,,,1,,,,1,2,"If you wanted to compare teaching associate professor to associate professor, perhaps both might have been from a pseudonym Univ",1,0,0,0,0,0,-1,-3,1,1,7
1,2,5,42,1,65000,55,30,90,8,50,6,6,4,6,5,7,7,7,2,4,7,7,1,1,1,2,1,2,42,5,65000,55,30,95,7,50,6,6,6,6,6,7,7,7,4,4,7,7,1,1,4,,Psychology,1,1,Professor,1,3,1,,1,,,,,,,,,,,,1,,,,1,1,,1,-4,0,0,0,2,1,0,1,1,4
1,2,5,35,1,68000,55,20,75,4,10,5,4,4,4,1,7,2,6,4,4,4,4,4,4,1,2,1,2,35,4,55000,50,15,75,2,25,4,4,4,4,3,5,5,4,5,4,4,4,4,4,4,,psychology,1,1,professor,1,3,1,,1,,,,,,,,,,,,1,,,,1,1,,1,-3,0,-13000,0,0,2,-2,1,1,5
1,2,5,50,2,50000,30,0,70,4,10,5,5,4,4,2,6,3,5,4,5,4,4,3,3,1,2,1,2,45,3,60000,34,0,90,5,25,6,4,4,5,4,7,4,5,4,5,5,4,3,3,2,,Psychology,1,1,Professor,1,3,1,,1,,,,,,,,,,,,1,,,,1,1,,1,-1,-5,10000,-1,0,2,1,1,1,6
1,2,5,40,1,44000,60,0,50,8,33,6,5,3,4,1,7,2,5,2,6,5,5,2,4,1,2,1,2,35,1,38000,60,20,0,2,50,6,3,1,5,1,7,2,5,4,7,5,5,2,5,6,,Psychology,1,1,Professor,1,3,1,,1,,,,,,,,,,,,1,,,,1,2,,1,0,-5,-6000,-2,-2,0,0,1,1,8
1,1,5,35,1,40000,50,20,50,8,20,4,5,2,4,2,7,3,4,6,4,5,5,2,5,1,2,1,3,40,2,45000,50,30,68,3,28,6,4,3,4,2,7,3,4,3,4,6,5,3,3,2,,Psychology,1,1,Professor,1,3,1,,1,,,,,,,,,,,,1,,,,1,2,"Great project. On our campus, adjuncts are called """"associate faculty""""'which is always confused with associate (tenured) profes",1,-1,5,5000,-1,1,0,0,1,1,7
1,2,5,35,1,55000,45,20,81,4,9,6,5,3,4,4,7,4,5,5,4,6,4,1,1,1,2,1,3,35,4,65000,45,25,90,8,62,7,6,5,6,5,7,5,6,2,4,5,5,1,1,2,,Psychology,1,1,Professor,1,3,1,,1,,,,,,,,,,,,1,,,,1,2,,1,-3,0,10000,1,2,1,0,1,1,5
1,1,5,45,2,45000,45,0,85,4,20,4,4,4,4,2,6,3,5,6,4,5,4,2,5,1,2,1,4,40,2,50000,54,0,90,2,30,5,3,3,4,2,6,3,5,6,4,,,,,1,,Psychology,1,1,Professor,1,3,1,,1,,,,,,,,,,,,1,,,,1,1,,1,0,-5,5000,-1,-1,0,0,1,1,7
1,2,5,50,1,60000,40,0,64,4,9,3,5,1,6,1,7,2,3,4,4,4,4,4,4,1,2,1,4,35,4,65000,50,40,91,5,49,5,5,5,5,6,6,7,6,4,4,4,4,4,4,8,also adjunct at 4 year school,Psychology,1,1,Professor,1,3,1,,1,,,,,,,,,,,,1,,,,1,2,,1,-3,-15,5000,0,4,5,-1,1,1,5
1,2,5,35,2,52000,50,15,70,2,10,4,4,3,5,6,7,6,5,5,5,5,5,2,2,1,2,1,2,40,3,60000,55,15,90,4,75,4,5,5,5,7,6,7,6,3,5,4,5,2,2,2,,Social Sciences,4,2,Professor,1,3,4,n/a,,,,,1,,,,,,,,1,,,,1,1,,0,-1,5,8000,1,2,1,-1,,,6
1,2,5,40,2,60000,60,0,59,7,50,4,5,4,4,4,7,3,4,4,4,4,4,4,4,1,2,1,4,40,4,65000,50,10,91,7,50,5,5,4,4,5,7,5,4,4,4,4,4,4,4,2,,,,1,professor,1,3,1,,1,,,,,,,,,,,,1,,,,1,2,,1,-2,0,5000,0,0,1,0,,1,5
1,2,5,40,4,50000,55,35,87,7,22,4,5,3,6,5,7,5,5,3,5,6,6,4,1,1,2,1,2,37,4,50000,55,20,69,4,43,7,5,4,4,5,7,4,4,3,4,6,7,4,1,1,,"Molecular, Cellular, Developmental biology",2,1,Professor,1,3,1,,1,,,,,,,,,,,,1,,,,1,2,,1,0,-3,0,0,1,0,0,2,1,5
1,2,5,35,1,70000,240,180,50,5,40,4,4,4,4,4,6,4,6,4,4,6,4,4,1,1,2,1,1,35,2,70000,240,180,100,4,55,5,4,4,4,4,6,4,5,4,4,6,4,4,2,1,,Interdisciplinary Humanities and Technical Communicatioin,6,1,Professor  and Dean,1,3,1,,1,,,,,,,,,,,,1,,,,1,1,,1,-1,0,0,0,0,0,0,,1,7
1,1,5,38,5,68000,52,0,81,7,15,4,3,1,4,2,7,5,6,7,3,5,5,4,6,1,2,1,1,40,5,58000,44,0,100,1,40,4,2,2,3,1,6,4,3,3,5,4,4,1,5,1,,Biological Sciences,2,1,Professor (full),1,3,1,,1,,,,,,,,,,,,1,,,,1,1,,1,0,2,-10000,-1,1,-1,-1,2,1,4
1,2,5,30,1,50000,50,10,70,7,20,4,4,4,4,3,7,3,6,3,4,5,4,3,2,1,2,1,1,30,2,50000,50,10,80,3,30,4,4,4,4,3,7,3,4,4,4,5,4,3,2,2,,Psychological Science,1,1,Professor and Chair,1,3,1,,1,,,,,,,,,,,,1,,,,1,1,,1,-1,0,0,0,0,0,0,1,1,7
1,1,5,45,1,45000,50,20,90,2,14,5,4,1,4,2,7,2,2,3,4,5,5,2,4,1,2,1,4,38,2,35000,55,20,81,2,15,6,4,3,6,2,7,2,5,2,4,5,5,3,4,2,,Psychology,1,1,Professor and Department Head,1,3,1,,1,,,,,,,,,,,,1,,,,1,2,,1,-1,-7,-10000,0,2,0,0,1,1,7
1,1,5,45,4,425000,30,20,40,4,30,4,4,4,4,4,7,4,4,4,4,4,4,1,4,1,2,1,1,35,4,45000,50,30,70,4,30,4,4,4,4,4,7,5,5,3,4,4,4,2,4,4,,Biological Sciences,2,1,Professor of Biology emerita,1,3,4,Professor emerita,1,,,,,,,,,,,,1,,,,1,2,Teaching faculty are some of the best at large Universitites.  The ones I know are usually the ones who are really liked by stud,0,0,-10,-380000,0,0,0,0,2,,5
1,1,5,40,4,90000,,,,,,,,,,,,,,,,,,,,1,2,1,4,45,3,65000,40,40,100,8,49,4,4,4,4,2,6,2,3,4,6,4,4,1,4,1,,English,3,1,Professor of English,1,3,1,,,,,,1,,,,,,,,1,,,,1,1,I had no idea of the terms of a biology professor. Don't really know any.,1,1,5,-25000,,,,,3,1,6
1,2,5,40,2,70000,70,35,95,8,40,5,5,4,4,5,6,4,6,4,4,4,4,4,4,1,2,1,1,40,4,70000,70,35,98,8,50,6,4,4,4,5,6,4,4,4,4,4,4,4,4,1,,Zoology,2,1,Professor of Teaching,0,3,1,,1,,,,,,,,,,,,1,,,,1,2,"No matter what you title a person, it is impossible to know things like if they are liked, well esteemed or have children.  A pe",1,-2,0,0,-1,0,0,0,2,1,5
1,1,5,38,4,50000,,,,,,4,4,1,4,1,7,1,1,7,4,3,3,1,5,1,2,1,1,35,4,50000,,,,,,6,1,2,4,3,7,6,4,4,4,4,5,1,2,1,,Biological Sciences,2,1,Senior Lecturer,0,5,3,,1,,,,,,,,,,,,1,,,,1,2,,1,0,-3,0,-3,1,2,0,2,2,5
1,2,5,34,1,65000,55,20,50,7,30,4,4,3,4,3,7,4,6,4,4,4,4,4,4,1,2,1,2,35,2,40000,60,20,66,2,50,6,4,4,6,3,7,3,4,4,4,4,4,4,4,2,,English,3,1,Senior Lecturer,0,5,3,,,,,1,,,,,,,,,1,,,,2,1,,1,-1,1,-25000,0,1,0,0,3,2,7
1,2,5,,2,45000,50,40,90,8,30,4,4,4,4,2,6,4,4,4,4,4,4,4,4,1,2,1,2,,2,50000,50,40,90,2,50,4,4,4,4,3,6,4,4,4,4,4,4,4,4,1,,Psychology,1,1,Senior Lecturer,0,5,3,,1,,,,,,,,,,,,1,,,,1,1,,1,0,,5000,0,0,1,0,1,2,7
1,2,5,35,2,50000,50,10,100,8,50,7,7,5,7,1,7,5,5,5,7,5,5,2,3,1,2,1,3,32,2,50000,50,10,100,3,61,7,6,3,7,2,7,3,5,5,7,5,5,4,5,1,,Psychology,1,1,Senior Lecturer,0,5,3,,1,,,,,,,,,,,,1,,,,1,2,"lots of overlapping variables - type of institution and job title were different, I click next to soon - I said 50,000 for the A",1,0,-3,0,-1,-2,1,0,1,2,7
1,2,5,40,1,55000,50,0,80,8,10,6,6,2,4,2,7,2,5,5,4,5,4,2,4,1,2,1,1,40,5,55000,40,0,100,8,80,6,6,6,5,6,4,5,6,2,4,6,5,5,1,1,,Writing Institute,3,1,Senior Lecturer/Director,0,5,3,,1,,,,,,,,,,,,1,,,,1,2,,1,-4,0,0,0,4,4,-3,3,2,4
1,2,5,38,2,65000,50,20,80,5,9,3,4,2,3,2,6,3,3,6,6,5,5,2,3,1,2,1,4,45,3,55000,50,20,100,8,30,6,5,5,6,3,7,4,6,2,5,6,6,4,2,4,,Psychology,1,1,Visiting Assistant Professor,0,1,3,,1,,,,,,,,,,,,1,,,,1,2,,1,-1,7,-10000,1,3,1,1,1,2,6
1,2,5,35,5,60000,20,0,95,1,5,5,6,5,4,7,6,4,6,7,4,4,4,7,4,1,2,1,3,35,2,50000,40,25,40,1,15,4,2,2,4,3,7,4,4,4,4,4,4,4,4,2,,Educatio,7,1,Writing Center Director,0,8,3,,,,,1,,,,,,,,,1,,,,1,2,,1,3,0,-10000,-4,-3,-4,1,,2,7
1,1,5,37,1,48000,32,0,100,1,20,7,5,5,6,6,7,5,5,7,6,7,6,1,3,1,2,1,2,35,3,54000,120,0,100,3,60,7,5,5,6,2,7,3,6,7,7,7,5,1,1,1,,english,3,1,,,,1,,,,,1,,,,,,,1,,,,,,1,2,,1,-2,-2,6000,0,0,-4,0,3,1,6
1,2,5,40,2,60000,40,10,80,8,30,5,6,3,4,3,7,2,6,3,5,6,4,5,1,1,2,1,1,35,4,40000,,,,,,,,,,,,,,,,,,,,,,,,,,,,,,,,,,,,,,,,,,,,,,,,,,-2,-5,-20000,,,,,,,5
1,2,5,35,3,42000,55,35,80,5,10,5,5,3,5,4,7,2,4,5,5,5,5,3,3,1,2,1,3,35,4,51000,55,35,95,4,75,6,3,2,5,4,7,5,4,4,5,6,6,5,2,,,,,,,,,,,,,,,,,,,,,,,,,,,,,,,-1,0,9000,-2,-1,0,0,,,5
1,1,5,43,2,40000,65,5,21,4,19,7,,1,7,5,7,5,6,4,5,6,6,4,1,2,1,1,2,38,3,42000,65,10,82,2,42,8,4,3,5,4,5,3,5,5,5,4,5,4,4,1,,English,3,1,Adjunct,0,7,4,No,,,,1,,,,,,,,,1,,,,1,2,,0,-1,-5,2000,,2,-1,-2,3,,6
1,1,5,45,2,55000,50,20,90,7,10,4,7,5,4,6,7,5,5,7,6,6,4,4,1,2,1,1,4,35,4,50000,40,15,70,5,50,7,4,5,5,4,5,7,3,5,5,5,5,4,5,4,,English,3,1,Adjunct Faculty,0,7,3,,,,,1,,,,,,,,,1,,,,1,2,,1,-2,-10,-5000,-3,0,-2,-2,3,2,5
1,2,5,30,4,40000,50,20,19,2,4,5,5,4,5,4,6,6,6,6,6,6,6,1,2,2,1,1,3,40,2,60000,50,30,60,4,50,8,4,5,5,5,6,5,6,6,2,6,5,4,2,2,,Christian Ministries,7,2,Adjunct Professor,0,7,3,,,,,1,,,,,1,,,,,,,,1,2,i looked more at the college rather than the title.  Universities have more prestige than community colleges. Teaching associate,1,2,10,20000,-1,1,1,0,,2,7
1,2,5,35,4,80000,40,25,49,4,51,4,4,4,4,4,4,4,4,4,4,4,4,4,4,2,1,1,4,35,4,80000,40,25,49,4,49,4,4,4,4,4,4,4,4,4,4,4,4,4,4,4,,Environmental Science,5,1,Adjunct Professor,0,7,3,,,,,1,,,,,,,,,1,,,,1,1,,1,0,0,0,0,0,0,0,,2,5
1,2,5,50,1,50000,50,10,50,4,10,5,5,4,5,4,7,4,5,4,4,4,4,4,4,2,1,1,2,50,3,60000,50,30,90,4,50,5,5,4,4,4,6,5,5,5,5,4,4,4,4,6,,Psychology,1,2,adjunct professor,0,7,4,retired from full-time; now adjunct. no tenure at this institution,,,,,,1,EdD,,,,,,1,,,,1,1,i did not pay any attention to the tagged titles. probably my bias is showing -- they'd make no difference at my institution.,0,-2,0,10000,0,0,0,-1,1,,6
1,2,5,50,1,50000,50,20,70,5,20,4,2,2,4,2,5,3,4,5,5,4,4,4,4,2,1,1,2,40,4,70000,60,40,100,7,60,5,4,4,5,4,6,4,5,5,4,3,4,4,4,4,,Behavioral Sciences,1,2,Assistant Professor,1,1,2,,1,,,,,,,,,,,,1,,,,1,2,,1,-3,-10,20000,2,2,2,1,1,1,5
1,2,5,40,2,75000,60,40,90,4,10,4,4,4,4,4,7,4,4,4,4,4,4,4,4,2,1,1,1,40,4,75000,60,40,95,3,10,4,4,4,4,4,4,7,4,4,4,4,4,4,4,1,,Biological Sciences,2,1,Assistant Professor,1,1,2,,1,,,,,,,,,,,,1,,,,1,2,,1,-2,0,0,0,0,0,-3,2,1,5
1,1,5,40,2,45000,20,0,40,3,0,2,3,1,2,1,6,1,1,7,5,1,3,1,5,2,1,1,3,40,4,55000,30,0,85,4,60,6,6,6,1,4,1,6,1,4,5,5,5,5,3,2,,Biological Sciences,2,1,Assistant Professor,1,1,2,,1,,,,,,,,,,,,1,,,,1,1,,1,-2,0,10000,3,5,3,-5,2,1,5
1,1,5,45,6,50000,80,40,81,8,50,5,5,5,5,3,7,5,6,4,4,6,6,5,1,2,1,1,4,35,6,60000,80,30,75,4,50,6,6,5,5,5,4,7,5,5,5,4,6,6,1,1,,Chemistry,5,1,Assistant Professor,1,1,2,,1,,,,,,,,,,,,1,,,,1,2,,1,0,-10,10000,1,0,2,-3,,1,3
1,2,5,40,1,48000,53,40,61,7,22,6,5,2,5,2,7,2,5,4,4,5,4,2,4,2,1,1,2,45,2,48000,55,30,90,2,65,3,5,3,2,5,3,7,4,3,3,4,5,4,2,4,,Education Studies,7,1,Assistant Professor,1,1,2,,1,,,,,,,,,,,,1,,,,1,2,"My prior teaching experience was at two doctoral universities that had """"teaching"""" appended to non-TT positions--and, in fact, ",1,-1,5,0,0,1,3,-4,,1,7
1,1,5,40,2,40000,50,40,100,5,11,4,5,3,4,4,7,4,4,6,4,5,4,4,4,2,1,1,1,45,4,60000,50,40,100,7,80,5,5,5,5,4,7,4,5,6,4,4,5,4,4,2,,English,3,1,Assistant professor,1,1,2,,1,,,,,,,,,,,,1,,,,1,2,,1,-2,5,20000,0,2,0,0,3,1,5
1,1,5,40,1,45000,55,40,85,7,15,6,4,2,4,2,7,2,6,4,4,5,4,3,5,2,1,1,1,38,2,50000,50,20,85,5,50,3,7,5,2,7,3,7,2,7,2,4,6,5,2,1,,English,3,1,Assistant Professor,1,1,2,,1,,,,,,,,,,1,,,,,,1,2,,1,-1,-2,5000,3,3,5,-4,3,1,7
1,2,5,45,1,55000,55,35,55,7,20,4,5,3,4,2,7,4,6,5,5,5,5,2,3,2,1,1,1,27,2,42000,50,30,65,1,30,3,3,2,2,3,1,7,3,1,7,2,6,6,1,4,,English,3,1,Assistant Professor,1,1,2,,1,,,,,,,,,,,,1,,,,1,2,,1,-1,-18,-13000,-2,-1,1,-6,3,1,7
1,2,5,42,1,78000,55,45,77,8,18,5,5,5,,5,7,5,7,3,4,5,4,4,4,2,1,1,1,42,2,65000,55,45,90,7,49,4,6,5,5,5,4,7,5,5,4,4,5,4,4,2,,English,3,2,Assistant Professor,1,1,4,Institution does not have tenure; am in tenure-equivalent position,1,,,,,,,,,,,,1,,,,1,1,,0,-1,0,-13000,1,0,0,-3,3,,7
1,2,5,40,2,,60,15,90,7,20,,5,3,,2,7,2,6,5,,5,4,2,2,2,1,1,1,40,4,,60,15,100,4,70,4,,5,4,5,2,7,4,6,4,,5,5,2,1,,English,3,1,Assistant Professor,1,1,2,,1,,,,,,,,,,,,1,,,,1,2,,1,-2,0,,,2,3,-5,3,1,5
1,2,5,32,1,36000,50,50,76,4,58,5,5,5,5,4,6,4,6,4,5,5,5,2,2,2,1,1,2,40,4,55000,50,30,90,7,57,4,5,5,5,5,5,5,4,5,3,5,5,5,2,1,,English,3,1,Assistant Professor,1,1,2,,1,,,,,,,,,,,,,,,1,1,2,,1,-3,8,19000,0,0,1,-1,3,1,5
1,2,2,42,4,60000,55,55,85,8,50,5,5,5,5,6,4,5,6,4,4,5,4,1,1,2,1,1,2,38,2,40000,55,55,50,1,50,3,6,3,3,6,3,7,4,4,5,4,6,4,2,1,,English,3,1,Assistant Professor,1,1,2,,1,,,,,,,,,,,,1,,,,1,1,,1,2,-4,-20000,1,-2,0,-1,3,1,7
1,2,5,25,2,40000,50,50,80,5,20,7,7,6,7,6,7,4,5,5,5,6,6,4,4,2,1,1,3,35,2,45000,50,50,90,7,30,3,7,7,4,7,5,7,5,7,4,4,7,7,4,1,,English,3,1,Assistant Professor,1,1,2,,1,,,,,,,,,,,,1,,,,1,2,"I struggled to answer a lot of these questions, especially where I was asked to rate how happy the person is and whether or not ",1,0,10,5000,0,1,1,-2,3,1,7
1,2,5,40,1,45000,50,20,50,5,19,4,5,5,5,4,7,2,5,4,4,5,4,4,4,2,1,1,4,40,4,55000,50,10,100,5,50,3,4,5,5,5,5,4,4,5,4,4,4,4,4,2,,English and Philosophy,3,1,Assistant Professor,1,1,2,,1,,,,,,,,,,,,1,,,,1,2,,1,-3,0,10000,-1,0,1,-2,3,1,5
1,2,5,40,4,40000,35,15,50,2,25,4,5,3,4,2,7,3,7,4,4,5,4,1,2,2,1,1,2,28,5,50000,25,15,75,2,50,3,6,5,5,5,2,6,5,7,4,3,5,5,2,1,,Liberal Arts,7,1,Assistant Professor,1,1,3,,,,,1,,,,,,,,,1,,,,1,2,,1,-1,-12,10000,1,2,3,-5,,2,4
1,1,5,35,2,40000,50,40,99,4,10,4,4,2,4,2,6,4,4,3,4,6,4,4,4,2,1,1,1,35,4,55000,60,40,99,5,70,5,4,3,3,4,5,6,4,4,3,4,6,4,4,1,,Psychology,1,1,Assistant Professor,1,1,2,,1,,,,,,,,,,,,1,,,,1,1,,1,-2,0,15000,0,1,2,-1,1,1,5
1,1,5,35,2,35000,50,10,70,8,8,6,6,2,7,1,7,1,3,4,7,7,7,4,1,2,1,1,1,40,2,45000,60,20,99,7,80,11,6,2,2,6,2,7,3,1,2,1,6,4,1,2,,Psychology,1,1,Assistant Professor,1,1,2,,1,,,,,,,,,,,,1,,,,1,2,,1,0,5,10000,0,0,5,-5,1,1,7
1,2,5,40,2,45000,40,0,90,8,10,5,5,2,4,2,6,2,6,5,5,4,4,3,5,2,1,1,1,40,2,50000,40,0,85,3,60,3,6,3,3,5,2,6,3,3,4,4,4,4,3,4,,Psychology,1,1,Assistant Professor,1,1,2,,1,,,,,,,,,,,,1,,,,1,2,,1,0,0,5000,1,1,3,-4,1,1,7
1,2,5,45,1,70000,260,100,100,5,10,6,5,2,4,1,7,3,6,4,6,7,6,3,3,2,1,1,1,40,4,50000,200,100,60,5,40,4,7,2,2,5,4,7,5,6,4,5,6,6,6,5,,Psychology,1,1,Assistant Professor,1,1,2,,1,,,,,,,,,,,,1,,,,1,2,,1,-3,-5,-20000,2,0,4,-3,1,1,5
1,2,5,40,1,55000,60,0,90,8,30,6,6,2,6,5,7,2,7,1,4,7,7,2,2,2,1,1,1,40,6,80000,60,20,100,8,60,4,6,6,6,6,6,5,4,7,4,4,7,7,2,4,,Psychology,1,1,Assistant Professor,1,1,2,,1,,,,,,,,,,,,1,,,,1,2,I forgot that it was associate teaching professor and not just associate professor as I was filling out the second survey. This,1,-5,0,25000,0,4,1,-1,1,1,3
1,2,5,35,1,45000,80,40,80,8,55,6,6,5,6,2,7,4,7,6,4,7,7,4,4,2,1,1,1,35,4,55000,85,40,100,7,65,2,7,6,6,6,3,7,4,6,4,4,6,6,4,2,,Psychology,1,2,Assistant Professor,1,1,4,School has done away with tenure. Has evergreen contract,1,,,,,,,,1,,,,,,,,2,1,"I'm glad to see some universities opting to include """"Teaching"""" in titles.",0,-3,0,10000,1,1,4,-4,1,,5
1,2,5,35,1,45000,45,40,55,7,20,4,4,4,4,3,7,3,4,4,4,4,4,4,4,2,1,1,2,35,2,50000,50,0,70,4,45,3,4,3,4,4,3,6,3,4,4,4,4,4,4,1,,Psychology,1,1,Assistant Professor,1,1,2,,1,,,,,,,,,,,,1,,,,1,1,,1,-1,0,5000,0,-1,1,-4,1,1,7
1,2,5,40,2,45000,40,20,60,8,50,3,2,2,3,3,7,2,4,4,3,5,5,2,4,2,1,1,2,35,2,45000,40,40,50,4,70,3,7,4,4,4,2,6,3,6,2,4,5,5,4,1,,Psychology,1,1,Assistant Professor,1,1,2,,1,,,,,,,,,,,,1,,,,1,2,,1,0,-5,0,5,2,1,-5,1,1,7
1,2,5,40,2,50000,55,40,85,5,15,5,4,2,4,4,7,4,5,4,5,5,4,4,4,2,1,1,2,40,2,60000,55,40,90,5,40,4,5,4,4,4,5,7,5,5,4,5,4,4,4,1,,Psychology,1,1,Assistant Professor,1,1,2,,1,,,,,,,,1,,,,,,,,2,2,,1,0,0,10000,1,2,0,-2,1,1,7
1,2,5,55,1,45000,55,25,75,4,20,4,4,4,4,2,7,5,5,4,4,4,4,4,4,2,1,1,3,55,3,50000,55,25,75,4,20,3,4,4,4,4,5,7,4,4,4,4,4,4,4,2,,Psychology,1,1,Assistant Professor,1,1,2,,1,,,,,,,,,,,,1,,,,1,1,,1,-2,0,5000,0,0,2,-2,1,1,6
1,2,5,40,1,48000,50,25,71,2,22,4,6,5,4,5,7,7,7,1,4,6,3,4,1,2,1,1,4,40,3,52000,50,25,90,7,28,4,5,6,5,4,7,3,6,6,4,4,6,4,1,6,,Psychology,1,2,Assistant Professor,1,1,3,,,,,1,,,,,,,,,1,,,,1,2,,1,-2,0,4000,-1,1,-1,0,1,2,6
1,2,5,40,2,53000,50,10,50,2,10,5,5,3,4,3,7,5,5,2,4,6,6,4,4,2,1,1,4,40,4,62000,50,20,65,4,25,3,4,5,4,4,5,5,5,5,4,4,5,5,4,6,,Psychology,1,2,Assistant Professor,1,1,3,,1,,,,,,,,,,,,1,,,,1,2,,1,-2,0,9000,-1,2,1,-2,1,2,5
1,2,5,35,2,70000,50,20,65,7,1,5,5,4,4,3,7,4,5,4,4,7,4,4,1,2,1,1,1,35,4,75000,50,20,90,7,50,3,6,4,5,4,5,7,5,5,4,4,7,4,4,5,,Writing Studies,3,1,Assistant Professor,1,1,2,,1,,,,,,,,,,,,1,,,,1,2,,1,-2,0,5000,1,0,1,-2,3,1,5
1,2,5,32,2,60000,60,40,90,8,20,4,5,2,4,2,7,3,3,5,4,5,4,2,4,2,1,1,4,35,3,60000,60,60,90,4,30,3,5,2,2,4,2,6,2,2,5,4,4,4,3,1,,Curriculum and Instruction,7,1,Assistant Professor,1,1,2,,1,,,,,,,,,,,,1,,,,1,2,,1,-1,3,0,0,0,2,-5,,1,6
1,2,5,40,1,40000,50,0,71,7,30,4,4,5,4,2,6,3,3,5,5,4,4,4,5,2,1,1,1,45,4,55000,50,25,100,2,60,7,4,4,6,4,5,6,6,6,2,5,6,4,4,1,,Program in Biological Sciences,2,1,Assistant Professor of Instruction,0,1,3,,1,,,,,,,,,,,,1,,,,1,2,,1,-3,5,15000,0,-1,2,-1,2,2,5
1,2,5,45,2,50000,65,48,90,7,20,5,3,2,5,3,7,3,5,4,5,6,6,4,4,2,1,1,1,35,4,60000,65,48,100,1,50,4,5,3,3,5,4,7,4,4,4,4,5,5,4,1,,Biological sciences,2,1,Assistant teaching professor,0,1,2,,1,,,,,,,,1,,,,,,,,1,1,,1,-2,-10,10000,2,1,2,-3,2,1,5
1,1,5,40,2,35000,60,20,100,8,20,4,4,1,4,1,7,2,2,6,4,4,4,4,4,2,1,1,1,40,2,45000,60,40,100,1,49,3,4,4,2,4,1,7,3,3,4,6,4,4,4,3,,Biological Sciences,2,1,Associate Professor,1,2,1,,1,,,,,,,,,,,,1,,,,1,2,,1,0,0,10000,0,3,3,-6,2,1,7
1,1,2,48,4,62000,45,35,90,8,9,2,4,5,4,5,5,5,5,4,4,5,5,3,4,2,1,1,1,43,2,45000,50,35,100,2,40,3,5,4,4,5,3,6,3,4,6,5,5,5,2,2,,Biological Sciences,2,1,Associate Professor,1,2,1,,1,,,,,,,,,,,,1,,,,1,1,,1,2,-5,-17000,1,-1,0,-2,2,1,7
1,1,5,35,2,40000,50,30,71,8,0,6,6,1,4,1,7,2,5,4,4,6,4,1,5,2,1,1,2,40,2,50000,40,15,90,4,29,3,6,4,5,6,3,6,4,5,5,4,5,4,1,1,,Biological Sciences,2,1,Associate Professor,1,2,1,,1,,,,,,,,,,,,1,,,,1,1,,1,0,5,10000,0,3,5,-4,2,1,7
1,1,5,50,2,48000,50,8,10,1,10,4,4,1,4,1,7,3,4,4,4,5,4,1,5,2,1,1,3,35,3,46000,50,12,90,4,50,3,4,4,4,5,1,7,4,4,5,4,5,4,1,2,,Biological Sciences,2,1,Associate Professor,1,2,1,,1,,,,,,,,,,,,1,,,,1,1,,1,-1,-15,-2000,0,3,4,-6,2,1,6
1,2,5,45,1,50000,200,50,95,1,41,4,4,4,4,4,7,6,6,4,4,7,4,4,4,2,1,1,3,45,3,55000,240,60,100,8,60,7,4,4,4,4,6,7,5,4,4,4,4,4,4,4,,Biological Sciences,2,1,Associate Professor,1,2,1,,1,,,,,,,,,,,1,,,,,2,2,I think the questions are very subjective. How could I figure out whether I like a person with almost no information. The titles,1,-2,0,5000,0,0,0,-1,2,1,6
1,2,5,40,2,65000,45,30,70,5,25,5,5,2,4,2,7,2,5,4,4,4,4,4,4,2,1,1,2,35,4,55000,50,25,90,5,40,3,6,5,3,4,3,6,5,5,4,4,4,4,4,1,,Biologival Sciences,2,1,Associate Professor,1,2,1,,1,,,,,,,,,,,,1,,,,1,1,,1,-2,-5,-10000,1,3,2,-4,2,1,5
1,2,5,60,1,45000,30,5,30,2,20,4,4,2,4,2,7,3,3,5,4,4,4,2,1,2,1,1,2,40,3,50000,40,20,90,7,50,3,5,4,4,4,6,6,6,5,4,4,4,4,3,1,,Education,7,1,Associate Professor,1,2,1,,1,,,,,,,,,,,,1,,,,1,1,,1,-2,-20,5000,1,2,2,-1,,1,6
1,1,5,43,1,60000,55,40,40,7,10,4,4,2,4,2,7,2,5,4,5,7,4,1,2,2,1,1,1,44,2,60000,50,30,90,1,40,3,7,3,2,5,4,7,2,3,4,5,7,4,1,1,,English,3,1,Associate professor,1,2,1,,1,,,,,,,,,,,,1,,,,1,2,,1,-1,1,0,3,1,3,-3,3,1,7
1,2,5,40,1,45000,36,15,50,2,35,4,4,4,4,4,7,4,4,4,4,4,4,4,4,2,1,1,2,35,5,55000,36,15,50,1,35,8,4,4,4,4,4,7,4,4,4,4,4,4,4,6,,English,3,2,Associate Professor,1,2,3,,,,,1,,,,,,,,,1,,,,1,1,,1,-4,-5,10000,0,0,0,-3,3,2,4
1,1,5,30,2,50000,55,40,70,4,15,4,5,3,6,1,7,1,7,4,5,4,4,4,4,2,1,1,4,30,4,50000,55,40,90,1,24,3,4,3,3,6,2,7,2,5,6,5,4,4,4,1,,English,3,1,Associate Professor,1,2,1,,1,,,,,,,,,,1,,,,,,1,2,,1,-2,0,0,-1,0,5,-5,3,1,5
1,1,2,45,4,80000,40,40,100,8,2,4,4,6,4,7,3,3,6,3,3,4,4,4,4,2,1,1,4,35,1,60000,60,50,100,2,2,6,7,4,4,4,1,7,5,6,5,5,7,4,4,2,,English,3,1,Associate Professor,1,2,1,,1,,,,,,,,,,1,,,,,,1,2,"I'm uncomfortable with the options you offered.  It feels as if these options are designed towards a very specific outcome, and ",1,3,-10,-20000,3,-2,-3,-2,3,1,8
1,2,5,45,1,55000,50,35,90,8,30,5,5,3,5,2,7,2,6,2,4,6,6,3,2,2,1,1,4,35,3,50000,45,35,95,5,75,4,7,6,3,6,5,7,5,6,2,4,7,7,2,3,,English,3,1,Associate Professor,1,2,1,,1,,,,,,,,,,,,1,,,,1,2,,1,-2,-10,-5000,2,3,4,-2,3,1,6
1,2,5,40,2,60000,60,30,70,8,10,4,4,2,4,1,7,4,5,2,4,7,4,1,4,2,1,1,3,35,4,60000,60,30,100,2,30,6,4,4,4,4,6,4,4,4,4,6,7,4,1,3,,Interdisciplinary Studies (I am a biologist),7,1,Associate Professor,1,2,1,,1,,,,,,,,,,,,1,,,,1,2,,1,-2,-5,0,0,2,3,-1,,1,5
1,2,5,45,2,50000,40,0,50,8,10,5,4,2,4,2,7,2,5,5,5,3,4,2,5,2,1,1,1,35,2,60000,60,0,75,2,50,15,6,3,2,6,3,7,3,5,4,5,4,4,2,2,,Life Sciences,2,1,Associate Professor,1,2,1,,1,,,,,,,,,,,,1,,,,1,2,"In my experience few people outside of academia understand the meaning of these titles, but academics take them very seriously. ",1,0,-10,10000,2,1,4,-4,2,1,7
1,2,5,50,2,50000,50,10,80,7,50,4,6,3,5,6,7,3,6,4,4,6,4,3,4,2,1,1,1,50,3,45000,50,10,100,,80,10,6,5,5,4,3,7,3,4,3,4,6,4,3,5,,Mathematics and Natural Sciences,5,1,Associate Professor,1,2,1,,1,,,,,,,,,,,,1,,,,1,1,,1,-1,0,-5000,0,2,-2,-4,,1,6
1,2,5,40,4,40000,70,20,80,5,40,5,4,4,4,4,6,4,4,4,4,4,4,4,4,2,1,1,2,40,4,50000,60,20,100,2,40,0,4,5,4,4,4,5,4,4,4,4,4,4,4,1,,Molecular Biosciences,2,1,Associate Professor,1,2,1,,1,,,,,,,,,,,,1,,,,1,1,,1,0,0,10000,0,1,0,-2,2,1,5
1,1,5,38,1,45000,50,15,60,5,20,4,4,2,4,1,7,2,4,4,4,4,4,2,1,2,1,1,1,35,2,50000,55,20,80,3,60,7,4,2,2,4,2,6,2,2,5,5,4,4,2,5,,psychology,1,1,associate professor,1,2,1,,1,,,,,,,,,,,,1,,,,1,2,,1,-1,-3,5000,0,0,3,-5,1,1,7
1,2,5,35,2,45000,40,0,50,4,40,5,5,3,5,4,7,5,7,4,4,6,6,4,2,2,1,1,1,35,2,55000,40,0,50,3,50,4,4,3,4,4,4,7,4,4,4,4,6,5,4,1,,Psychology,1,1,Associate Professor,1,2,1,,1,,,,,,,,,,,,1,,,,1,2,Best of luck with your project!,1,0,0,10000,-1,0,0,-3,1,1,7
1,2,5,35,2,55000,50,10,83,3,28,5,5,3,4,3,6,3,4,4,4,6,4,4,4,2,1,1,2,45,3,60000,50,25,92,8,58,4,4,4,4,4,5,3,4,5,4,4,5,4,4,2,,Psychology,1,1,Associate Professor,1,2,1,,,,,,1,,,,,,,,1,,,,1,1,,1,-1,10,5000,-1,1,1,-1,1,1,6
1,2,5,35,1,53000,60,15,70,4,0,7,6,1,6,1,7,4,5,1,1,6,4,2,5,2,1,1,2,30,3,47000,60,20,100,4,50,6,6,3,1,6,1,7,4,5,2,1,7,4,4,4,,Psychology,1,1,Associate Professor,1,2,2,,1,,,,,,,,1,,,,1,,,,1,2,,1,-2,-5,-6000,0,2,5,-6,1,1,6
1,2,5,50,1,50000,45,25,90,8,50,5,5,4,4,2,7,2,6,2,4,4,4,1,1,2,1,1,3,40,2,42000,50,25,100,8,50,3,6,5,5,4,5,7,4,6,4,4,4,4,1,2,,Psychology,1,,Associate Professor,1,2,1,,1,,,,,,,,,,,,1,,,,1,1,,1,-1,-10,-8000,1,1,2,-2,1,1,7
1,2,5,40,1,60000,44,0,25,4,10,4,4,2,4,1,7,2,6,4,4,6,4,2,4,2,1,1,3,40,2,55000,45,0,85,7,20,3,4,4,4,4,5,6,5,6,4,4,6,4,1,2,,Psychology,1,1,Associate Professor,1,2,1,,1,,,,,,,,,,,,1,,,,1,2,,1,-1,0,-5000,0,2,3,-2,1,1,7
1,1,5,35,6,10000,9,0,51,1,11,6,1,5,4,5,5,6,6,4,4,4,4,4,6,2,1,1,4,35,2,50000,30,10,99,4,31,2,4,4,6,4,5,7,5,6,4,4,5,4,4,5,,Psychology,1,1,Associate Professor,1,2,3,,,,,1,,,,,,,,,1,,,,1,2,,1,4,0,40000,3,-1,-1,0,1,2,7
1,2,5,45,2,55000,52,15,50,7,20,4,4,4,4,2,6,2,4,4,4,6,4,2,1,2,1,1,4,45,4,65000,58,15,90,7,50,3,4,4,4,4,5,6,2,4,4,4,6,4,4,4,,Psychology,1,1,Associate Professor,1,2,1,,1,,,,,,,,,,,,1,,,,1,1,,1,-2,0,10000,0,0,2,-1,1,1,5
1,2,5,40,2,60000,50,40,50,4,50,4,4,2,4,2,6,3,4,4,3,4,4,4,5,2,1,1,1,40,4,60000,50,40,90,4,70,5,5,3,3,4,3,5,4,4,4,2,4,4,4,1,,Psychology and Philosophy,1,1,Associate Professor,1,2,1,,1,,,,,,,,,,,,1,1,Jewish American,,1,2,Interesting study! I would like to see the results.,1,-2,0,0,1,1,2,-3,1,1,5
1,1,5,32,2,40000,100,0,51,4,20,4,5,5,4,3,6,5,4,5,4,4,4,4,4,2,1,1,3,30,3,45000,96,0,70,7,60,6,4,5,4,4,5,6,5,5,4,4,4,4,4,3,,social science,4,1,associate professor,1,2,1,,1,,,,,,,,,,,,1,,,,1,1,,1,-1,-2,5000,-1,0,1,-1,,1,6
1,2,5,36,2,35000,40,10,21,4,22,4,4,4,4,5,6,2,5,4,4,4,4,4,4,2,1,1,1,36,4,45000,50,10,61,4,50,4,4,3,4,4,5,4,4,4,4,4,4,4,4,1,,Social Sciences,4,1,Associate Professor,1,2,1,,1,,,,,,,,,,,,1,,,,1,3,,1,-2,0,10000,0,-1,-1,-1,,1,5
1,1,5,40,1,35000,80,0,100,8,9,4,5,1,4,5,7,4,5,7,4,5,4,4,5,2,1,1,2,40,1,35000,80,0,84,8,36,4,5,4,2,4,1,7,4,4,7,4,5,4,4,3,,Social Sciences,4,1,Associate Professor,1,2,1,,1,,,,,,,,,,,,,,,1,2,2,The survey is somewhat bizarre.,1,0,0,0,0,3,-1,-6,,1,8
1,2,5,40,2,50000,50,30,70,8,70,4,7,5,4,5,7,6,7,1,4,7,4,4,1,2,1,1,4,40,2,50000,50,30,90,8,70,3,4,7,5,4,5,7,6,7,1,4,7,4,4,1,,Writing and Rhetoric Studies,3,1,Associate Professor,1,2,1,,1,,,,,,,,,,,,1,,,,1,2,This seems to be more of a study on perceptions of position based on institutional affiliation. My sense is that given both posi,1,0,0,0,-3,2,-1,-2,3,1,7
1,2,5,34,2,40000,60,20,50,4,20,5,5,3,5,2,7,5,5,5,4,7,4,2,3,2,1,1,3,38,4,50000,60,20,70,8,30,3,5,5,5,4,5,5,4,5,4,4,7,4,3,1,,Biological Sciences,2,1,Associate Teaching Professor,0,2,3,,1,,,,,,,,,,,,1,,,,1,2,"I think faculty do judge other faculty based on their title, when the general public does not.  The public doesn't understand th",1,-2,4,10000,0,2,2,-2,2,2,5
1,2,3,35,2,75000,50,20,95,4,30,4,4,4,4,4,6,4,4,4,4,4,4,3,4,2,1,1,2,35,4,85000,60,30,100,4,60,7,4,4,4,4,5,4,4,4,4,4,4,4,4,1,,Psychology,1,1,Course Instructor,0,6,3,,,,,1,,,,,,,,,1,,,,1,2,,1,-2,0,10000,0,0,0,-1,1,2,5
1,2,5,32,1,48000,50,15,80,7,30,6,6,4,5,4,7,5,5,2,4,6,4,2,2,2,1,1,1,35,4,55000,40,20,95,7,60,5,6,6,5,5,5,5,5,5,2,4,6,4,2,6,,Psychology,1,1,Full Professor,1,3,1,,1,,,,,,,,,,,,1,,,,1,2,,1,-3,3,7000,0,2,1,-2,1,1,5
1,2,5,45,1,100000,60,20,60,7,10,6,6,1,5,1,7,1,4,2,6,6,4,1,1,2,1,1,2,55,2,60000,60,20,79,3,50,5,6,2,2,6,1,7,1,5,6,6,5,4,1,4,,English,3,1,Full Professor and Department Head,1,3,1,,1,,,,,1,,,,,,,1,,,,1,2,,1,-1,10,-40000,0,1,5,-6,3,1,7
1,1,5,40,2,50000,40,20,50,4,20,5,4,3,4,2,7,3,4,4,4,5,4,3,2,2,1,1,2,30,4,50000,40,20,75,3,70,3,5,3,3,4,3,6,4,3,4,4,4,4,3,2,,Biology,2,1,Instructor,0,6,3,,,,,1,,,,,,,,,1,,,,1,1,I viewed teaching associate professor as definitely lower than I would have viewed associate professor.,1,-2,-10,0,1,0,2,-4,2,2,5
1,2,5,40,4,50000,60,0,61,8,22,4,4,4,4,4,7,6,4,4,4,4,4,4,4,2,1,1,3,45,4,60000,50,40,69,5,51,3,4,4,4,4,4,7,6,4,4,4,4,4,4,1,,Integrative Biology,2,1,Instructor,0,6,3,,1,,,,,,,,,,,,1,,,,1,2,,1,0,5,10000,0,0,0,-3,2,2,5
1,2,2,55,2,85000,45,5,70,8,21,5,5,2,5,2,6,2,5,5,6,4,4,,4,2,1,1,2,,2,96000,45,5,50,7,55,6,3,3,3,3,3,3,3,3,3,3,4,4,,2,,Leadership,4,2,Instructor,0,6,3,,,,,1,,,,,,,,,,1,Western European and American Indain,,1,1,,1,0,,11000,-2,1,1,-3,,2,7
1,1,5,40,4,50000,45,25,70,7,20,5,5,3,5,5,7,4,5,3,5,6,4,4,3,2,1,1,1,40,4,60000,50,20,90,4,30,3,7,5,4,5,4,7,3,6,3,6,6,4,5,1,,Biological Sciences,2,1,Lecturer,0,4,3,,1,,,,,,,,,,,,1,,,,1,2,,1,0,0,10000,2,2,0,-3,2,2,5
1,1,5,40,1,45000,50,30,100,2,4,5,5,2,6,4,7,5,4,5,6,4,4,1,1,2,1,1,4,40,4,55000,50,40,100,8,21,5,7,4,4,4,5,7,6,6,4,6,6,4,1,1,,English,3,1,Lecturer,0,4,3,,1,,,,,,,,,,,,1,,,,1,2,,1,-3,0,10000,2,2,0,-2,3,2,5
1,2,5,45,2,70000,70,10,100,8,40,3,6,7,6,7,4,2,6,6,6,4,4,1,4,2,1,1,1,40,2,60000,70,30,100,4,70,3,7,4,5,6,2,7,2,4,4,4,5,7,1,1,,Writing,3,1,Lecturer with Security of Employment (equivalent to associate-level tenured position),0,4,4,"Yes, but it's called """"security of employment."""" The firing/grievance process is identical to research faculty tenure process",1,,,,,,,,,,,,,,,1,1,3,The University of California system has two kinds of tenure: Ladder-rank faculty (research faculty) who go through typical tenur,0,0,-5,-10000,1,-3,-1,-2,3,,7
1,2,5,40,2,50000,55,40,75,7,19,5,4,2,4,1,7,3,3,4,4,4,4,4,4,2,1,1,2,40,2,55000,50,40,90,3,50,4,5,4,3,4,3,7,,5,3,4,4,4,4,1,,English,3,1,Postdoctoral Teaching Fellow,,,3,,1,,,,,,,,,,,,1,,,,1,2,,1,0,0,5000,1,2,3,-4,3,2,7
1,1,5,35,4,60000,50,0,60,5,19,4,5,2,4,5,7,5,5,6,4,5,4,3,4,2,1,1,1,28,6,50000,50,20,90,1,50,6,5,3,3,5,6,6,6,4,4,4,5,4,3,1,,Biological Sciences,2,1,Professor,1,3,1,,1,,,,,,,,,,,,1,,,,1,1,,1,-2,-7,-10000,0,1,0,-1,2,1,3
1,2,5,66,1,52000,45,35,71,5,30,5,5,5,5,2,7,3,6,4,6,6,6,2,3,2,1,1,1,33,6,77000,45,40,100,7,77,8,3,2,5,4,6,3,6,6,2,3,3,3,4,1,,Biology,2,1,Professor,1,3,1,,1,,,,,,,,,,,,1,,,,1,1,,1,-5,-33,25000,-2,-3,2,-1,2,1,3
1,1,5,35,4,50000,50,50,60,4,20,6,5,3,4,3,7,7,6,5,5,4,4,4,4,2,1,1,1,35,4,60000,50,50,90,4,21,6,6,5,3,4,6,7,7,,3,5,4,4,4,1,,Chemistry & Biochemistry,5,1,Professor,1,3,1,,1,,,,,,,,,,,,1,,,,1,1,,1,0,0,10000,1,2,1,-1,,1,5
1,2,5,40,1,45000,50,40,81,4,10,5,5,3,4,4,7,1,5,4,5,4,4,4,4,2,1,1,1,40,2,50000,50,25,90,4,72,3,5,3,3,4,3,6,3,4,4,4,4,4,4,2,,English,3,1,Professor,1,3,1,,1,,,,,,,,,,,,1,,,,1,2,,1,-1,0,5000,0,0,0,-4,3,1,7
1,2,5,25,1,45000,60,0,10,3,21,4,5,2,4,2,7,3,4,5,4,6,4,2,4,2,1,1,1,45,5,60000,60,40,95,5,50,3,5,4,3,4,5,5,5,5,4,4,6,4,2,2,,English,3,1,Professor,1,3,1,,1,,,,,,,,,,,,1,,,,1,2,,1,-4,20,15000,0,2,2,-2,3,1,4
1,1,5,50,1,65000,20,8,80,8,40,4,6,5,4,4,7,4,6,4,4,5,3,2,4,2,1,1,2,45,2,60000,20,10,69,4,50,3,4,4,4,4,5,5,4,5,3,5,5,4,3,6,,English,3,1,Professor,1,3,1,,,,,1,,,,,,,,,1,,,,1,2,,1,-1,-5,-5000,-2,-1,0,-2,3,1,7
1,1,5,35,1,45000,55,15,65,5,13,5,4,5,4,2,6,3,3,5,4,5,4,3,4,2,1,1,2,35,2,60000,60,30,90,7,31,4,5,5,5,4,6,6,5,6,4,4,5,4,2,2,,English,3,1,Professor,1,3,1,,1,,,,,,,,,,,,1,,,,1,1,"In the highest degree box, you should distinguish termnal master's degrees (MFA, MSW, MBA) form those that aren't (MA, MS)",1,-1,0,15000,1,0,2,0,3,1,7
1,2,5,40,1,45000,60,20,75,7,20,5,4,2,4,5,7,2,5,4,4,5,4,2,4,2,1,1,2,40,2,53000,60,30,90,7,30,4,5,4,4,4,4,6,4,4,4,4,5,5,4,2,,English,3,1,Professor,1,3,1,,1,,,,,,,,,,,,1,,,,1,2,,1,-1,0,8000,1,2,-1,-3,3,1,7
1,1,5,55,1,42000,60,30,70,7,10,4,4,3,3,2,6,1,5,7,5,5,3,1,1,2,1,1,4,35,4,67000,50,30,90,7,15,3,6,4,4,6,5,4,2,7,5,6,5,5,4,2,,English,3,1,Professor,1,3,1,,1,,,,,,,,,,,,1,,,,1,2,,1,-3,-20,25000,2,1,4,-1,3,1,5
1,2,5,35,2,52000,45,20,70,4,50,4,3,2,4,3,4,3,4,4,4,4,5,3,3,2,1,1,1,35,6,56000,50,40,90,2,70,9,3,4,5,4,6,4,6,6,3,3,5,6,7,6,,Interdisciplinary Studies (Psychology),7,2,Professor,1,3,4,There is no tenure track at my institution,1,,,,,,,,,,,,1,,,,2,2,,0,-4,0,4000,0,2,1,2,,,3
1,1,5,35,2,45000,60,25,10,3,19,4,4,2,4,2,7,4,4,4,6,4,4,4,4,2,1,1,3,50,4,60000,45,10,2,1,19,3,4,4,4,4,2,6,5,2,4,2,4,4,4,6,,Mathematics and Biological Sciences,5,1,Professor,1,3,1,,,,,1,,,,,,,,,1,,,,1,2,"I think it is an interesting study, and I would have to agree that the general public may not judge on titles, but people within",1,-2,15,15000,0,2,2,-5,,1,5
1,1,4,35,4,80000,40,20,100,8,31,4,3,2,4,5,7,5,4,5,4,3,4,1,5,2,1,1,1,30,4,70000,40,20,100,1,71,3,6,2,2,4,4,7,5,2,5,4,3,4,1,1,,Psychology,1,1,Professor,1,3,1,,1,,,,,,,,1,,,,,,,1,2,2,,1,0,-5,-10000,3,0,-1,-3,1,1,5
1,1,5,38,1,60000,60,40,82,2,10,6,6,2,4,4,6,3,3,6,4,4,4,2,6,2,1,1,1,40,6,65000,60,60,80,3,50,4,6,5,2,5,3,6,2,2,5,4,4,4,2,1,,Psychology,1,1,Professor,1,3,1,,1,,,,,,,,,,,,1,,,,1,1,,1,-5,2,5000,0,3,1,-3,1,1,3
1,2,3,40,3,70000,50,40,98,8,22,4,4,4,4,6,6,6,6,6,6,7,6,2,4,2,1,1,1,40,2,60000,50,20,91,3,39,5,5,3,2,4,3,,2,3,2,5,5,5,2,6,,psychology,1,1,Professor,1,3,1,,,,,,,1,Ed.d.,,,,,,1,,,,1,1,,1,1,0,-10000,1,-1,-2,-3,1,1,7
1,2,5,37,2,50000,40,35,40,3,20,5,5,5,5,2,6,3,5,4,4,4,5,4,2,2,1,1,2,37,4,65000,40,10,70,5,60,3,5,5,6,5,6,5,5,5,2,5,5,5,6,2,,Psychology,1,1,Professor,1,3,1,,1,,,,,,,,,,,,1,,,,1,1,,1,-2,0,15000,0,0,3,0,1,1,5
1,2,5,35,1,55000,50,20,75,8,10,4,4,4,4,4,7,6,5,4,4,7,7,4,1,2,1,1,4,35,1,55000,50,20,81,8,16,3,4,4,4,4,3,7,5,5,4,4,7,7,4,4,,Psychology,1,1,Professor,1,3,1,,1,,,,,,,,,,,,1,,,,1,1,"""""teaching professor"""" seems to imply a restricted definition of a faculty position as would """"research professor""""",1,0,0,0,0,0,0,-4,1,1,8
1,2,5,45,3,60000,50,25,70,7,20,6,5,4,5,3,7,4,5,4,4,6,4,1,1,2,1,1,2,45,4,55000,50,25,70,2,35,4,5,4,4,4,3,6,4,4,4,4,6,4,1,4,,Biology & Biochemistry,2,2,Professor,1,3,4,"we do not have a tenure system, but I am a """"permanent"""" faculty member",1,,,,,,,1,,,,,1,,,,1,1,,0,-1,0,-5000,0,0,1,-4,2,,5
1,2,5,47,1,70000,45,23,95,8,23,6,6,3,6,2,7,5,6,6,4,7,5,5,1,2,1,1,2,45,3,65000,40,10,100,1,58,3,5,2,2,5,5,6,4,5,7,4,7,6,1,1,,English,3,1,Professor (Teaching Track),0,3,3,,1,,,,,,,,,,,,1,,,,1,2,"I am a non-tenure track full professor and I dislike how the phrase """"teaching track"""" seems to indicate a much lower rank than ",1,-2,-2,-5000,-1,-1,3,-2,3,2,6
1,2,5,32,4,40000,40,0,59,3,20,5,4,2,5,1,6,1,4,6,4,4,4,1,3,2,1,1,4,32,2,56000,40,40,80,5,50,5,6,4,3,5,3,6,2,5,2,4,5,4,2,3,,Psychology & Sociology,1,1,Professor and Chair,1,3,1,,1,,1,,,,,,,,,,1,,,,1,1,,1,2,0,16000,2,2,4,-3,1,1,7
1,2,5,45,1,75000,50,30,71,3,50,4,4,4,4,2,7,4,6,4,4,7,4,4,4,2,1,1,2,45,3,65000,50,20,90,2,50,3,7,3,3,4,3,1,5,5,5,5,7,4,4,1,,Biology,2,1,Professor of Biology,1,3,1,,1,,,,,,,,,,,,,1,European American,,2,2,I would like to receive the results of this study after they were analyzed,1,-2,0,-10000,3,-1,2,-4,2,1,6
1,2,5,50,1,65000,80,80,91,8,10,7,7,1,4,7,7,4,7,7,1,4,4,4,4,2,1,1,2,35,5,85000,60,0,100,8,5,3,4,4,4,4,7,4,4,7,4,1,4,4,4,6,,English,3,1,Professor of English,1,3,1,,1,,,,,,,,,,,,1,,,,1,2,,1,-4,-15,20000,-3,3,-3,0,3,1,4
1,1,5,40,1,60000,40,25,90,8,4,5,5,2,5,2,7,2,6,2,6,6,6,2,4,2,1,1,1,35,4,50000,60,25,100,1,69,3,7,2,2,7,4,7,5,1,2,6,6,6,2,1,,Psychology,1,1,Professor of Instruction,1,3,3,,1,,,,,,,,,,,,1,,,,1,2,Very interesting.  Good luck!,1,-3,-5,-10000,2,0,5,-3,1,2,5
1,1,5,40,1,75000,55,2,66,4,20,4,3,2,5,2,7,5,5,2,4,7,4,2,2,2,1,1,3,45,6,110000,40,30,97,2,57,3,4,2,5,4,3,7,5,4,2,4,4,4,2,6,,Biological sciences,2,1,Professor of Microbiology,1,3,1,,1,,,,,,,,,,,,1,,,,1,2,"Professor as a title garners much more respect among academics, students, and community than instructor.  I felt differently abo",1,-5,5,35000,1,0,2,-4,2,1,3
1,2,5,38,4,35000,50,40,95,1,25,5,3,3,4,4,7,7,5,6,4,6,4,3,5,2,1,1,1,38,4,40000,50,40,95,3,70,5,5,4,4,4,6,7,7,5,4,4,5,4,4,1,,Center for Life Sciences Education,2,1,Program Assistant,0,9,3,,,,1,,,,,,,,,,,1,,,1,2,,1,0,0,5000,2,1,0,-1,2,2,5
1,2,5,38,2,60000,50,25,100,7,0,6,4,2,6,3,7,4,6,5,6,6,4,2,1,2,1,1,2,42,2,60000,45,25,70,2,14,5,6,2,1,4,2,7,2,5,4,4,7,4,5,1,,Biology,2,1,Senior Lecturer,0,5,3,,1,,,,,,,,,,,,1,,,,1,2,,1,0,4,0,2,0,1,-5,2,2,7
1,2,5,35,2,75000,45,45,100,7,20,4,4,5,4,6,6,5,5,5,4,6,4,2,3,2,1,1,1,33,5,59000,45,40,85,2,50,3,5,5,4,4,4,7,4,4,4,4,6,4,2,1,,Biological Sciences,2,1,Senior Lecturer,0,5,3,,1,,,,,,,,,,,,1,,,,1,2,"As a non-tenure track faculty, I pay close attention to titles.  For example, at my institution, instructors are temporary facul",1,-3,-2,-16000,1,0,-2,-2,2,2,4
1,2,5,45,1,80000,60,30,100,8,30,7,7,4,6,4,7,3,6,3,3,5,5,3,4,2,1,1,2,40,4,70000,50,20,100,1,50,4,7,7,5,5,2,7,3,3,3,3,6,6,4,1,,English,3,1,Senior Lecturer,0,5,3,,1,,,,,,,,,,,,1,,,,1,2,"Interesting to perhaps this study, I have been an outside-hired department chair at two institutions (liberal arts universities ",1,-3,-5,-10000,0,3,1,-5,3,2,5
1,2,5,35,2,45000,60,20,75,4,40,5,6,2,6,3,7,4,6,4,6,7,4,3,4,2,1,1,2,35,6,65000,60,40,100,7,60,3,6,6,6,6,7,7,6,7,4,5,6,4,5,4,,English,3,1,"Senior Lecturer in English and Director, Writing Program",0,5,3,,1,,,,,,,,,,,,1,,,,1,2,I'll be interested in how you analyze your results. /  / Good luck!,1,-4,0,20000,0,4,3,0,3,2,3
1,2,5,38,1,98000,60,8,85,8,80,4,7,7,7,6,5,5,7,5,6,6,6,6,2,2,1,1,1,32,2,45000,60,10,60,1,79,3,4,4,5,7,5,6,6,6,2,5,6,6,6,1,,English,3,1,Term Lecturer,0,4,3,,1,,,,,,,,,1,,,,,,,1,2,,1,-1,-6,-53000,-3,-3,1,0,3,2,7
1,1,5,40,2,40000,60,50,90,8,5,6,6,3,4,4,6,6,4,4,5,5,4,4,5,2,1,1,1,35,2,50000,60,60,85,4,50,3,7,6,4,5,4,6,6,5,4,5,5,5,5,1,,English,3,1,Visiting Assistant Professor,0,1,3,,1,,,,,,,,,,,,1,,,,1,1,,1,0,-5,10000,1,3,1,-2,3,2,7
1,2,5,40,6,55000,50,10,50,5,20,5,5,2,5,2,6,2,6,3,5,5,4,3,1,2,1,1,1,40,4,65000,70,20,95,5,60,4,5,3,3,4,3,5,4,4,4,5,5,4,3,4,,Psychology,1,1,Visiting Assistant Professor,0,1,3,,1,,,,,,,,1,,,,1,,,,1,2,"why does everyone put """"male"""" first??? it's not even in alpha order; but thanks for having a trans option",1,2,0,10000,0,1,2,-3,1,2,5
1,2,5,42,1,60000,60,20,51,7,18,4,4,2,4,2,6,2,5,3,4,5,5,4,4,2,1,1,1,42,2,65000,65,20,61,4,40,4,5,4,3,4,3,6,2,5,4,4,5,5,4,4,,Psychology,1,1,Visiting Assistant Professor,0,1,3,,1,,,,,,,,,,,,1,,,,1,2,"Interesting study. Yes, I immediately assumed the """"teaching faculty"""" was in more of a lectureship position. Good luck!",1,-1,0,5000,1,2,2,-3,1,2,7
1,1,5,45,4,50000,200,0,8,8,5,4,6,4,6,3,7,7,6,2,4,7,7,1,1,2,1,1,2,30,4,40000,40,0,29,4,10,5,4,3,1,4,1,7,4,3,5,4,7,4,1,1,,Biological Sciences,2,1,,,,2,,1,,,,,,,,,,,,1,,,,2,2,,1,0,-15,-10000,-2,-1,1,-6,2,1,5
1,2,5,38,1,38000,80,30,59,5,5,6,6,2,5,4,7,4,2,5,5,7,5,1,7,2,1,1,2,36,4,68000,50,30,100,2,30,3,2,1,1,2,4,7,6,2,7,4,3,3,1,1,,Communications,4,1,,,,2,,1,,,,,,,,,,,,1,,,,1,2,,1,-3,-2,30000,-4,-1,-2,-3,,1,5
1,2,5,55,2,70000,50,30,90,7,10,4,4,3,4,5,7,3,5,4,4,4,4,4,4,2,1,1,1,30,2,50000,60,30,90,3,70,3,,,,,,,,,,,,,,,,,,,,,,,,,,,,,,,,,,,,,,,,,,,,0,-25,-20000,,,,,,,7
1,2,5,45,4,65000,40,5,80,5,10,5,5,3,5,4,5,5,5,6,5,5,4,4,4,3,2,2,1,45,6,80000,50,10,90,7,30,3,5,5,5,5,5,4,5,6,4,5,5,4,5,1,,Education,7,1,Adjunct Lecturer,0,7,3,,1,,,,,,,,,,,,1,,,,1,2,"I am curious why you picked the names you picked (as opposed to, for example, just using a first initial). Previous research ind",1,-2,0,15000,0,2,1,0,,2,3
1,1,5,40,4,45000,60,40,91,2,20,6,6,2,5,4,7,6,3,7,7,5,5,4,3,3,2,2,1,38,6,60000,60,40,100,3,80,3,6,6,6,6,6,4,7,6,2,4,5,5,6,1,,English,3,1,Adjunct professor,0,7,3,,1,,,,,,,,,,,,1,,,,1,2,,1,-2,-2,15000,0,4,2,-1,3,2,3
1,1,5,45,5,55000,80,20,100,4,10,4,4,3,4,5,7,2,4,4,4,7,4,2,4,3,2,2,1,45,4,55000,60,60,92,8,60,2,4,4,5,4,7,4,5,4,4,4,6,4,3,1,,Biological Sciences,2,1,Assistant Professor,1,1,2,,1,,,,,,,,,,,,1,,,,1,2,,1,1,0,0,0,1,-1,0,2,1,5
1,2,5,48,2,50000,50,0,50,8,13,6,4,2,4,2,6,2,2,5,5,3,4,1,4,3,2,2,2,48,4,70000,65,50,84,8,33,7,4,4,4,4,7,6,5,4,5,5,4,4,2,1,,Biological Sciences,2,1,Assistant Professor,1,1,2,,1,,,1,,,,,,,,,1,,,,1,2,,1,-2,0,20000,0,2,2,1,2,1,5
1,1,5,40,2,45000,50,10,80,8,6,5,,3,4,1,7,4,5,4,4,4,4,4,4,3,2,2,4,40,4,65000,50,30,90,5,25,3,5,4,4,4,7,5,7,5,4,4,4,4,4,4,,Biological Sciences,2,1,Assistant Professor,1,1,3,,1,,,,,,,,,,,1,,,,,1,2,,1,-2,0,20000,,1,3,0,2,2,5
1,2,5,37,2,55000,40,20,50,8,50,4,4,4,5,3,7,4,5,4,6,4,4,5,4,3,2,2,4,37,5,70000,40,40,85,8,50,3,4,4,4,5,7,7,7,5,4,5,4,4,5,1,,Biology,2,1,Assistant Professor,1,1,2,,1,,,,,,,,,,,,1,,,,1,2,,1,-3,0,15000,0,0,2,0,2,1,4
1,2,5,40,1,55000,50,25,30,5,20,5,5,3,6,2,7,2,4,5,4,4,4,3,4,3,2,2,3,40,4,55000,50,25,100,7,50,5,6,6,4,6,5,7,5,6,3,5,5,4,3,2,,Communication and Studio Arts,4,1,Assistant Professor,1,1,2,,1,,,,,,,,,,,,1,,,,1,2,"I don't know if it was intentional or not, but both of my examples had the same title. Still, I found I was making assumptions b",1,-3,0,0,1,3,4,-2,,1,5
1,2,5,40,3,80000,50,5,90,7,15,4,4,1,4,2,7,1,5,7,7,5,5,2,1,3,2,2,1,45,5,80000,50,10,95,7,20,3,4,4,4,4,7,6,4,3,5,4,5,5,6,2,,English,3,1,Assistant Professor,1,1,2,,1,,,,,,,,,,,,1,,,,1,2,These are excellent research questions that could impact how we are perceived by others and how we perceive ourselves.  Another,1,-2,5,0,0,3,2,0,3,1,4
1,2,5,44,1,56000,65,40,30,7,30,7,7,5,7,7,7,1,6,4,7,7,7,1,4,3,2,2,2,40,4,70000,45,20,100,8,60,3,5,6,7,5,7,7,7,5,2,4,7,7,4,5,,English,3,1,Assistant Professor,1,1,2,,1,,,,,,,,,,,,1,,,,1,1,Two examples does not seem to be enough.,1,-3,-4,14000,-2,1,-2,0,3,1,5
1,2,5,40,2,70000,150,80,61,7,12,4,4,3,4,2,6,3,4,4,4,4,4,4,4,3,2,2,2,40,2,58000,150,80,86,7,20,4,4,4,4,4,4,5,4,4,4,4,4,4,4,2,,English,3,1,Assistant Professor,1,1,2,,1,,,,,,,,,,,,1,,,,1,2,,1,0,0,-12000,0,1,2,-2,3,1,7
1,2,5,40,1,65000,50,45,90,4,10,6,6,3,4,4,7,2,4,4,4,4,4,2,4,3,2,2,2,40,4,62000,50,45,95,8,50,3,4,4,5,4,6,5,4,5,4,4,4,4,4,1,,English,3,1,Assistant Professor,1,1,2,,1,,,,,,,,,,,,1,,,,1,1,,1,-3,0,-3000,-2,1,0,-1,3,1,5
1,2,5,40,1,50000,55,20,70,4,10,5,4,2,6,5,7,5,6,4,6,7,4,2,3,3,2,2,2,42,3,70000,55,35,100,8,60,6,5,5,6,4,6,5,5,7,4,6,6,4,4,2,,English,3,1,Assistant Professor,1,1,2,,1,,,,,,,,,,,,1,,,,1,2,,1,-2,2,20000,1,3,-1,-1,3,1,6
1,2,5,45,2,70000,39,5,60,5,10,4,4,2,4,2,7,4,4,4,4,4,4,2,4,3,2,2,2,45,5,80000,36,10,85,7,50,5,4,4,4,4,6,6,5,4,4,4,4,4,4,2,,English,3,1,Assistant professor,1,1,2,,1,,,,,,,,,,,,1,,,,1,2,,1,-3,0,10000,0,2,2,-1,3,1,4
1,2,5,45,1,65000,50,35,100,7,75,4,5,4,4,4,6,5,4,4,4,4,4,4,4,3,2,2,2,45,4,65000,50,30,100,8,80,3,6,4,4,4,6,5,5,4,4,4,4,4,5,2,,English and Writing,3,1,Assistant Professor,1,1,2,,1,,,,,,,,,,,,1,,,,1,1,,1,-3,0,0,1,0,0,0,3,1,5
1,2,5,40,1,35000,50,30,41,5,10,5,4,1,5,1,7,1,4,2,4,4,4,1,4,3,2,2,3,43,4,40000,60,50,100,8,67,2,7,6,5,5,7,7,7,7,1,4,7,4,5,3,,Mathematics Education,5,1,Assistant Professor,1,1,2,,1,,,,,,,1,,,,,1,,,,1,2,,1,-3,3,5000,3,5,4,0,,1,5
1,2,5,38,2,45000,170,5,25,8,10,5,5,3,4,4,6,3,5,5,5,5,5,3,4,3,2,2,1,40,8,96000,55,40,100,8,64,5,3,5,5,4,6,3,5,5,4,3,5,5,3,4,,Psychology,1,1,Assistant Professor,1,1,2,,1,,,,,,,,,,,,1,,,,1,2,"Interesting study, though not sure on the fake university names -- for the community college, I feel like it doesn't really affe",1,-6,2,51000,-2,2,0,0,1,1,1
1,1,5,45,2,55000,50,40,80,3,10,5,5,3,5,3,6,3,4,4,4,4,4,4,4,3,2,2,2,45,4,70000,50,50,98,8,50,4,4,5,5,4,5,4,5,4,4,4,4,4,4,5,,Psychology,1,1,Assistant Professor,1,1,2,,1,,,,,,,,,,,,1,,,,1,1,,1,-2,0,15000,-1,2,1,-1,1,1,5
1,1,5,45,1,60000,60,30,80,5,30,4,5,2,4,3,7,2,3,5,4,3,4,1,5,3,2,2,2,45,5,65000,60,40,95,7,50,4,4,4,5,4,5,3,5,5,4,4,4,4,1,2,,Psychology,1,1,Assistant Professor,1,1,2,,1,,,,,,,,,,,,1,,,,1,2,,1,-4,0,5000,-1,2,1,-2,1,1,4
1,2,5,45,2,40000,50,50,72,7,10,4,5,1,4,1,7,1,4,4,6,4,4,2,6,3,2,2,2,45,6,60000,50,20,97,8,53,5,4,5,5,4,6,2,5,6,4,4,5,4,3,4,,Psychology,1,1,Assistant Professor,1,1,2,,1,,,,,,,,,,,,1,,,,1,2,,1,-4,0,20000,-1,4,3,-1,1,1,3
1,2,5,42,1,64000,60,20,97,4,26,2,4,3,4,2,7,3,4,2,6,4,4,2,4,3,2,2,2,38,4,62000,60,25,100,7,68,3,3,5,4,5,6,5,5,3,6,3,4,4,3,2,,Psychology,1,1,Assistant Professor,1,1,2,,1,,,,,,,,,,,,,1,Pakistani American- multiethnic,,1,2,,1,-3,-4,-2000,-1,2,3,-1,1,1,5
1,1,5,36,1,40000,50,50,90,5,13,7,4,4,4,2,7,2,3,7,4,4,4,4,4,3,2,2,3,34,2,50000,50,20,100,8,35,6,6,4,4,4,4,6,3,5,4,4,4,4,4,2,,Psychology,1,1,Assistant Professor,1,1,2,,1,,,,,,,,,,,,1,,,,1,2,,1,-1,-2,10000,2,0,2,-3,1,1,7
1,2,5,33,2,50000,50,20,70,8,10,4,5,1,5,2,7,2,4,3,4,4,4,3,5,3,2,2,3,42,3,60000,55,20,75,8,40,5,5,5,3,5,2,7,2,5,3,5,4,4,4,1,,Psychology,1,1,Assistant Professor,1,1,2,,1,,,,,,,,,,,,1,,,,1,2,"I tried to answer using my implicit, kneejerk-type responses...I am embarassed by some of my responses but feel that they reflec",1,-1,9,10000,0,4,3,-5,1,1,6
1,2,5,45,1,55000,40,0,79,8,4,5,5,5,5,1,7,1,6,1,3,4,4,5,1,3,2,2,3,45,4,55000,40,0,94,8,30,4,5,5,5,5,3,7,1,7,1,6,4,4,4,3,,Psychology,1,1,Assistant Professor,1,1,2,,1,,,,,,,,,,,,,,,,1,2,,1,-3,0,0,0,0,4,-4,1,1,5
1,2,5,40,1,45000,50,30,79,4,99,4,4,4,4,2,6,3,6,3,4,6,5,2,5,3,2,2,4,40,6,80000,50,35,100,7,56,9,4,4,4,4,6,3,6,6,3,4,6,5,5,2,,Psychology,1,1,Assistant Professor,1,1,2,,1,,,,,,,,,,,,1,,,,1,2,,1,-5,0,35000,0,0,2,0,1,1,3
1,1,5,44,2,36000,60,40,90,7,10,5,5,2,5,4,7,5,4,5,5,6,5,2,1,3,2,2,2,42,6,72000,60,50,100,5,68,3,5,5,5,4,7,6,4,7,4,4,6,5,5,,,,,,Assistant professor,1,1,2,,1,,,,,,,,,,,,1,,,,1,2,,1,-4,-2,36000,0,3,0,0,,1,3
1,2,5,50,2,80000,30,10,90,8,30,4,5,5,4,2,7,4,4,4,4,6,4,5,1,3,2,2,1,50,5,80000,25,10,100,8,70,8,4,6,6,6,6,4,6,6,2,4,6,4,6,8,upper level (last 2 years) undergraduate institution,Secondary Education,7,1,Assistant Professor of Secondary Science Education,1,1,1,,,,,,,1,"Educational Specialist, PhD ABD",,,,,,1,,,,1,2,,1,-3,0,0,-1,1,4,-1,,1,4
1,2,5,40,3,55000,50,5,80,2,2,5,5,1,4,2,7,2,6,3,5,7,4,4,4,3,2,2,2,40,8,65000,60,50,100,7,40,3,4,6,6,4,6,2,7,6,2,4,6,4,4,1,,Biological Sciences,2,1,Assistant Teaching Professor,0,1,3,,1,,,,,,,,,,,,1,,,,1,2,,1,-5,0,10000,-1,5,2,-1,2,2,1
1,2,5,40,4,75000,60,6,75,7,50,6,6,4,6,3,7,7,7,1,6,6,4,1,1,3,2,2,3,40,6,70000,60,50,100,8,50,5,6,6,5,6,7,7,7,7,1,6,6,4,1,1,,Biological Sciences,2,1,Assistant Teaching Professor,0,1,2,,1,,,,,,,,1,,,,,,,,2,1,,1,-2,0,-5000,0,2,3,0,2,1,3
1,1,5,40,2,45000,60,50,100,4,30,6,6,4,6,3,7,5,6,4,4,6,4,4,4,3,2,2,2,40,4,55000,60,50,100,8,50,8,6,6,5,6,5,7,6,6,4,4,6,4,4,3,,Biological Science,2,1,Associate Professor,1,2,1,,1,,,,,,,,,,,,1,,,,1,2,,1,-2,0,10000,0,2,3,-2,2,1,5
1,1,5,35,2,57000,50,40,50,7,50,5,5,4,4,2,7,4,5,4,4,4,4,4,4,3,2,2,4,37,5,57000,50,40,70,7,50,5,5,5,5,5,5,5,5,4,4,4,4,4,4,2,,Biological Sciences,2,1,Associate Professor,1,2,1,,1,,,,,,,,,,,,1,,,,1,2,,1,-3,2,0,0,1,3,-2,2,1,4
1,2,5,35,1,52000,55,35,80,7,20,4,5,3,5,2,7,6,5,3,4,6,4,2,2,3,2,2,4,40,2,48500,45,10,97,8,45,4,6,6,3,4,5,6,5,6,4,5,6,4,2,5,,Biological Sciences,2,1,Associate Professor,1,2,1,,1,,,,,,,,,,,,1,,,,1,1,,1,-1,5,-3500,1,3,2,-2,2,1,7
1,2,5,,1,70000,60,5,60,8,10,4,6,4,4,4,7,5,4,4,4,7,4,2,2,3,2,2,4,,3,60000,60,5,100,8,19,7,4,5,4,4,6,4,5,4,4,4,7,4,2,1,,Communications Design,4,1,Associate Professor,1,2,1,,1,,,,,,,,,,,,1,,,,1,2,"I felt it impossible to identify the type of school, beyond community college (#1) or 4-year school (#2) based on the informatio",1,-2,,-10000,-2,1,0,-1,,1,6
1,1,5,,1,75000,80,55,50,7,29,5,4,6,4,4,7,4,7,7,7,7,4,4,4,3,2,2,2,,4,40000,100,55,100,8,49,8,4,4,6,4,7,6,6,4,6,4,4,4,4,2,,English,3,1,Associate Professor,1,2,1,,1,,,,,1,I am an unimportant person,,,,,,1,,,,1,1,I don't envy or feel sorry for the pseudonyms in the survey but I am extremely unhappy as a professor and wish I were doing some,1,-3,,-35000,0,-2,0,0,3,1,5
1,2,5,45,2,55000,45,15,90,8,10,3,3,2,3,1,7,3,5,6,4,4,4,1,1,3,2,2,2,42,4,58000,45,15,100,8,45,3,3,3,4,4,5,4,4,6,5,4,5,4,4,1,,English,3,1,Associate Professor,1,2,1,,1,,,,,,,,,,,,1,,,,1,1,,1,-2,-3,3000,0,1,3,-2,3,1,5
1,2,5,40,3,68000,40,20,90,8,30,4,5,3,4,3,6,2,5,5,4,5,4,4,4,3,2,2,2,40,5,70000,40,30,100,8,50,3,4,5,5,4,5,3,4,5,4,4,5,4,4,2,,English,3,1,Associate Professor,1,2,1,,1,,,,,,,,,,,,1,,,,1,2,,1,-2,0,2000,-1,2,1,-1,3,1,4
1,2,5,45,1,45000,65,35,80,4,15,4,5,2,5,5,7,2,5,6,4,5,5,2,5,3,2,2,4,45,3,55000,40,15,97,5,32,7,4,5,3,4,5,3,3,6,6,4,5,5,3,3,,English,3,1,Associate Professor,1,2,1,,1,,,,,,,,,,,,,,,1,1,3,,1,-2,0,10000,-1,3,-1,-2,3,1,6
1,2,5,34,1,43000,170,38,70,5,50,5,5,3,5,4,6,3,5,6,5,6,4,2,4,3,2,2,2,43,3,48000,170,23,91,7,71,3,4,5,5,4,6,5,3,6,4,4,5,4,2,2,,English and Philosophy,3,1,Associate Professor,1,2,1,,1,,,,,,,,,,,,1,,,,1,1,,1,-2,9,5000,-1,2,0,0,3,1,6
1,2,5,38,2,70000,50,0,50,7,5,4,4,4,4,1,7,4,6,4,4,4,4,4,4,3,2,2,2,38,4,70000,50,15,100,7,20,4,4,4,4,4,3,7,4,6,4,4,4,4,4,1,,Psychology,1,1,Associate Professor,1,2,1,,1,,,,,,,,1,,,,1,1,Mixed,,1,1,"all of my answers of """"4 - neutral"""" were """"i don't knows"""" because i could not say a dang thing about these people personally.",1,-2,0,0,0,0,3,-4,1,1,5
1,2,5,40,1,52000,50,30,40,7,10,4,4,2,4,3,7,3,6,4,5,5,4,2,4,3,2,2,2,45,3,63000,60,40,90,8,40,3,4,4,4,4,6,6,4,6,4,5,4,4,3,2,,Psychology,1,1,Associate Professor,1,2,1,,1,,,,,,,,,,,,1,,,,1,1,,1,-2,5,11000,0,2,1,-1,1,1,6
1,2,5,35,2,65000,32,24,29,2,27,4,4,3,5,3,6,4,5,2,5,6,6,5,1,3,2,2,2,35,6,72000,32,12,75,4,32,4,3,3,3,4,6,2,5,6,7,2,4,4,2,1,,Psychology,1,2,Associate Professor,1,2,3,,,,,1,,,,,,,,,1,,,,1,1,,1,-4,0,7000,-1,0,1,0,1,2,3
1,1,5,50,1,55000,40,5,70,1,30,4,4,3,4,2,7,4,5,4,4,5,4,3,4,3,2,2,4,50,3,50000,45,10,90,4,50,2,4,4,4,4,5,5,5,5,3,4,5,4,4,4,,Psychology,1,1,Associate Professor,1,2,1,,1,,,,,,,,,,,,1,,,,1,1,,1,-2,0,-5000,0,1,2,-2,1,1,6
1,2,5,45,1,35000,50,45,67,7,17,4,4,2,4,2,7,3,5,4,4,5,4,4,4,3,2,2,3,45,2,40000,45,40,86,7,42,2,4,4,4,4,4,6,4,4,4,4,4,4,4,2,,Psychology and Counseling,1,1,Associate Professor,1,2,1,,1,,,,,,,,,,,,1,,,,1,2,,1,-1,0,5000,0,2,2,-3,1,1,7
1,2,5,35,1,65000,60,10,70,7,10,4,4,4,4,4,7,4,4,4,4,4,4,4,4,3,2,2,3,35,4,65000,60,20,100,7,51,4,4,4,4,4,6,4,5,4,4,4,4,4,4,4,,Biological Sciences,2,1,Associate Professor and Chair,1,2,1,,1,,,,,,,,,,,,1,,,,1,2,The first institution did no have as pleasing of a font or style and no way to contact the faculty member.  This made it seem le,1,-3,0,0,0,0,0,-1,2,1,5
1,2,5,42,2,42000,60,20,82,5,20,6,6,6,6,5,7,5,6,3,6,6,6,4,1,3,2,2,4,43,4,60000,60,20,100,7,39,4,5,4,4,5,5,5,5,6,3,5,5,5,2,2,,Education,7,1,Asst. Professor,1,1,2,,1,,,,,,,,,,,,1,,,,1,2,,1,-2,1,18000,-1,-2,0,-2,,1,5
1,2,5,33,1,55000,45,20,80,4,15,6,6,4,4,5,7,5,6,4,6,6,4,4,1,3,2,2,4,33,3,60000,45,10,90,8,20,14,5,5,4,4,6,6,4,6,4,6,4,4,2,6,,Biological Sciences,2,1,Biology Faculty,0,9,1,,1,,,,,,,,,,,,1,,,,,1,"Like many community colleges we have a three-year probationary period.  After that """"tenure"""" as understood at a university is v",1,-2,0,5000,-1,1,-1,-1,2,1,6
1,1,5,45,1,40000,55,10,25,2,15,4,4,2,4,2,6,1,5,4,4,5,4,2,5,3,2,2,2,45,2,55000,55,10,95,7,40,8,4,4,4,4,4,5,3,4,4,4,4,4,4,2,,English,3,1,Dean and Professor,1,3,1,,1,,,,,,,,,,,,,,,1,1,3,I'm surprised by double variable  - academic field and kind of institution.,1,-1,0,15000,0,2,2,-2,3,1,7
1,2,5,40,1,50000,50,40,90,7,30,6,6,3,6,3,7,4,4,4,4,4,4,4,4,3,2,2,3,30,3,55000,50,20,90,7,60,4,7,6,4,5,4,7,5,5,4,4,4,4,4,4,,Academic Affairs,7,1,Director of the Writing Center,0,8,3,,1,,,,,,,,,,,,1,,,,1,2,,1,-2,-10,5000,1,3,2,-3,,2,6
1,1,5,40,4,55000,30,20,80,4,15,5,4,3,4,5,7,5,5,4,4,4,4,3,4,3,2,2,2,40,6,65000,40,35,85,7,40,4,4,4,4,4,5,5,5,4,4,4,4,4,4,1,,Biological Sciences,2,1,Distinguished Professor,1,3,1,,1,,,,,,,,,,,,1,,,,1,1,,1,-2,0,10000,0,1,-1,-2,2,1,3
1,1,5,35,1,60000,35,20,50,2,15,4,4,3,4,3,5,5,5,5,4,4,4,4,4,3,2,2,2,40,3,55000,50,10,100,7,40,4,5,3,3,1,5,2,2,2,7,5,4,4,2,2,,English,3,1,Distinguished Professor,1,3,1,,1,,,,,,,,,,,,1,,,,1,2,,1,-2,5,-5000,1,0,-2,0,3,1,6
1,1,5,30,2,70000,55,10,88,7,50,4,4,4,4,4,7,4,5,4,4,4,4,4,4,3,2,2,4,30,4,70000,55,20,88,5,50,4,4,4,4,4,5,4,4,5,4,4,4,4,4,6,,English,3,1,English Instructor,0,6,1,,,,,1,,,,,,,,,1,,,,1,2,,1,-2,0,0,0,0,0,-2,3,1,5
1,2,5,46,2,48000,40,0,59,8,59,5,5,5,6,2,2,5,6,2,5,7,7,7,1,3,2,2,1,62,3,62000,40,20,90,8,90,3,5,5,6,5,6,6,6,6,3,4,7,7,7,1,,science education,5,1,faculty specialist -I/lecturer,0,9,3,,1,,,,,,,,,,1,,,,,,2,1,,1,-1,16,14000,0,0,3,4,,2,6
1,2,3,35,2,50000,50,200,99,8,10,4,4,4,4,4,1,7,3,4,4,4,4,4,4,3,2,2,2,40,2,55000,200,100,100,8,61,3,4,4,4,4,3,3,4,4,4,4,4,4,4,1,,English,3,1,Full professor,1,3,1,,1,,,,,,,,,,,,1,,,,1,2,Seems to me you should include some questions regarding the heavy workload of full professors.  I work on average 55-60 hours pe,1,0,5,5000,0,0,0,2,3,1,7
1,1,5,32,1,50000,55,30,100,8,1,4,7,3,7,4,7,3,5,7,7,7,4,1,1,3,2,2,2,32,2,65000,60,30,100,8,70,4,5,7,7,7,7,7,5,7,3,6,7,4,1,2,,Department of English,3,1,Graduate Teaching Assistant,,,3,,,,1,,,,,,,,,,1,,,,1,1,,1,-1,0,15000,-2,4,3,0,3,2,7
1,2,5,40,2,56000,50,25,60,8,20,4,4,1,4,2,7,4,6,3,4,4,4,4,4,3,2,2,1,45,5,50000,50,25,100,8,40,6,4,4,4,4,7,7,7,7,4,4,4,4,4,1,,Biochemistry,5,1,Instructor,0,6,3,,1,,,,,,,,,,,,1,,,,1,2,,1,-3,5,-6000,0,3,2,0,,2,4
1,1,5,45,1,45000,55,15,39,5,31,5,3,2,6,2,7,5,6,5,7,7,7,2,4,3,2,2,2,35,5,45000,25,5,100,3,50,5,4,3,4,4,5,7,5,4,4,2,4,4,3,6,,English,3,1,Instructor,0,6,1,,,,,1,,,,,,,,,1,,,,1,2,"Community college instructors are still treated like crap by 4 year faculty, even though we teach more than 505 of all first yea",1,-4,-10,0,1,1,2,-2,3,1,4
1,2,5,40,1,50000,120,20,10,1,10,7,3,1,7,1,7,2,3,4,6,4,4,1,4,3,2,2,2,30,4,50000,120,120,100,7,50,3,6,5,5,5,7,5,7,7,2,2,4,4,4,6,,English,3,2,Instructor,0,6,3,,1,,,,,,,,,,,,1,,,,1,2,"I make a higher than average salary, but I feel that moving from an assistant professor to an instructor position due to the cur",1,-3,-10,0,3,4,4,0,3,2,5
1,2,5,34,4,45000,60,20,51,5,30,4,4,4,4,5,5,5,4,4,4,6,4,6,4,3,2,2,2,37,4,60000,60,20,95,7,56,3,4,4,5,4,6,6,6,5,4,4,7,4,6,1,,English,3,1,Instructor,0,6,3,,,,,1,,,,,,,,,1,,,,1,2,"As a non-tenure track instructor in higher ed, I'm very interested in the results of this study, because there does seem to be a",1,0,3,15000,0,0,-1,1,3,2,5
1,1,5,60,1,65000,60,10,70,7,10,4,4,4,4,4,5,5,5,4,5,4,4,4,4,3,2,2,3,35,2,70000,45,40,40,4,28,10,4,4,4,4,4,5,4,5,3,4,4,4,4,6,,English,3,2,Instructor,0,6,4,no tenure track here,1,,,,,,,,,,,,1,,,,1,2,,0,-1,-25,5000,0,0,0,-1,3,,7
1,2,5,32,2,45000,50,20,60,1,10,4,4,1,4,3,7,3,4,5,4,4,4,4,5,3,2,2,4,40,4,50000,40,20,70,4,20,9,4,4,3,4,5,7,3,4,5,4,4,4,4,1,,English,3,1,Instructor,0,6,3,,,,,1,,,,,,,,,1,,,,1,2,,1,-2,8,5000,0,3,1,-2,3,2,5
1,2,5,45,2,65000,50,45,100,5,41,7,7,4,7,1,7,4,7,6,7,7,7,4,4,3,2,2,2,45,5,70000,50,40,100,7,31,5,6,7,5,7,6,7,6,7,4,7,7,3,1,1,,Genetics,2,1,Instructor,0,6,3,,1,,,,,,,,,,,,,1,,,2,1,,1,-3,0,5000,-1,3,6,-1,2,2,4
1,1,5,27,6,28000,100,25,0,1,9,1,2,1,4,1,7,2,3,6,5,4,4,2,4,3,2,2,2,36,4,42000,160,40,56,4,51,5,5,5,6,4,4,4,5,6,2,4,4,4,5,2,,psychology,1,1,Instructor,0,6,3,,,,,,1,,,,,,,,1,,,,2,2,,1,2,9,14000,3,4,3,-3,1,2,5
1,2,5,45,1,75000,160,0,25,8,10,7,7,1,7,1,7,4,3,1,5,6,4,5,1,3,2,2,2,55,7,75000,240,160,90,8,50,6,4,7,6,4,7,6,7,7,7,4,5,4,1,6,,Psychology,1,1,Instructor,0,6,2,,1,,,,1,,,,,,,,1,,,,1,2,,1,-6,10,0,-3,6,3,0,1,1,2
1,2,5,45,2,52000,40,20,90,7,71,4,4,4,4,4,5,4,4,5,4,4,4,4,4,3,2,2,3,45,2,65000,40,10,90,8,70,3,4,4,4,4,4,4,4,4,4,4,4,4,4,5,,Psychology,1,1,Instructor,0,6,3,,,,,,,1,Psy.D.,,,,,,1,,,,1,1,,1,0,0,13000,0,0,0,-1,1,2,7
1,2,5,38,2,50000,45,15,50,8,5,4,4,3,4,3,5,3,5,4,5,4,4,3,4,3,2,2,4,38,2,53000,50,20,95,8,30,5,4,4,3,4,5,5,3,5,5,5,5,4,4,4,,Psychology,1,1,Instructor,0,6,2,,,,,1,,1,ABD,,,,,,1,,,,1,2,,1,0,0,3000,0,1,1,0,1,1,7
1,2,5,50,1,57000,50,10,29,7,21,4,4,2,4,2,7,4,5,2,4,5,4,4,4,3,2,2,4,35,4,50000,50,5,69,4,29,3,4,4,3,4,4,6,4,5,4,4,4,4,4,6,,psychology,1,1,instructor,0,6,1,,,,,1,,,,,,,,,1,,,,1,2,,1,-3,-15,-7000,0,2,2,-3,1,1,5
1,2,5,35,2,80000,100,20,79,4,37,4,4,4,4,6,6,5,5,6,4,4,4,4,4,3,2,2,1,40,3,90000,35,20,92,4,49,5,4,4,5,4,5,6,4,5,4,4,5,4,4,6,,Social Sciences,4,1,Instructor,0,6,3,,1,,,,,,,,,,,,1,,,,1,2,,1,-1,5,10000,0,0,-2,-1,,2,6
1,2,5,46,1,45000,35,10,21,2,17,4,4,4,4,3,6,4,4,5,4,5,4,2,4,3,2,2,2,47,4,75000,35,15,69,4,50,3,4,4,4,4,5,3,4,4,3,4,4,4,2,8,2 year technical/community college,social sciences    I teach both psychology and sociology,4,2,Instructor,0,6,4,Our institution doesn't have tenure,,,,1,,,,,,,,,1,,,,1,2,"would love to see your results.  At first when people hear me say I teach college they are """"impressed"""" then when I tell them t",0,-3,1,30000,0,0,1,-1,,,5
1,2,5,32,4,60000,50,30,30,1,13,4,4,1,4,2,7,5,3,4,6,3,5,3,4,3,2,2,2,35,6,75000,55,40,94,5,61,5,4,4,5,4,6,6,6,6,3,5,4,4,5,1,,Microbiology,2,1,Lecturer,0,4,3,,1,,,,,,,,,,,,1,,,,1,2,,1,-2,3,15000,0,3,2,-1,2,2,3
1,2,5,35,2,40000,50,10,100,8,30,4,5,2,4,1,7,4,4,5,4,6,4,5,3,3,2,2,1,40,6,55000,60,30,100,8,40,3,4,5,5,4,7,4,7,5,4,4,6,4,5,2,,Psychology,1,1,Lecturer,0,4,3,,1,,,,,,,,,,,,1,,,,1,2,,1,-4,5,15000,-1,3,3,0,1,2,3
1,2,5,44,2,65000,45,20,70,7,15,6,6,4,4,6,7,2,7,4,4,6,4,3,4,3,2,2,3,40,5,62000,47,20,95,7,37,4,5,6,5,4,7,6,4,7,4,4,6,4,5,4,,Writing Program (stand alone),3,1,lecturer,0,4,3,,1,,,,,,,,,,,,1,,,,1,2,"My university is in the process of converting almost all lecturer positions to teaching professorships. No tenure, but we will g",1,-3,-4,-3000,-1,2,-2,0,3,2,4
1,2,5,50,2,50000,40,0,80,4,29,4,4,4,4,1,1,1,4,4,4,4,4,4,4,3,2,2,2,50,8,75000,60,40,99,4,61,3,4,4,4,4,6,6,6,4,4,4,4,4,4,1,,Biology,2,1,Post Doctoral Fellow,,,3,,1,,,,,,,,,,,,1,,,,1,2,,1,-6,0,25000,0,0,3,5,2,2,1
1,2,5,40,1,45000,45,10,60,5,19,5,6,3,6,2,7,3,3,5,4,5,5,3,2,3,2,2,3,38,2,54000,50,20,94,7,43,3,6,5,3,6,5,7,4,5,3,5,5,5,4,4,,Behavioral Sciences,1,1,Professor,1,3,1,,1,,,,,,,,,,,,1,,,,1,1,,1,-1,-2,9000,0,2,4,-2,1,1,7
1,1,5,50,2,75000,40,20,80,2,40,4,4,4,4,3,6,3,6,2,4,5,4,4,4,3,2,2,3,38,3,80000,40,20,97,8,54,3,6,4,4,4,6,6,5,7,1,4,4,4,4,5,,Biological Sciences,2,1,Professor,1,3,1,,1,,,,,,,,,,,,1,,,,1,2,,1,-1,-12,5000,2,0,1,0,2,1,6
1,1,5,35,2,60000,45,0,80,8,50,4,4,3,5,1,7,5,3,6,5,7,7,4,1,3,2,2,3,40,5,85000,35,20,90,8,50,3,4,4,5,5,7,3,6,5,6,5,7,7,7,6,,Biological Sciences,2,1,Professor,1,3,1,,1,,,,,,,,,,,,,,,1,1,1,,1,-3,5,25000,0,1,4,0,2,1,4
1,1,5,35,4,60000,160,0,50,2,30,4,4,4,4,4,4,4,4,4,4,4,4,4,4,3,2,2,3,35,4,60000,200,40,81,7,51,5,4,4,4,4,4,4,4,4,4,4,4,4,4,1,,Biological Sciences,2,1,Professor,1,3,1,,1,,,,,,,,,,,,1,,,,1,2,,1,0,0,0,0,0,0,0,2,1,5
1,1,5,40,6,80000,40,10,100,8,10,4,5,2,4,4,7,5,5,4,4,4,4,4,4,3,2,2,4,42,4,80000,40,10,100,8,25,5,4,4,4,4,4,7,5,4,4,4,4,4,4,1,,Biological Sciences,2,1,Professor,1,3,1,,1,,,,,,,,,,,,1,,,,1,2,,1,2,2,0,-1,2,0,-3,2,1,5
1,1,5,42,2,80000,50,10,100,5,20,5,4,2,4,2,7,2,5,4,4,4,4,4,4,3,2,2,2,45,4,70000,55,20,90,7,51,3,4,5,4,4,5,7,5,4,4,4,4,4,4,1,,biology,2,1,professor,1,3,1,,1,,,,,,,,,,,,1,,,,1,1,,1,-2,3,-10000,0,3,2,-2,2,1,5
1,1,5,35,1,65000,200,0,70,7,10,5,5,2,5,2,7,2,6,5,4,4,4,4,4,3,2,2,2,35,6,75000,160,120,100,7,31,5,4,5,5,4,6,2,5,5,4,4,4,4,4,4,,Biology,2,1,Professor,1,3,1,,1,,,,,,,,,,,,1,,,,1,2,,1,-5,0,10000,-1,3,2,-1,2,1,3
1,2,5,40,2,65000,50,8,70,7,20,6,4,2,4,3,7,5,6,3,4,6,4,4,1,3,2,2,2,42,4,75000,55,35,95,7,40,3,5,5,5,4,6,5,6,6,5,4,5,4,4,4,,Biology,2,1,Professor,1,3,1,,1,,,,,,,,,,,,1,,,,1,1,,1,-2,2,10000,1,3,1,-1,2,1,5
1,2,5,30,4,50000,50,5,40,1,15,4,5,2,5,3,7,3,4,6,6,5,5,2,2,3,2,2,2,35,4,65000,50,10,80,5,66,3,4,5,6,5,6,3,5,5,3,5,5,4,5,2,,Communication,4,2,Professor,1,3,4,No tenure available,1,,,,,,,,,,,,1,,,,1,1,,0,0,5,15000,-1,3,2,-1,,,5
1,1,5,35,1,75000,30,5,50,4,50,4,4,3,4,4,7,5,4,4,4,6,5,4,3,3,2,2,1,35,5,80000,10,5,100,7,61,4,4,4,5,4,5,4,5,5,4,4,4,4,4,6,,English,3,1,Professor,1,3,1,,,,,1,,,,,,,,,1,,,,1,2,,1,-4,0,5000,0,1,0,-2,3,1,4
1,1,5,34,1,52000,55,30,55,7,14,4,4,4,4,5,7,4,3,6,4,6,4,1,2,3,2,2,2,34,2,50000,48,20,100,5,62,6,4,4,4,4,5,7,3,4,4,4,5,4,3,5,,English,3,1,Professor,1,3,1,,1,,,,,,,,,,,,1,,,,1,2,,1,-1,0,-2000,0,0,-1,-2,3,1,7
1,1,5,35,1,38000,60,35,45,7,25,4,6,2,4,2,7,5,5,7,4,6,5,1,3,3,2,2,2,32,1,32000,45,20,80,8,60,9,6,4,3,4,6,7,4,6,4,2,5,4,4,2,,English,3,1,Professor,1,3,1,,,,,1,,,,,,,,,1,,,,1,2,,1,0,-3,-6000,0,2,2,-1,3,1,8
1,2,5,37,4,50000,50,5,,4,,4,4,1,4,2,7,5,2,6,4,5,4,1,3,3,2,2,2,37,4,60000,50,5,,4,,32,4,4,5,4,5,7,5,6,3,4,6,4,5,2,,English,3,2,Professor,1,3,4,My institution does not have tenure.,1,,,,,,,,,,,,1,,,,1,2,"I have not seen many tagged titles if your example (""""teaching associate professor"""") is what you typically mean,  After teachin",0,0,0,10000,0,3,2,-2,3,,5
1,2,5,38,1,60000,45,45,100,8,42,7,7,4,5,3,7,4,6,1,5,6,6,2,2,3,2,2,2,38,4,60000,45,20,100,8,57,3,4,5,5,4,5,4,4,6,4,5,4,4,2,1,,English,3,1,Professor,1,3,1,,,,,,1,,,,,,,,1,,,,1,2,,1,-3,0,0,-3,1,1,-2,3,1,5
1,2,5,45,1,60000,50,0,60,8,19,5,5,5,5,4,7,5,6,4,5,5,5,4,2,3,2,2,2,40,6,65000,50,0,100,8,40,3,5,6,6,5,6,5,6,7,5,5,6,4,5,6,,English,3,1,Professor,1,3,1,,1,,,,,,,1,1,,,,1,,,,1,1,I accidentally answered a few questions incorrectly and tried to go back but couldn't.  So I closed out the survey and opened it,1,-5,-5,5000,0,1,1,-1,3,1,3
1,1,5,,2,45000,160,40,75,4,10,4,4,2,4,3,7,4,4,4,4,4,4,4,4,3,2,2,4,,3,60000,160,40,89,4,32,9,4,4,4,4,4,7,5,4,4,4,4,4,4,1,,English,3,1,Professor,1,3,1,,1,,,,,,,,,,,,1,,,,1,1,,1,-1,,15000,0,2,1,-3,3,1,6
1,2,1,40,6,75000,60,40,100,8,5,4,5,5,4,6,5,6,7,4,5,4,5,1,4,3,2,2,1,40,7,80000,85,60,100,8,51,5,3,5,5,5,7,2,6,6,4,4,4,5,1,2,,Psychology,1,1,Professor,1,3,1,,1,,,,,,,,,,,,1,,,,1,,,1,-1,0,5000,-2,0,-1,2,1,1,2
1,2,5,40,1,60000,40,4,75,7,10,5,4,3,4,2,7,3,6,2,4,6,6,5,2,3,2,2,2,40,4,70000,40,40,90,5,60,3,4,5,4,4,6,4,5,6,2,4,6,6,2,6,,Psychology,1,1,Professor,1,3,1,,1,,,,,,,,,,,,1,,,,1,2,,1,-3,0,10000,0,2,2,-1,1,1,5
1,1,5,35,1,50000,60,0,70,7,30,4,4,4,5,2,7,5,6,2,6,6,6,3,4,3,2,2,3,30,2,45000,60,0,95,7,55,5,6,6,3,6,3,7,5,7,1,6,6,6,2,2,,Psychology,1,1,Professor,1,3,1,,1,,,,,,,,,,,,1,,,,1,1,,1,-1,-5,-5000,2,2,4,-4,1,1,7
1,1,5,38,4,70000,40,40,93,8,49,6,6,6,6,6,7,5,6,4,4,7,7,4,1,3,2,2,3,38,6,80000,50,30,100,8,50,3,6,6,6,6,5,7,5,6,6,5,7,7,4,1,,Psychology,1,1,Professor,1,3,1,,1,,,,,,,,,,,,1,,,,1,2,,1,-2,0,10000,0,0,0,-2,1,1,3
1,2,5,45,1,55000,50,40,59,7,39,4,4,4,4,4,7,6,6,4,4,6,4,1,2,3,2,2,4,45,4,65000,50,40,71,7,62,6,4,4,4,4,4,6,6,5,6,4,4,4,3,1,,Writing,3,1,Professor,1,3,1,,1,,,,,,,,,,,,1,,,,1,2,"Yes, I think faculty will evaluate tagged titles differently but the general public does not.",1,-3,0,10000,0,0,0,-3,3,1,5
1,2,5,30,1,50000,50,0,91,4,9,3,4,2,4,2,7,3,4,4,4,4,4,4,4,3,2,2,1,30,5,60000,50,0,,,100,2,4,4,5,4,7,5,7,7,1,4,5,4,5,6,,English,3,1,Professor,1,3,1,,,,,1,,,,,,,,,1,,,,1,1,,1,-4,0,10000,0,2,2,0,3,1,4
1,2,5,40,1,45000,60,38,80,7,50,7,7,4,7,4,7,2,5,7,4,7,7,4,4,3,2,2,2,40,2,50000,60,20,99,7,50,5,5,6,5,7,4,6,4,4,5,4,7,7,4,2,,Psychology,1,1,Professor and Chair,1,3,1,,1,,,,,,,,,,,,1,,,,1,2,,1,-1,0,5000,-2,2,3,-3,1,1,7
1,2,5,45,1,55000,60,20,79,7,48,5,6,3,4,5,7,4,5,5,6,6,6,3,1,3,2,2,1,40,4,60000,60,20,98,8,64,3,5,5,4,5,7,6,6,6,4,4,6,5,4,1,,English,3,1,"Professor and Director, First-Year Composition",1,3,1,,1,,,,,,,,,,,,1,,,,1,1,,1,-3,-5,5000,-1,2,0,0,3,1,5
1,2,4,35,2,55000,48,30,90,8,20,4,5,4,5,2,7,3,5,5,4,5,4,3,4,3,2,2,2,40,4,55000,45,30,95,8,50,3,4,5,5,4,5,6,5,5,5,4,5,4,4,4,,Psychological Sciences,1,1,Professor Emeritus,1,3,4,I had tenure at the time of my retirement (I continue to write and conduct research),1,,,,,,,,,,,,1,,,,1,1,,0,-2,5,0,-1,1,2,-2,1,,5
1,2,5,40,1,60000,60,35,90,7,20,5,4,4,4,4,,4,6,3,4,5,5,1,1,3,2,2,1,40,6,75000,60,30,100,7,35,10,5,4,4,4,5,5,4,5,4,4,5,5,1,4,,Psychology,1,1,Professor of Psychology,1,3,1,,1,,,,,,,,,,,,1,,,,1,1,,1,-5,0,15000,1,0,0,,1,1,3
1,2,5,35,1,45000,45,20,65,4,15,5,4,3,4,3,6,2,3,5,5,4,4,4,4,3,2,2,1,40,5,55000,40,20,100,5,50,3,4,4,4,4,6,5,5,5,4,4,4,4,4,1,,Residential Colleges (affiliated with English and Media Studies),7,1,Residential College Coordinator (faculty-in-residence),0,9,3,,1,,,,,,,,,,,,1,,,,1,1,"Questions about whether I """"like"""" or colleagues """"like"""" the two case studies seem to have little to do with perception of titl",1,-4,5,10000,0,1,1,0,,2,4
1,1,5,35,1,45000,45,10,40,2,10,5,5,3,6,3,7,5,5,6,,7,4,4,5,3,2,2,4,45,4,60000,35,0,90,7,61,3,3,5,5,4,6,5,5,6,3,4,5,4,5,1,,English,3,1,Senior Lecturer,0,5,3,,,,,1,,,,,,,,,1,,,,1,2,,1,-3,10,15000,-2,2,1,-1,3,2,5
1,1,5,35,3,52000,65,35,81,7,10,5,4,2,4,1,7,1,5,3,5,6,4,4,4,3,2,2,3,35,4,57000,65,0,100,7,24,8,5,5,5,5,5,7,4,5,4,5,5,4,4,8,I do research at a doctoral university and I teach at a community college (completely separate job),Biochemistry (research job) and Academic Transfer (teaching job),5,1,senior scientist at research job; adjunct faculty at CC teaching job,0,9,3,,1,,,,,,,,,,,,1,,,,1,2,,1,-1,0,5000,1,3,4,-2,,2,5
1,2,5,50,2,65000,50,40,50,1,30,4,4,4,4,4,7,4,4,6,4,4,4,4,3,3,2,2,2,40,4,75000,40,10,90,7,70,3,4,4,4,4,5,5,5,6,4,4,4,4,4,4,,Professional and Continuing Studies,7,1,Web Manager,0,9,3,,,,,1,,,,,,,,,1,,,,1,1,,1,-2,-10,10000,0,0,0,-2,,2,5
1,2,5,40,2,55000,48,38,,7,,5,5,4,5,5,6,4,6,5,6,6,6,4,2,3,2,2,4,45,5,75000,50,30,,7,,0,6,6,6,6,6,5,5,6,3,5,6,6,4,1,,English Language and Literature,3,1,Writing Center Director,0,8,3,,1,,,,,,,,,,,,1,,,,1,2,,1,-3,5,20000,1,2,1,0,3,2,4
1,2,5,35,1,55000,40,10,80,2,50,6,6,2,6,1,6,1,5,2,5,4,5,2,4,3,2,2,1,38,5,60000,50,30,100,8,90,5,5,6,6,6,7,5,5,6,3,5,6,6,3,4,,Psychology,1,1,,,,1,,1,,,,,,,,,,,1,,,,,1,2,,1,-4,3,5000,-1,4,5,1,1,1,4
1,2,5,35,2,55000,45,35,38,7,9,4,4,1,4,2,7,3,4,5,4,4,4,2,4,3,2,2,4,35,4,60000,45,40,100,8,46,3,4,4,4,4,5,5,3,5,4,4,4,4,4,4,,Psychology,1,1,,,,3,,1,,,,,,,,,,,,1,,,,1,2,,1,-2,0,5000,0,3,2,-2,1,2,5
1,1,5,50,1,80000,50,5,95,7,22,5,4,4,5,2,7,4,5,4,4,7,6,4,3,3,2,2,1,45,3,95000,50,25,100,8,60,3,,,,,,,,,,,,,,,,,,,,,,,,,,,,,,,,,,,,,,,,,,,,-2,-5,15000,,,,,,,6
1,2,5,40,2,60000,50,10,60,7,10,4,4,2,4,2,7,4,5,4,4,5,4,4,2,3,2,2,2,40,4,50000,50,10,80,7,30,5,4,4,4,4,5,5,5,4,4,4,4,4,4,,,,,,,,,,,,,,,,,,,,,,,,,,,,,,,-2,0,-10000,0,2,2,-2,,,5
1,2,5,30,1,40000,80,20,60,4,10,4,4,2,4,2,7,2,4,4,4,4,4,3,4,4,1,2,4,35,4,60000,60,30,88,7,27,3,4,4,4,4,5,5,3,4,4,4,4,4,4,1,,ENGLISH,3,1,Academic Professional,0,0,3,,1,,,,,,,,,,,,1,,,,1,2,,1,-3,5,20000,0,2,2,-2,3,2,5
1,2,5,40,1,47000,70,50,70,7,,6,6,4,4,2,7,4,6,2,4,4,4,4,4,4,1,2,1,40,5,80000,70,55,100,8,50,4,4,4,6,4,7,5,6,6,4,4,4,4,6,5,,History,6,1,Adjunct,0,7,3,,1,,,,,,,,1,,,,1,,,,1,2,,1,-4,0,33000,-2,0,2,0,,2,4
1,1,5,37,1,46000,55,30,76,7,29,4,4,4,4,4,4,3,4,4,5,5,5,5,1,4,1,2,2,55,5,75000,40,25,99,8,70,3,4,4,4,4,6,5,5,5,4,4,5,5,5,4,,English,3,1,Adjunct Instructor,0,7,3,,,,,1,,,,,,,,,1,,,,1,2,,1,-4,18,29000,0,0,0,2,3,2,4
1,1,5,56,3,32000,30,6,25,2,17,4,4,4,4,4,4,4,4,4,4,6,4,4,4,4,1,2,2,50,3,56000,24,0,27,4,32,9,4,4,4,4,4,4,4,4,4,4,6,4,4,1,,English,3,1,Adjunct instructor,0,7,3,,,,,1,,,,,,,,,1,,,,1,2,,1,0,-6,24000,0,0,0,0,3,2,6
1,2,5,,2,45000,65,30,80,7,5,6,6,2,5,2,7,2,4,4,4,5,4,4,2,4,1,2,2,35,4,65000,70,40,100,8,30,4,4,5,5,4,5,4,4,5,4,4,5,4,4,2,,History,6,1,Assistant Adjunct Professor,0,7,3,,1,,,,,,,,,,,,1,,,,1,2,,1,-2,,20000,-2,3,2,-2,,2,5
1,2,5,40,2,70000,48,0,39,4,0,4,4,3,4,2,6,2,5,3,5,5,4,3,4,4,1,2,2,43,5,80000,50,35,100,8,24,3,4,5,5,5,7,3,7,5,4,5,4,4,5,1,,Psychology,1,1,assistant Prof.,1,1,2,,1,,,,,,,,,,,,1,,,,1,2,,1,-3,3,10000,0,2,3,1,1,1,4
1,2,5,45,1,60000,50,20,75,7,20,4,4,4,4,4,7,4,4,4,4,4,4,4,4,4,1,2,4,45,3,60000,60,40,90,7,20,3,4,4,4,4,4,6,4,4,4,4,4,4,4,2,,Biological sciences,2,1,assistant professor,1,1,2,,1,,,,,,,,,,,,1,,,,1,2,,1,-2,0,0,0,0,0,-3,2,1,6
1,2,5,38,4,70000,45,30,50,5,10,5,5,4,4,4,7,4,6,4,4,6,5,4,1,4,1,2,4,40,6,90000,50,40,100,8,60,3,4,5,5,4,7,5,5,5,4,4,5,5,5,4,,"Center for Learning Innovation, grants undergraduate degrees Bachelor of Science in Health Sciences and Bachelor of Science in H",7,1,Assistant Professor,1,1,2,,1,,,,,,,,,,,,1,,,,1,2,,1,-2,2,20000,-1,1,0,0,,1,3
1,2,5,50,2,60000,70,60,80,7,30,4,4,4,4,4,6,4,4,4,4,6,4,4,4,4,1,2,1,50,7,150000,60,60,100,8,60,8,4,6,6,4,7,3,7,7,4,4,7,4,4,1,,English,3,1,Assistant Professor,1,1,2,,1,,,,,,,,,,,,,,,1,1,3,,1,-5,0,90000,0,2,0,1,3,1,2
1,1,5,43,2,40000,35,10,100,5,14,4,4,3,4,5,7,4,4,4,4,4,4,4,4,4,1,2,2,43,5,50000,24,5,100,8,50,3,4,4,4,4,6,6,4,4,4,4,4,4,4,2,,English,3,1,assistant professor,1,1,2,,,,,1,,,,,,,,,1,,,,1,1,,1,-3,0,10000,0,1,-1,-1,3,1,4
1,2,5,35,1,50000,60,40,60,7,20,6,5,2,4,3,7,5,5,4,5,7,5,5,1,4,1,2,2,45,5,65000,60,40,100,8,50,4,5,5,4,4,7,6,7,7,3,5,7,6,5,1,,English,3,,Assistant Professor,1,1,2,,1,,,,,,,,,,,,1,,,,1,2,,1,-4,10,15000,0,3,1,0,3,1,4
1,2,5,40,1,55000,60,40,50,7,50,6,5,2,4,4,7,5,5,2,4,6,4,6,1,4,1,2,2,40,4,60000,60,40,100,7,50,6,5,5,4,4,7,6,5,6,4,4,5,4,6,2,,English,3,1,Assistant Professor,1,1,2,,1,,,,,,,,,,,,1,,,,1,2,,1,-3,0,5000,0,3,0,0,3,1,5
1,2,5,35,1,85000,50,30,100,4,50,3,3,2,2,2,6,3,4,4,4,4,4,4,4,4,1,2,2,35,4,55000,60,30,100,7,50,3,5,4,4,4,4,3,4,5,4,4,3,4,4,1,,English,3,1,Assistant Professor,1,1,2,,1,,,,,,,,,,,,1,,,,1,3,"Much of the ratings I left were based on 1) no image, 2) contact info vs. website link, and then just other items were too vague",1,-3,0,-30000,2,2,2,-2,3,1,5
1,1,5,28,1,40000,45,15,51,4,32,4,4,4,4,3,7,2,5,4,4,5,5,3,1,4,1,2,4,35,2,45000,45,10,82,4,70,4,4,4,4,4,5,5,3,4,4,4,4,4,4,6,,English,3,2,Assistant Professor,1,1,4,"We don't have tenure, but we do have """"continuing contract"""" (tenure-light), which I am """"on"""" or have.",,,,1,,1,MA + Specialist  (Ed.S.),,,,,,1,,,,1,2,This sounds like an interesting topic.  I hope you will consider sharing the results with the participants of the research.,0,-1,7,5000,0,0,1,-2,3,,7
1,2,5,40,1,45000,55,30,50,,19,4,4,2,4,2,6,3,5,4,4,4,4,4,4,4,1,2,2,40,6,75000,60,45,95,7,51,3,4,4,4,4,6,5,6,5,4,4,4,4,4,5,,Health and Natural Science,5,2,Assistant Professor,1,1,4,"All employees are """"at-will.""""",1,,,,,,,,,,,,1,,,,1,2,,0,-5,0,30000,0,2,2,0,,,3
1,2,5,,1,60000,45,5,77,8,,5,5,2,,2,7,2,,,,5,,,5,4,1,2,2,,4,75000,50,10,100,8,,0,,5,5,,6,,6,,,,5,,,2,,Psychology,1,1,Assistant Professor,1,1,2,,1,,,,,,,,,,,,1,,,,1,1,,1,-3,,15000,,3,,-1,1,1,5
1,2,5,40,1,55000,60,3,70,3,25,5,5,3,5,3,7,3,6,3,5,6,5,3,3,4,1,2,2,40,4,80000,50,20,99,7,80,4,4,5,5,4,6,4,5,6,3,4,5,5,5,2,,Psychology,1,2,Assistant Professor,1,1,4,We do not have tenure at our institution. But I am in full-time permanent position.,1,,,,,,,,,,,,1,,,,1,2,,0,-3,0,25000,-1,2,1,-1,1,,5
1,2,5,58,1,78000,60,30,85,8,20,5,5,3,5,3,7,5,6,2,5,6,6,4,2,4,1,2,2,36,6,68000,60,30,100,8,60,6,5,6,6,5,7,6,7,7,3,4,6,5,2,4,,Psychology,1,1,Assistant Professor,1,1,2,,1,,,,,,,,,,,,1,,,,1,2,"I feel that it is important to note that I pictured the first faculty member as a middle-aged MAN, whereas I didn't picture the ",1,-5,-22,-10000,0,3,2,0,1,1,3
1,1,5,40,2,40000,40,40,79,8,11,4,4,4,4,4,4,4,4,4,4,6,4,2,4,4,1,2,4,40,4,50000,40,40,100,8,24,3,4,4,4,4,4,4,4,4,4,4,4,4,4,1,,Psychology,1,1,Assistant professor,1,1,2,,1,,,,,,,,,,,,1,,,,1,2,,1,-2,0,10000,0,0,0,0,1,1,5
1,1,5,40,2,45000,55,15,59,7,29,6,6,4,4,4,6,3,5,4,4,4,4,4,4,4,1,2,4,35,5,70000,50,50,90,7,61,9,4,5,5,4,5,4,5,5,4,4,4,4,4,1,,Psychology,1,1,Assistant Professor,1,1,2,,1,,,,1,,,,,,,,1,,,,1,2,This study is not impressive. Why don't you just ask our judgments about different kinds of education.,1,-3,-5,25000,-2,1,0,-1,1,1,4
1,2,5,45,1,70000,45,15,30,5,10,6,6,2,5,2,7,3,6,2,5,6,5,2,2,4,1,2,1,40,6,95000,60,50,100,7,60,3,3,5,5,4,5,3,5,6,2,4,5,5,2,6,,Psychology,1,1,Assistant Professor and Coordinator of Psychology,1,1,1,,1,,,,,,,,,,,,1,,,,1,2,,1,-5,-5,25000,-3,3,2,-2,1,1,3
1,2,5,40,1,70000,16,40,90,7,10,5,5,2,5,3,7,5,5,4,4,5,5,3,3,4,1,2,3,40,4,80000,60,60,99,8,58,7,5,5,5,5,5,3,6,6,2,5,6,6,6,1,,Psychology,1,1,Assistant teaching Professor,0,1,3,,1,,,,,,,,,,,,1,,,,1,2,,1,-3,0,10000,0,3,2,-2,1,2,5
1,2,5,42,2,70000,40,0,80,5,30,4,5,2,4,2,7,4,4,4,5,4,4,4,4,4,1,2,3,38,4,75000,50,35,93,8,69,7,3,4,4,5,6,6,6,6,3,4,4,4,4,5,,Biology,2,2,Associate Dean,1,9,4,We have a Continuing status like tenure and I have recieved it.,1,,,,,,,,,,,,,,,1,1,3,,0,-2,-4,5000,-2,2,3,-1,2,,5
1,2,5,43,1,75000,40,15,80,8,10,4,4,1,4,4,7,2,4,4,4,4,4,4,4,4,1,2,2,42,4,80000,40,30,100,8,23,3,4,4,4,4,5,5,5,4,4,4,4,4,4,2,,English,3,1,Associate Profesor,1,2,1,,1,,,,,,,,,,,,1,,,,1,2,,1,-3,-1,5000,0,3,0,-2,3,1,5
1,2,5,40,2,55000,42,22,46,7,15,4,4,3,4,2,5,3,5,3,4,4,4,4,4,4,1,2,4,40,4,55000,42,30,79,7,35,5,4,4,4,4,5,5,4,4,4,4,4,4,4,2,,Behavioral Sciences,1,1,associate Professor,1,2,1,,1,,,,,,,,,,,,1,,,,1,2,,1,-2,0,0,0,1,2,0,1,1,5
1,2,5,42,2,55000,52,17,40,3,25,3,2,2,4,1,7,2,5,3,5,3,4,1,1,4,1,2,1,38,5,59000,60,25,91,8,72,4,5,5,4,5,5,7,2,6,1,5,6,5,1,4,,Biological Sciences,2,1,Associate Professor,1,2,1,,,,,,,1,Doctor of Arts,,,,,,1,,,,1,2,,1,-3,-4,4000,3,3,4,-2,2,1,4
1,2,5,40,2,50000,50,40,90,4,20,4,4,2,4,5,7,6,5,4,4,4,4,4,4,4,1,2,2,40,8,75000,60,50,100,8,50,3,4,4,5,4,7,2,6,5,4,4,4,4,4,1,,Biological Sciences,2,1,Associate Professor,1,2,1,,1,,,,,,,,,,,,1,,,,1,1,,1,-6,0,25000,0,2,-1,0,2,1,1
1,1,5,38,2,65000,55,42,100,8,10,5,4,3,4,6,7,4,5,6,4,4,4,4,5,4,1,2,4,38,4,65000,50,42,100,8,20,3,4,5,4,4,5,7,4,4,4,4,4,4,4,1,,Biology,2,1,Associate Professor,1,2,1,,1,,,,,,,,,,,,1,,,,1,2,,1,-2,0,0,0,2,-2,-2,2,1,5
1,2,5,45,4,75000,45,30,80,5,30,4,4,3,4,2,6,2,5,4,4,5,5,3,3,4,1,2,1,45,8,85000,45,30,100,7,60,3,4,4,4,4,5,3,5,5,3,4,5,5,3,1,,"Ecology, Evolution, and Organismal Biology",2,1,Associate Professor,1,2,1,,1,,,,,,,,,,,,1,,,,1,1,,1,-4,0,10000,0,1,2,-1,2,1,1
1,1,5,35,2,45000,60,40,100,7,40,4,4,4,4,7,7,4,4,4,4,4,4,4,4,4,1,2,1,40,6,80000,60,40,100,8,50,3,4,4,4,4,7,3,4,4,4,4,4,4,4,1,,English,3,1,Associate Professor,1,2,1,,1,,,,,,,,,,,,1,,,,1,2,,1,-4,5,35000,0,0,-3,0,3,1,3
1,1,5,,2,30000,50,0,30,,15,4,3,1,4,3,7,2,3,6,5,3,4,4,2,4,1,2,1,45,6,70000,50,40,100,8,75,8,4,5,6,4,6,3,6,6,1,5,5,4,4,1,,English,3,1,Associate Professor,1,2,1,,1,,,,,,,,,,,,,,,1,1,1,,1,-4,,40000,1,4,1,-1,3,1,3
1,1,5,40,2,55000,180,160,79,7,10,5,4,2,4,1,7,4,4,5,4,5,4,1,3,4,1,2,1,40,6,100000,60,60,100,8,70,11,4,6,6,4,7,3,7,7,5,4,5,4,4,1,,English,3,1,Associate Professor,1,2,1,,1,,,,,,,,,,1,,1,,,,1,2,"I erred in my answers on the """"how many hours per week"""" do they work questions, in both categories--I answered for the whole mo",1,-4,0,45000,0,4,3,0,3,1,3
1,2,5,40,3,55000,200,120,68,7,50,5,5,4,5,3,7,3,6,5,5,4,4,4,4,4,1,2,1,40,4,70000,200,160,90,7,60,7,5,5,5,5,5,5,5,5,4,5,4,4,4,4,,English,3,1,Associate Professor,1,2,1,,1,,,,,,,,,,,,1,,,,1,1,,1,-1,0,15000,0,1,2,-2,3,1,5
1,1,5,40,2,80000,50,25,90,5,10,4,3,2,4,3,6,3,3,6,4,4,4,2,4,4,1,2,2,40,5,75000,50,25,90,7,30,3,4,4,4,4,6,5,5,4,4,4,4,4,2,1,,English,3,1,Associate Professor,1,2,1,,1,,,,,,,,,,,,1,,,,1,1,"Hard to weigh the names of the schools, as there are many smaller, poorer private universities where teaching conditions are muc",1,-3,0,-5000,1,2,1,0,3,1,4
1,2,5,40,1,60000,65,60,57,7,24,6,5,3,5,2,7,4,5,3,4,6,4,4,4,4,1,2,2,45,3,70000,70,60,74,7,40,2,5,5,5,5,6,5,4,4,4,4,4,4,4,4,,English,3,1,Associate Professor,1,2,1,,1,,,,,,,,,,,,1,,,,1,2,,1,-2,5,10000,0,2,3,-1,3,1,6
1,2,5,42,1,65000,60,30,80,8,10,4,6,6,4,6,7,5,7,7,4,7,4,1,1,4,1,2,2,42,2,75000,60,40,99,8,15,3,4,6,7,4,6,5,6,6,7,4,5,4,2,1,,English,3,1,Associate Professor,1,2,1,,,,,,,1,Doctor of Arts,,,,,,1,,,,1,2,"I agree that faculty will judge """"teaching associate professor"""" differently than they judge just """"associate professor."""" In th",1,-1,0,10000,-2,0,-2,-1,3,1,7
1,2,5,35,1,45000,240,10,67,8,27,5,5,5,5,2,7,2,4,5,4,6,6,2,3,4,1,2,2,35,4,50000,160,20,91,8,71,6,5,6,6,5,6,6,3,7,2,4,5,5,5,2,,English,3,1,Associate Professor,1,2,2,,1,,,,,,,,,,,,1,,,,1,2,"I hold some stigma against """"associate professors"""" who have been associate professors forever (never go up for full). We have a",1,-3,0,5000,0,1,3,-1,3,1,5
1,2,5,40,1,70000,60,30,30,5,20,5,4,2,4,4,7,4,4,4,4,4,4,4,4,4,1,2,3,40,4,60000,60,30,90,7,29,3,5,4,3,4,5,7,4,4,4,4,4,4,4,2,,English,3,1,Associate Professor,1,2,1,,1,,,,,,,,,,,,1,,,,1,2,,1,-3,0,-10000,1,2,0,-2,3,1,5
1,1,5,35,2,35000,45,20,100,4,32,6,6,3,5,3,7,5,4,4,6,7,4,4,4,4,1,2,4,30,6,50000,35,10,100,5,52,6,4,5,,4,7,3,5,5,4,5,7,4,4,5,,English,3,1,Associate Professor,1,2,1,,1,,,,,,,,,,1,,,,,,1,2,,1,-4,-5,15000,-2,2,1,0,3,1,3
1,2,5,43,2,45000,50,30,100,8,10,6,6,2,6,1,7,1,6,4,6,6,4,2,2,4,1,2,4,45,4,70000,40,20,100,8,30,7,7,6,4,4,5,7,3,6,4,4,4,4,4,5,,English,3,1,Associate Professor,1,2,1,,1,,,,,,,,,,,,1,,,,1,2,,1,-2,2,25000,1,4,3,-2,3,1,5
1,2,5,,4,30000,45,,40,2,5,4,4,2,4,1,7,2,4,4,4,4,4,2,4,4,1,2,2,,6,60000,55,50,100,7,65,4,4,4,4,4,5,4,5,6,4,4,4,4,4,1,,"Genetics, Development, and Cell biology",2,1,Associate Professor,1,2,1,,1,,,,,,,,,,,,1,,,,1,1,,1,-2,,30000,0,2,3,-2,2,1,3
1,2,5,40,1,65000,45,15,73,2,23,4,4,4,4,2,7,4,4,5,4,4,4,2,4,4,1,2,2,40,4,80000,40,15,100,8,67,3,4,4,5,4,7,6,4,7,4,4,4,4,4,4,,Psychology,1,1,Associate professor,1,2,1,,1,,,,,,,,,,,,1,,,,1,2,,1,-3,0,15000,0,0,2,0,1,1,5
1,2,5,35,1,75000,50,0,70,4,10,6,6,2,6,3,7,3,5,5,5,6,6,1,1,4,1,2,2,38,4,65000,50,30,98,8,40,3,5,5,5,5,6,5,5,6,5,5,5,5,1,6,,Psychology,1,1,Associate Professor,1,2,2,,1,,,,,,,,,,,,1,,,,1,2,,1,-3,3,-10000,-1,3,2,-1,1,1,5
1,2,5,32,1,55000,65,45,64,5,11,5,4,4,4,4,7,4,6,3,5,6,4,4,4,4,1,2,2,32,3,65000,65,45,98,5,9,3,5,4,4,4,5,7,6,4,4,4,6,4,4,2,,psychology,1,1,associate professor,1,2,1,,,,,,1,,,,,,,,1,,,,1,1,,1,-2,0,10000,1,0,0,-2,1,1,6
1,2,5,40,1,40000,70,70,100,7,10,4,4,1,4,1,7,2,3,7,4,4,4,1,2,4,1,2,3,40,4,50000,70,10,100,8,20,3,4,4,4,4,4,4,4,5,4,4,4,4,4,4,,Psychology,1,2,Associate Professor,1,2,3,,1,,,,,,,,,,,,1,,,,1,2,,1,-3,0,10000,0,3,3,-3,1,2,5
1,1,5,40,1,50000,55,35,61,8,29,4,4,4,4,5,6,6,4,3,4,4,4,4,4,4,1,2,4,40,3,60000,50,30,80,8,49,3,4,4,4,4,5,5,6,4,4,4,4,4,4,3,,Psychology,1,1,Associate Professor,1,2,1,,1,,,,,,,,,,,,1,,,,1,2,,1,-2,0,10000,0,0,-1,-1,1,1,6
1,1,5,35,2,55000,35,10,40,7,20,5,5,2,6,2,7,3,5,5,5,6,6,2,4,4,1,2,4,40,4,65000,40,25,100,8,40,8,6,6,5,6,6,7,6,6,3,5,6,6,3,4,,Psychology,1,1,Associate Professor,1,2,1,,1,,,,,,,,,,,,1,,,,1,1,,1,-2,5,10000,1,4,4,-1,1,1,5
1,2,5,38,2,50000,50,15,91,8,14,6,5,2,4,3,6,2,4,5,5,5,6,3,4,4,1,2,4,42,4,70000,60,30,99,8,45,3,5,6,4,4,6,5,5,6,4,3,6,6,5,4,,Psychology,1,1,Associate Professor,1,2,1,,1,,,,,,,,,,,,1,,,,1,2,,1,-2,4,20000,0,4,1,0,1,1,5
1,2,5,40,1,80000,40,20,85,7,80,6,6,3,5,4,7,5,7,2,4,7,6,1,1,4,1,2,4,40,1,75000,40,20,95,7,60,3,5,6,3,5,2,6,4,5,3,4,4,5,1,6,,Psychology,1,1,Associate Professor,1,2,1,,,,,1,,,,,,,,,1,,,,1,1,,1,0,0,-5000,-1,3,1,-5,1,1,8
1,2,5,38,2,60000,50,30,80,3,10,4,4,2,4,2,7,3,4,4,5,5,4,2,4,4,1,2,2,38,4,70000,50,40,98,7,50,9,4,4,3,4,5,6,4,4,4,6,5,4,4,1,,psychology and human development,1,1,Associate Professor,1,2,1,,1,,,,,,,,,,,,1,,,,1,2,,1,-2,0,10000,0,2,2,-2,1,1,5
1,2,5,50,4,60000,35,0,60,8,50,3,5,5,4,6,7,5,6,3,2,5,3,1,3,4,1,2,1,40,6,60000,35,20,100,7,50,3,5,5,4,5,5,3,5,4,3,4,5,4,1,6,,"Psychology, Business Management",1,1,Associate Professor,1,2,1,,1,,,,,,,,,,,,1,,,,1,2,,1,-2,-10,0,0,0,-1,-2,1,1,3
1,2,5,40,4,60000,43,12,79,4,29,4,4,4,4,2,6,4,4,4,4,4,4,4,4,4,1,2,4,40,3,60000,43,12,79,5,41,8,4,4,4,4,3,4,3,4,4,4,4,4,4,2,,Social Sciences,4,2,Associate Professor,1,2,4,"extended contracts, I am on my 2nd round of extended contracts",1,,,,,,,,,,,,1,,,,1,2,,0,1,0,0,0,0,2,-3,,,6
1,2,5,35,1,80000,65,30,80,7,25,4,4,4,4,2,6,4,6,4,6,4,4,4,4,4,1,2,2,35,2,80000,65,30,80,8,40,5,4,4,4,4,6,5,4,4,4,4,4,4,4,1,,Writing and Rhetoric,3,1,Associate Professor,1,2,1,,,,,,1,,,,,,,,1,,,,1,2,"I think you would be wise to study the MLA job list. Cause there are many of these weird """"teaching professor"""" or """"professor o",1,-1,0,0,0,0,2,0,3,1,7
1,1,5,35,1,58000,65,55,77,3,36,5,5,3,4,3,7,4,4,4,4,7,4,2,4,4,1,2,4,42,5,75000,65,55,91,7,54,3,4,4,5,4,7,4,7,5,4,4,4,4,4,1,,English,3,1,Associate Professor,1,2,1,,1,,,,,,,,,,,,1,,,,1,2,,1,-4,7,17000,-1,1,1,0,3,1,4
1,2,5,42,1,55000,60,15,60,8,10,4,5,4,4,2,7,3,4,4,4,4,4,4,4,4,1,2,2,42,4,75000,60,15,100,8,30,5,4,4,4,4,5,5,3,6,4,4,4,4,4,2,,English,3,1,Associate Professor of English,1,2,1,,1,,,,,,,,,,,,1,,,,1,2,Interesting,1,-3,0,20000,-1,0,2,-2,3,1,5
1,2,5,45,2,65000,50,50,75,8,15,7,6,2,6,2,7,3,5,3,5,5,4,2,1,4,1,2,2,45,5,75000,60,15,100,8,50,3,5,5,5,4,7,6,6,6,2,4,5,4,2,2,,Biological Science,2,1,Coordinator / Lecturer,0,4,3,,1,,1,1,,,,,,,,,1,,,,1,2,,1,-3,0,10000,-1,3,2,0,2,2,4
1,2,5,45,3,77000,65,35,100,8,40,5,4,5,4,5,7,5,7,4,4,7,7,7,1,4,1,2,1,45,8,95000,65,35,100,8,80,3,4,5,5,5,5,5,6,6,4,4,7,7,7,1,,Writing and Rhetoric,3,1,Director and Lecturer,0,4,3,,1,,,,,,,,,,,,1,,,,1,2,,1,-5,0,18000,0,0,0,-2,3,2,1
1,2,5,40,3,50000,60,30,95,8,45,4,4,3,4,5,7,5,5,4,4,4,4,3,4,4,1,2,2,40,5,60000,60,30,95,8,60,3,4,4,4,4,5,5,5,5,4,4,4,4,3,2,,English,3,1,Director of Writing; Associate Professor,1,8,1,,1,,,,,,,,,,,,1,,,,1,2,"Until there is a universal system for such titles, faculty may not judge differently, especially across universities. Terms like",1,-2,0,10000,0,1,-1,-2,3,1,4
1,1,5,38,1,65000,60,20,80,4,40,6,6,4,4,2,7,3,4,5,6,6,4,3,5,4,1,2,2,38,6,80000,65,35,100,7,80,4,4,5,5,4,7,4,6,6,3,6,6,4,3,4,,Psychology,1,1,Full Professor,1,3,1,,1,,,,,,,,,,,,1,,,,1,,,1,-5,0,15000,-2,1,2,0,1,1,3
1,2,5,38,1,50000,45,10,67,1,26,6,4,2,4,1,7,5,6,5,4,6,6,3,1,4,1,2,4,43,4,75000,45,15,95,5,49,3,3,4,3,5,6,3,5,6,3,4,4,4,2,6,,Psychology,1,2,Full time faculty,0,9,4,No tenure track,1,,,,,,,,,,,,1,,,,1,2,,0,-3,5,25000,-1,2,4,-1,1,,5
1,2,5,35,2,45000,45,10,70,2,10,3,3,2,4,3,7,3,3,5,5,4,4,3,5,4,1,2,3,35,5,65000,50,15,95,7,30,3,5,5,4,4,6,5,5,5,4,5,4,4,5,1,,English,3,1,Graduate Instructor,,,4,I hope to be on the tenure track in 2 years.,,,,1,,1,Current doctoral student,,,,,,1,,,,1,2,I was a full-time instructor at a small liberal arts college (mostly 4-year; some masters and one EdD) and was invited twice to,0,-3,0,20000,2,3,1,-1,3,,4
1,2,5,30,2,50000,60,20,100,2,8,7,5,2,6,3,7,5,5,6,6,7,7,4,4,4,1,2,2,54,6,60000,60,20,100,5,32,7,4,6,6,5,6,1,5,7,2,3,7,5,5,1,,Psychology,1,1,Graduate Student,,,4,Graduate Student,,,,1,,,,1,,,,,,,,,1,2,,0,-4,24,10000,-1,4,2,-1,1,,3
1,2,5,35,2,55000,30,5,69,7,49,7,6,5,6,3,7,3,6,4,6,6,6,6,2,4,1,2,2,40,4,75000,30,15,99,8,78,4,6,6,6,6,7,4,4,7,4,4,7,4,7,8,most recently retired from a MA-granting school,Humanities and Communication,6,1,I retied as a tenured full professor.,1,3,4,"as mentioned, I retired early as a tenured full professor.",,,,,,1,Doctor of Arts,,1,,,,,,,,1,1,"I think that as higher education in the US continues to direct its resources to educating """"the mass"""", especially the academica",0,-2,5,20000,0,1,3,0,,,5
1,2,5,32,1,51000,45,20,50,3,50,4,4,4,4,2,7,5,6,3,4,4,4,4,4,4,1,2,4,45,4,75000,40,15,100,3,50,5,4,4,4,4,7,5,7,6,4,4,4,4,4,6,,Psychology,1,1,Instructor,0,6,3,,,,,1,,,,,,,,,1,,,,1,2,,1,-3,13,24000,0,0,2,0,1,2,5
1,2,5,48,2,52000,40,5,91,4,32,4,4,3,4,6,7,5,5,4,4,7,4,4,1,4,1,2,2,55,4,64000,40,8,93,4,40,3,4,4,4,4,7,4,6,5,4,4,7,4,4,6,,English Composition,3,2,"Instructor, Composition Coordinator",0,6,4,"I am on probation for my first three years, after which, I effectively have tenure protection but no title.",1,,,,,,,,,,,,1,,,,1,2,The question about whether or not the people have tenure at their university is somewhat unclear: do you mean does this individu,0,-2,7,12000,0,1,-2,0,3,,5
1,1,5,43,2,60000,60,40,100,7,9,5,4,2,4,2,7,5,3,7,7,7,4,1,7,4,1,2,4,40,2,60000,60,40,97,7,18,3,5,6,2,4,2,7,4,3,7,7,6,4,1,1,,Molecular Biosciences,2,1,John Evans Professor,1,3,1,,1,,,,,,,,,,,,1,,,,1,1,,1,0,-3,0,1,4,2,-5,2,1,7
1,2,5,40,2,45000,150,0,100,8,41,5,5,3,4,3,7,6,5,5,5,4,4,4,4,4,1,2,1,40,3,65000,180,40,100,8,59,3,5,5,4,4,6,5,6,6,4,5,5,4,6,1,,biological scineces,2,1,Lecturer,0,4,3,,1,,,,,,,,,,,,1,,,,1,2,,1,-1,0,20000,0,2,1,-1,2,2,6
1,1,5,60,5,60000,200,20,100,2,29,5,6,3,5,5,7,4,4,7,5,4,4,1,3,4,1,2,1,30,5,65000,200,40,100,3,80,3,5,5,5,5,5,5,5,6,2,3,6,4,4,1,,ENGLISH,3,1,Lecturer,0,4,3,,,,,1,,,,,,,,,1,,,,1,2,,1,0,-30,5000,-1,2,0,-2,3,2,4
1,2,5,40,6,75000,20,10,30,7,30,4,5,4,4,5,5,4,4,4,4,5,5,5,1,4,1,2,1,40,6,80000,20,0,95,7,85,3,4,4,5,4,5,3,5,5,4,4,5,4,5,1,,English,3,1,Lecturer,0,4,3,,,,,1,,1,All but dissertation for my Ph.D,,,,,,1,,,,1,2,"I know that at my university the """"lecturer"""" is seen as """"beneath"""" the tenure track faculty.  We take on most of the undergrad",1,0,0,5000,-1,0,-1,0,3,2,3
1,2,5,30,6,86000,45,30,85,8,30,4,5,4,4,7,5,6,4,5,4,4,4,6,1,4,1,2,2,45,6,90000,40,20,100,7,60,3,4,6,6,4,7,5,7,7,4,4,6,4,6,1,,English,3,1,Lecturer,0,4,3,,,,,1,,,,,,,,,1,,,,1,2,,1,0,15,4000,-1,2,-3,2,3,2,3
1,2,5,40,4,45000,160,0,70,4,0,5,4,2,4,1,7,5,4,4,5,5,4,4,7,4,1,2,1,40,8,80000,160,40,100,5,21,3,4,4,5,4,5,1,5,5,2,2,4,4,4,6,,Science and Mathematics,5,1,Part-time instructor,0,9,3,,1,,,,,,,,,,,,1,,,,1,2,,1,-4,0,35000,0,2,3,-2,,2,1
1,2,5,50,2,30000,50,40,100,7,20,6,6,2,6,2,6,4,5,2,4,4,4,2,4,4,1,2,1,45,6,65000,60,50,100,8,50,3,4,5,5,4,6,4,6,4,4,4,4,4,2,8,Private Research Institute (non profit),Psychology,1,1,Postdoctoral Researcher,,,4,"I am not on TT now, but will be starting a TT position in August.",1,,,,,,,,1,,,,,,,,1,2,,0,-4,-5,35000,-2,3,2,0,1,,3
1,1,5,40,1,65000,60,0,30,7,30,6,5,2,6,2,7,2,3,4,6,6,6,4,2,4,1,2,2,45,5,90000,35,0,90,7,60,6,4,5,5,4,6,3,7,7,2,4,7,4,5,6,,Biological Sciences,2,1,Professor,1,3,1,,1,,,,,,,,,,,,1,,,,1,2,,1,-4,5,25000,-1,3,2,-1,2,1,4
1,1,5,38,4,50000,40,30,70,8,10,4,5,1,4,2,7,2,5,5,6,4,4,2,4,4,1,2,4,38,5,65000,40,30,98,8,60,3,4,4,4,4,5,6,5,5,4,6,5,4,4,8,"some, but not all departments have doctoral programs.  They're expanding.",Biological Sciences,2,1,Professor,1,3,1,,1,,,,,,,,,,,,1,,,,1,1,"I'm not in favor of the title """"professor"""" (asst, assoc, full) being used by individuals without a doctorate.  I would prefer J",1,-1,0,15000,-1,3,2,-2,2,1,4
1,1,5,34,2,50000,60,30,21,2,20,4,4,3,4,5,6,4,4,4,4,4,4,2,4,4,1,2,4,40,4,57000,60,30,100,7,50,4,4,4,4,4,5,5,5,5,3,4,5,4,4,2,,Biological Sciences,2,1,Professor,1,3,1,,1,,,,,,,,,,,,1,,,,1,1,,1,-2,6,7000,0,1,-1,-1,2,1,5
1,1,5,42,2,50000,35,10,1,8,2,4,4,4,4,1,7,2,5,4,4,5,4,4,4,4,1,2,4,42,4,85000,40,15,97,8,50,5,4,5,4,4,7,3,5,4,4,4,6,4,4,5,,Biological Sciences,2,1,Professor,1,3,1,,1,,,,,,,,,,,,1,,,,1,3,,1,-2,0,35000,0,1,3,0,2,1,5
1,1,5,40,2,65000,50,40,90,4,10,4,4,4,4,1,7,2,5,5,4,5,4,2,4,4,1,2,3,40,4,80000,55,45,98,7,50,6,4,4,4,4,5,5,5,6,4,4,5,4,4,1,,Biology,2,1,Professor,1,3,1,,,,,,1,,,,,,,,1,,,,1,1,,1,-2,0,15000,0,0,3,-2,2,1,5
1,1,5,40,1,42000,45,10,55,8,3,5,4,1,4,5,7,2,4,4,4,4,4,1,1,4,1,2,2,40,5,65000,42,30,100,8,51,3,4,4,5,4,7,2,7,6,4,4,4,4,1,2,,English,3,1,Professor,1,3,1,,1,,,,,,,,,,,,1,,,,1,2,,1,-4,0,23000,0,3,-1,0,3,1,4
1,1,5,37,2,53000,40,20,85,8,2,5,5,2,4,3,7,2,5,4,4,6,4,1,4,4,1,2,2,39,6,80000,40,30,100,8,60,3,4,6,5,4,7,5,5,5,4,4,5,4,1,1,,english,3,1,professor,1,3,1,,1,,,,,,,,,,,,1,,,,1,1,,1,-4,2,27000,-1,4,1,0,3,1,3
1,1,4,40,6,80000,40,10,100,8,52,6,5,5,4,6,6,5,6,4,5,5,4,1,1,4,1,2,4,50,6,80000,40,10,100,7,50,3,4,5,5,5,6,6,6,6,4,5,5,5,1,6,,English,3,1,Professor,1,3,1,,1,,,,,,,,,,,,1,,,,1,2,,1,0,10,0,-1,0,-1,0,3,1,3
1,2,5,40,2,75000,50,25,80,4,30,4,4,4,4,4,4,4,4,4,4,4,4,4,4,4,1,2,4,40,4,75000,50,25,90,5,40,3,4,4,4,4,4,4,4,4,4,4,4,4,4,1,,English,3,1,Professor,1,3,1,,1,,,,,,,,,,,,1,,,,1,1,,1,-2,0,0,0,0,0,0,3,1,5
1,1,5,39,2,85400,50,35,93,7,4,5,4,2,5,4,6,2,3,3,4,6,4,2,4,4,1,2,1,39,6,104500,55,45,97,7,60,3,4,6,5,5,7,4,4,5,3,5,5,5,4,1,,Psychology,1,1,Professor,1,3,1,,1,,,,,,,,,,,,1,,,,1,1,,1,-4,0,19100,0,4,1,1,1,1,3
1,2,5,45,1,50000,40,0,70,7,40,6,4,3,5,1,7,4,6,2,6,6,6,6,1,4,1,2,1,45,6,75000,40,0,100,4,70,3,4,6,6,4,7,6,6,6,2,2,5,4,4,6,,psychology,1,1,Professor,1,3,1,,,,,1,,,,,,,,,1,,,,1,2,,1,-5,0,25000,0,3,3,0,1,1,3
1,2,5,50,1,80000,50,20,44,4,50,5,5,3,5,2,7,5,4,3,5,6,6,5,2,4,1,2,1,40,4,60000,40,10,90,4,55,3,4,4,4,5,6,5,3,5,2,3,5,5,3,6,,Psychology,1,2,Professor,1,3,4,"No tenure, but I have the closest you could get to tenure at my institution",,,,,,1,EdD,,,,,,1,,,,1,2,,0,-3,-10,-20000,-1,1,3,-1,1,,5
1,1,2,35,4,80000,37,25,100,8,40,4,5,5,4,5,6,5,5,5,4,6,4,4,4,4,1,2,2,35,4,85000,38,25,91,7,60,3,4,5,5,4,5,5,5,4,5,4,5,4,4,1,,psychology,1,1,Professor,1,3,1,,1,,,,,,,,,,,,1,,,,1,1,,1,0,0,5000,-1,0,-1,-1,1,1,5
1,2,5,35,1,45000,55,30,70,8,48,4,4,2,4,2,7,3,7,4,4,4,5,4,2,4,1,2,2,38,3,65000,55,30,96,8,72,8,4,4,4,4,7,7,3,6,4,4,4,5,4,8,,Psychology,1,1,Professor,1,3,3,,1,,,,,,,,,,,,1,,,,1,2,,1,-2,3,20000,0,2,2,0,1,2,6
1,2,5,37,2,45000,55,25,70,5,20,3,3,5,3,4,3,4,3,4,3,6,4,4,4,4,1,2,2,37,4,60000,65,35,96,7,50,3,4,5,5,4,5,4,5,5,5,5,5,4,4,4,,Psychology,1,1,Professor,1,3,1,,1,,,,,,,,,,,,1,,,,1,1,,1,-2,0,15000,1,0,0,2,1,1,5
1,2,5,35,1,45000,55,5,60,7,30,6,5,4,4,2,7,3,5,2,4,4,4,4,4,4,1,2,2,35,3,55000,55,5,99,7,65,3,6,5,5,4,6,6,3,5,4,4,4,4,4,2,,Psychology,1,1,Professor,1,3,1,,1,,,,,,,,,,,,1,,,,1,2,,1,-2,0,10000,1,1,2,-1,1,1,6
1,2,5,35,1,60000,50,35,85,7,30,3,5,2,4,2,7,5,5,5,4,5,4,1,4,4,1,2,3,38,4,60000,50,40,90,7,40,3,4,5,3,4,5,7,5,5,4,4,5,4,1,2,,Psychology,1,1,Professor,1,3,1,,1,,,,,,,,,,,,1,,,,1,2,,1,-3,3,0,-1,3,2,-2,1,1,5
1,2,5,43,1,55000,55,20,100,8,19,5,6,2,6,3,7,3,5,4,4,7,6,1,1,4,1,2,2,45,4,80000,60,30,100,8,60,3,5,5,5,5,7,4,6,5,6,4,6,4,4,1,,Weristing and Rhetoric,3,1,Professor,1,3,1,,1,,,,,,,,,,,,1,,,,1,1,,1,-3,2,25000,-1,3,2,0,3,1,5
1,1,5,40,3,65000,45,5,50,8,10,4,4,2,4,2,6,1,6,6,3,4,4,2,3,4,1,2,1,40,7,75000,30,15,90,4,50,3,2,4,5,4,6,4,5,5,4,4,4,3,5,8,Mostly community college with a few Baccaleaureate degrees,Biological Sciences,2,1,Professor,1,3,1,,1,,,,,,,,,,,,1,,,,1,2,,1,-4,0,10000,-2,2,2,0,2,1,2
1,1,5,,3,50000,40,10,95,7,15,4,4,3,4,3,6,4,4,5,5,4,4,1,4,4,1,2,4,,5,70000,40,20,100,8,30,8,4,4,4,4,6,4,5,5,4,5,4,4,1,1,,English,3,1,Professor (endowed chair),1,3,1,,1,,,,,,,,,,,,1,,,,1,2,,1,-2,,20000,0,1,1,0,3,1,4
1,2,5,45,2,45000,50,10,80,8,30,4,5,3,4,1,6,3,5,4,5,6,4,2,4,4,1,2,1,45,7,80000,50,10,100,8,80,3,5,7,6,5,7,2,5,6,2,5,5,4,5,4,,Psychology,1,1,Professor and Chair,1,3,1,,1,,,,,,,,,,,,1,,,,1,2,,1,-5,0,35000,0,4,4,1,1,1,2
1,2,5,45,1,45000,50,30,70,7,35,6,6,3,6,2,7,5,5,4,6,4,4,4,5,4,1,2,3,45,2,55000,50,30,90,7,50,2,6,6,5,6,4,6,6,6,4,6,4,4,4,4,,Psychology,1,1,Professor of Psychology,1,3,1,,1,,,,,,,,,,,,1,,,,1,2,,1,-1,0,10000,0,3,4,-3,1,1,7
1,1,5,42,1,75000,60,30,80,7,20,4,5,4,4,2,7,4,4,6,4,5,4,3,4,4,1,2,2,40,5,75000,60,25,100,8,70,7,4,5,7,4,7,4,4,6,3,4,5,4,4,4,,English,3,1,"Professor, chair",1,3,1,,1,,,,,,,,,,,,1,,,,1,2,"I realize that you are trying to gauge judgement based on labels, but many of the answers to these questions, for me, would be d",1,-4,-2,0,-1,1,2,0,3,1,4
1,2,5,40,1,57000,55,40,80,4,42,4,4,4,4,3,7,5,4,4,4,4,4,4,4,4,1,2,4,40,2,75000,55,40,94,4,57,3,4,4,4,4,4,6,4,4,4,4,4,4,4,1,,Psychology,1,1,Program Director,0,8,3,,1,,1,1,,,,,,,,,1,,,,1,2,Thank you for studying this very important topic!,1,-1,0,18000,0,0,1,-3,1,2,7
1,2,5,35,1,45000,56,10,90,4,20,4,6,3,4,3,7,6,6,2,4,7,4,4,1,4,1,2,1,40,4,80000,50,30,90,7,50,3,4,5,5,4,5,3,5,7,4,4,7,4,4,1,,Plant Biology,2,1,Research Associate and Instructor,0,9,3,,1,,,,,,,,,,,,1,,,,1,2,,1,-3,5,35000,-2,2,1,-2,2,2,5
1,1,5,45,1,35000,40,20,10,4,5,3,5,2,5,2,7,4,3,6,5,4,4,2,5,4,1,2,2,40,5,65000,40,15,95,8,31,4,4,4,5,4,7,5,5,6,3,4,5,4,4,3,,English,3,,Senior Lecturer,0,5,3,,1,,,,,,,,,,,,1,,,,1,2,,1,-4,-5,30000,-1,2,2,0,3,2,4
1,1,5,38,5,53000,60,30,90,8,25,,,,,6,,6,,,,5,,,5,4,1,2,1,38,5,57000,60,30,99,8,50,3,,,,,,,6,,,,,,,1,,Psychology,1,1,Senior Lecturer,0,5,3,,1,,,,,,,,,,,,1,,,,1,2,,1,0,0,4000,,,,,1,2,4
1,2,5,45,1,60000,55,35,89,7,6,5,6,2,5,2,7,2,4,4,5,6,4,3,5,4,1,2,2,45,5,75000,55,40,100,8,60,3,3,5,5,4,7,3,5,5,5,5,5,4,3,1,,Sociology,4,1,Senior Lecturer,0,5,1,,1,,,,,,,,,,,,1,,,,1,1,,1,-4,0,15000,-3,3,2,0,,1,4
1,2,5,40,4,60000,60,30,80,7,50,6,6,4,5,5,6,3,6,5,4,5,4,3,4,4,1,2,3,40,5,70000,60,30,95,7,70,4,5,5,5,4,6,5,5,6,4,4,4,4,4,1,,Writing Program,3,1,Senior Lecturer with Security of Employment,0,5,4,"I have a kind of teaching tenure. I'm a lecturer and my duties are primarily teaching and administration, and I'm a member of th",1,,,,,,,,,,,,1,,,,1,2,,0,-1,0,10000,-1,1,-1,0,3,,4
1,1,5,35,2,65000,35,15,40,4,30,4,4,4,4,4,4,4,4,4,4,4,4,4,4,4,1,2,2,35,4,75000,35,15,100,5,40,4,4,4,4,4,4,4,4,4,4,4,4,4,4,1,,Social Sciences,4,1,Senior Researcher,0,9,3,,,,,1,,,,,,,,,,1,,,1,3,,1,-2,0,10000,0,0,0,0,,2,5
1,2,5,35,1,48000,60,10,10,4,19,5,3,2,4,1,7,3,4,3,3,5,5,1,1,4,1,2,2,32,3,55000,50,10,100,3,75,3,4,4,2,4,5,5,5,4,5,3,5,5,1,6,,Academic Support,7,1,Student Support Services/Writing Center,0,9,3,,,,,1,,,,,,,,,1,,,,1,2,,1,-2,-3,7000,1,2,3,-2,,2,6
1,2,5,45,1,45000,45,5,30,2,20,4,5,5,4,1,7,2,5,4,4,5,5,3,5,4,1,2,2,30,4,50000,45,5,50,2,40,3,4,3,4,5,5,5,3,4,4,5,5,5,3,1,,English,3,1,University Director of Writing,0,8,4,"When I complete my doctorate, I will be on the tenure track.",1,,,1,,,,,,,,,1,,,,1,2,,0,-3,-15,5000,-1,-2,4,-2,3,,5
1,1,5,60,2,65000,30,10,100,4,20,4,4,4,4,3,7,3,5,5,6,4,4,6,1,4,1,2,3,35,6,85000,40,15,100,7,49,3,3,4,5,4,7,5,3,6,2,2,4,4,5,1,,English,3,1,Visiting Assistant Professor,0,1,3,,1,,,,,,,,,,,,1,,,,1,2,,1,-4,-25,20000,-1,0,1,0,3,2,3
1,2,5,45,1,60000,60,40,14,3,20,4,5,3,5,5,7,2,4,4,4,7,5,3,6,4,1,2,2,45,4,65000,60,30,75,5,50,3,4,6,4,6,6,4,5,5,4,4,6,5,4,2,,English & Writing,3,2,Visiting Assistant Professor,0,1,4,"My institution does not offer tenure, period.",,,,,,1,EdD,,,,,,,,,1,1,3,,0,-3,0,5000,-1,3,1,-1,3,,5
1,2,5,42,1,40000,50,20,60,4,20,5,4,3,4,1,7,4,5,3,4,5,4,3,2,4,1,2,1,40,6,60000,50,20,100,4,65,3,2,5,6,4,5,3,6,6,2,2,4,4,3,4,,Psychology,1,1,Visiting Assistant Professor,0,1,3,,1,,,,,,,,,,,,1,,,,1,2,Very interesting topic! I bet you will also get a lot of differences between views of those working at community colleges and re,1,-5,-2,20000,-2,2,3,-2,1,2,3
1,2,5,30,1,40000,320,80,40,2,9,4,3,1,4,2,7,5,5,6,5,7,5,1,4,4,1,2,1,35,3,55000,320,120,79,8,51,3,5,6,6,4,6,5,5,7,3,5,6,4,2,1,,English and Writing Center,3,1,"Writing Center Director, Instructor",0,8,3,,,,,1,,,,,,,,,1,,,,1,2,,1,-2,5,15000,2,5,2,-1,3,2,6
1,2,5,40,1,45000,50,50,90,8,50,4,5,4,5,5,7,5,6,4,5,7,5,3,4,4,1,2,4,45,4,60000,50,35,100,8,65,3,5,5,6,5,6,6,5,6,4,5,7,5,3,1,,English,3,1,,,,3,,,,,1,,,,,,,,,1,,,,1,1,"I didn't realize until the second person that photos were left out to control for visual biases. In my experience, faculty that ",1,-3,5,15000,0,1,0,-1,3,2,5
1,2,5,45,1,55000,60,45,85,7,55,4,4,4,5,4,5,3,6,6,6,4,4,4,4,4,1,2,2,35,2,50000,60,45,90,7,60,3,4,4,4,5,4,4,3,6,6,3,4,4,4,,,,,,,,,,,,,,,,,,,,,,,,,,,,,,,-1,-10,-5000,0,0,1,-1,,,7
1,2,5,45,1,70000,30,10,63,7,62,6,5,4,5,4,7,6,6,2,6,7,7,7,1,4,1,2,4,35,7,100000,,,,,,,,,,,,,,,,,,,,,,,,,,,,,,,,,,,,,,,,,,,,,,,,,,-6,-10,30000,,,,,,,2
1,2,5,45,4,50000,45,15,45,3,35,4,5,3,4,3,7,6,5,4,4,5,4,4,4,4,1,2,4,45,4,50000,,,,,,,,,,,,,,,,,,,,,,,,,,,,,,,,,,,,,,,,,,,,,,,,,,0,0,0,,,,,,,5
1,1,4,,5,50000,50,20,40,8,19,4,3,5,3,4,1,6,4,3,4,3,3,6,4,5,,,3,35,4,26000,50,30,31,1,52,3,4,3,3,5,4,5,2,3,4,4,4,4,3,5,,English,3,1,Adjunct,0,7,3,,,,,1,,,,1,,,,,1,,,,1,3,"I messed up first person/character's ratings... Thought the """"likely"""" end of the scale was on the left...essentially I think bo",1,1,,-24000,1,-2,1,3,3,2,5
1,2,5,,,,30,10,95,5,20,4,6,2,4,2,6,,4,4,4,7,4,1,1,5,,,4,28,7,25000,20,0,,,50,4,4,4,3,4,4,6,4,3,4,4,6,4,1,5,,Psychology,1,1,Adjunct Assistant Professor,0,7,3,,1,,,,,,,,,,,,1,,,,1,2,,1,,,,-2,2,2,-2,1,2,2
1,2,3,45,3,58000,52,30,9,3,27,5,5,5,4,3,6,5,5,5,5,5,5,3,4,5,,,2,55,4,65000,55,25,8,5,22,3,5,5,5,4,5,5,5,5,4,4,5,4,3,1,,Education,7,1,Adjunct Professor,0,7,4,I retire shortly,1,,,,,,,,,,,,1,,,,1,1,"""""Adjunct Professors"""" at my university are different from how the term is currently used in many other places.  All of us are (",0,-1,10,7000,0,0,1,-1,,,5
1,1,5,45,4,70000,40,20,92,7,10,7,4,1,4,5,7,6,4,7,7,7,4,4,4,5,,,4,30,3,50000,40,0,70,1,32,5,7,2,1,7,5,7,5,2,4,3,7,4,4,1,,Biological Sciences,2,1,Assistant Professor,1,1,2,,1,,,,,,,,,,,1,,,,,2,2,,1,1,-15,-20000,3,1,2,-2,2,1,6
1,2,5,40,2,55000,50,20,70,8,20,4,5,3,5,2,7,2,4,5,4,5,5,1,1,5,,,2,28,2,30000,50,40,20,1,50,3,4,1,3,4,2,7,2,1,3,4,5,5,1,2,,English,3,1,Assistant Professor,1,1,2,,1,,,,,,,,,,,,1,,,,1,2,,1,0,-12,-25000,-1,-2,2,-5,3,1,7
1,2,5,40,1,60000,60,10,90,7,1,7,6,2,6,1,7,3,4,6,4,7,7,1,4,5,,,2,35,2,40000,60,10,70,1,50,3,6,1,2,4,1,6,1,1,4,4,6,6,1,1,,English,3,1,Assistant Professor,1,1,2,,1,,,,,,,,1,,,,,,,,1,1,,1,-1,-5,-20000,0,-1,3,-6,3,1,7
1,2,5,38,2,55000,70,40,71,8,17,6,6,2,6,4,7,2,5,4,6,6,6,2,2,5,,,2,50,2,40000,60,30,15,2,65,3,6,2,2,6,1,7,1,4,2,7,6,6,1,1,,English,3,1,Assistant Professor,1,1,2,,1,,,,,,,,,,,,1,,,,1,2,,1,0,12,-15000,0,0,2,-6,3,1,7
1,2,5,38,2,50000,65,40,70,8,10,7,6,2,4,2,7,3,4,5,5,5,4,2,5,5,,,4,50,2,35000,65,30,20,4,21,4,5,2,2,3,2,7,2,4,5,5,4,4,2,1,,English,3,1,Assistant Professor,1,1,2,,1,,,,,,,,,,,,1,,,,1,2,,1,0,12,-15000,-1,0,1,-5,3,1,7
1,2,5,45,1,60000,50,30,40,8,10,4,5,3,4,5,7,5,5,3,6,4,4,4,3,5,,,2,30,4,30000,35,10,60,2,25,3,4,4,4,4,4,7,4,3,4,5,4,4,4,6,,Humanities,6,1,Assistant Professor,1,1,1,,,,,1,,,,,,,,,1,,,,1,2,,1,-3,-15,-30000,-1,1,-1,-3,,1,5
1,2,5,40,2,45000,50,40,100,7,14,6,6,2,6,6,7,5,6,4,6,6,6,6,4,5,,,4,32,4,36000,50,50,75,1,50,5,6,2,4,5,5,7,5,2,6,5,6,6,1,4,,Modern Languages,6,1,Assistant Professor,1,1,2,,1,,,,,,,,,,,,1,,,,1,2,,1,-2,-8,-9000,0,0,-1,-2,,1,5
1,1,5,42,4,46000,90,40,90,7,20,4,4,4,4,3,6,5,5,5,4,6,4,2,2,5,,,1,36,4,46000,60,30,99,1,30,6,5,3,3,4,5,6,5,5,3,4,6,4,3,1,,Psychology,1,1,assistant professor,1,1,2,,1,,,,,,,,,,,,1,,,,1,1,,1,0,-6,0,1,-1,1,-1,1,1,5
1,2,5,40,2,85000,42,20,98,8,30,4,5,4,4,4,7,5,6,2,4,6,4,4,1,5,,,1,35,2,60000,44,30,79,4,49,4,5,4,3,4,3,7,6,5,4,4,6,5,4,5,,Psychology,1,1,Assistant Professor,1,1,2,,1,,,,,,,,,,,,1,,,,1,2,,1,0,-5,-25000,0,0,0,-4,1,1,7
1,2,5,32,1,55000,40,5,93,4,10,4,4,3,4,2,7,2,3,5,5,4,4,4,4,5,,,2,32,5,65000,40,10,20,1,23,3,4,4,2,4,3,7,2,3,3,5,4,4,4,4,,Psychology,1,1,Assistant Professor,1,1,2,,1,,,,,,,,,,,,1,,,,1,2,"I didn't realize until the second page of the survey for the second profile that the title was """"instructor,"""" so the salary est",1,-4,0,10000,0,1,2,-4,1,1,4
1,2,5,42,1,52000,48,0,80,5,15,5,4,3,4,1,7,3,5,4,5,5,5,3,3,5,,,2,35,2,48000,45,10,90,1,40,7,5,4,5,4,5,5,5,4,4,4,5,5,3,2,,Psychology,1,1,Assistant Professor,1,1,2,,1,,,,,,,,,,,,1,,,,1,2,,1,-1,-7,-4000,1,1,3,-2,1,1,7
1,2,5,50,2,55000,45,15,70,5,20,5,5,5,4,2,6,2,5,5,5,4,4,2,2,5,,,2,33,3,50000,45,5,54,1,27,3,5,3,5,5,2,5,3,2,5,2,5,4,2,2,,Psychology,1,1,Assistant Professor,1,1,2,,1,,,,,,,,,,,,1,,,,1,2,"I think that Ph.D. level faculty should not be titled """"instructor"""" or """"lecturer"""", even if they are an adjunct.  It is a deme",1,-1,-17,-5000,0,-2,3,-4,1,1,6
1,2,5,36,1,60000,55,20,100,8,25,5,5,3,5,4,7,4,5,4,5,5,5,3,1,5,,,2,32,1,40000,50,10,50,1,50,3,4,3,3,6,3,7,4,3,5,5,5,4,2,5,,Psychology,1,1,Assistant Professor,1,1,2,,1,,,,,,,,,,,,1,,,,1,2,,1,0,-4,-20000,-1,0,2,-4,1,1,8
1,2,5,40,1,50000,60,40,50,7,20,4,4,3,4,2,6,2,5,5,6,5,5,1,5,5,,,2,40,4,76000,60,40,90,5,69,4,4,4,4,4,5,4,5,5,4,6,5,5,4,2,,Psychology,1,1,Assistant Professor,1,1,2,,1,,,,,,,,,,,,1,,,,1,2,,1,-3,0,26000,0,1,2,-1,1,1,5
1,1,5,45,2,40000,50,20,80,2,20,4,5,5,5,1,7,2,6,3,4,6,4,3,4,5,,,4,35,2,45000,50,35,90,2,40,7,5,4,5,4,3,7,3,2,4,4,4,4,2,2,,Psychology,1,1,Assistant Professor,1,1,2,,1,,,,,,,,,,,,1,,,,1,2,,1,0,-10,5000,0,-1,3,-4,1,1,7
1,2,5,38,2,50000,50,20,80,8,40,4,4,3,4,3,7,3,6,4,4,6,4,4,4,5,,,4,35,2,50000,50,0,30,1,50,3,4,3,2,4,2,7,4,4,4,4,5,4,2,5,,Psychology,1,1,Assistant Professor,1,1,2,,1,,,,,,,,,,,,1,,,,1,2,,1,0,-3,0,0,0,1,-5,1,1,7
1,2,5,35,3,65000,40,40,90,7,50,4,4,2,4,3,6,3,5,5,4,6,5,2,5,5,,,4,35,3,55000,45,40,50,1,40,3,4,3,3,4,3,6,3,3,4,4,6,4,2,4,,Psychology,1,1,Assistant Professor,1,1,2,,1,,,,,,,,,,,,1,,,,1,2,Just a quick note - I found it difficult to answer the prestige question due to a vague reference group. I evaluated the prestig,1,0,0,-10000,0,1,1,-3,1,1,6
1,2,5,40,1,65000,50,25,90,8,70,4,4,4,4,4,7,4,4,4,4,4,4,4,4,5,,,4,30,2,30000,50,0,50,2,70,6,4,2,4,4,4,7,4,4,4,4,4,4,4,5,,Writing Program,3,1,Assistant Professor,1,1,2,,1,,,,,,,,,,,,1,,,,1,2,I believe I've been in enough job searches (on both sides) to know that titles and names don't convey the same things across uni,1,-1,-10,-35000,0,-2,0,-3,3,1,7
1,2,5,40,2,50000,40,10,70,7,6,5,5,3,5,5,7,4,5,6,5,5,4,3,3,5,,,2,35,2,4000,40,20,59,2,23,4,5,4,3,5,5,7,2,5,4,5,5,4,2,1,,Educational Research,7,1,assistant professor,1,1,2,,1,,,,,,,,,,,,1,,,,1,1,I accidentally entered 4000 for second salary. Should be 40000. Maybe made same mistake w 55000 for previous. Also the sliders w,1,0,-5,-46000,0,1,0,-2,,1,7
1,2,5,25,2,45000,60,60,70,8,10,4,4,4,4,2,7,4,4,4,4,4,4,4,4,5,,,1,,1,45000,60,60,80,1,60,3,4,4,4,4,3,7,4,4,4,4,4,4,4,1,,n/a; College = Natural Science,5,1,Assistant Professor-Fixed Term,0,1,3,,1,,,,,,,,1,,,,1,,,,1,2,"At our institution we have fixed-term, continuing, tenure-stream, and administrative faculty. Fixed-term faculty have annual app",1,1,,0,0,0,2,-4,,2,8
1,2,5,35,2,50000,60,35,100,4,50,5,5,5,5,6,7,7,5,4,5,4,4,4,4,5,,,4,35,2,50000,60,35,95,4,50,3,5,5,5,5,4,7,7,3,4,6,4,4,4,1,,Biological Science,2,1,Assistant Teaching Professor,0,1,3,,,,,1,,,,,,,,,1,,,,1,2,"Based on the 'community college' in the title of the first, I read the first person as still more of teaching professor.  Howeve",1,0,0,0,0,0,-1,-3,2,2,7
1,2,5,30,1,60000,60,30,92,4,30,4,5,2,4,2,7,3,4,2,4,7,7,4,4,5,,,4,40,2,60000,60,30,94,3,42,3,5,3,2,4,2,7,3,4,3,4,7,7,4,1,,Biological Sciences,2,1,Assistant Teaching professor,0,1,2,,1,,,,,,,,,,,,1,,,,1,2,,1,-1,10,0,0,1,2,-5,2,1,7
1,2,5,42,4,65000,50,10,100,8,28,4,4,4,5,4,6,4,4,4,4,4,4,1,4,5,,,1,35,4,60000,50,0,100,1,31,4,4,2,2,4,3,7,3,3,4,4,4,4,2,1,,Developmental and Cell Biology,2,1,Assistant Teaching Professor,0,1,2,,,,,,1,,,,,,,,1,,,,1,1,"AT UC Irvine, our official title is """"Lecturer with Potential Security of Employment,"""" which is a fantastic tenure-track positi",1,0,-7,-5000,0,-2,0,-3,2,1,5
1,2,5,45,1,60000,65,5,85,5,8,3,4,3,5,4,5,4,3,3,4,4,4,1,3,5,,,2,30,1,30000,100,40,30,1,49,4,3,1,1,1,1,7,2,1,4,1,1,4,1,4,,Writing Across the Curriculum,3,1,Assistant Teaching Professor,0,1,3,,1,,,,,,,,,,,,1,,,,1,2,I believe that there is real value in asking these questions about perception of faculty and institutions.,1,0,-15,-30000,-1,-2,-3,-4,3,2,8
1,1,5,40,1,50000,45,0,70,5,12,5,4,2,6,2,7,4,4,6,6,5,5,2,3,5,,,1,40,2,43000,45,0,76,1,44,3,5,3,3,5,2,6,4,2,6,5,5,5,2,1,,English,3,1,Assoc prof,1,2,1,,1,,,,,,,,,,,,1,,,,1,2,,1,-1,0,-7000,1,1,3,-5,3,1,7
1,2,5,40,2,70000,50,50,80,8,50,4,4,4,4,3,5,4,6,3,3,4,4,4,4,5,,,1,32,3,50000,50,50,100,1,50,9,4,4,4,4,3,5,4,5,4,4,4,4,4,1,,Biological Sciences,2,1,Associate Professor,1,2,1,,1,,,,,,,,,,,,1,,,,1,2,,1,-1,-8,-20000,0,0,1,-2,2,1,6
1,1,5,45,2,46000,37,5,71,1,20,5,5,2,5,1,7,5,6,4,5,6,6,2,4,5,,,4,35,3,42000,40,5,50,1,60,3,5,5,3,6,5,7,5,5,7,4,5,5,2,4,,Biological sciences,2,1,Associate Professor,1,2,1,,1,,,,,,,,,,,,1,,,,1,1,"Geography may play a role as well; coming from an area with three R1 Universities within 20 miles of each other, many peers at c",1,-1,-10,-4000,0,3,5,-2,2,1,6
1,2,5,40,1,70000,50,8,75,8,10,5,4,2,4,4,7,4,6,5,5,5,5,1,5,5,,,2,50,2,55000,50,8,50,1,40,5,3,3,1,3,2,6,5,3,4,5,4,4,1,2,,Biology,2,1,Associate Professor,1,2,1,,1,,,,,,,,,,,,1,,,,1,1,,1,-1,10,-15000,-1,1,-1,-5,2,1,7
1,2,5,40,1,80000,50,0,24,4,25,4,4,4,4,1,7,3,4,3,4,3,4,4,4,5,,,2,40,4,50000,50,0,35,2,50,3,4,4,4,4,4,7,2,4,4,4,4,4,4,2,,Biology,2,1,Associate Professor,1,2,1,,1,,,,,,,,,,,,1,,,,1,1,,1,-3,0,-30000,0,0,3,-3,2,1,5
1,1,5,45,2,45000,40,10,74,5,10,4,4,3,4,4,6,4,4,5,5,4,4,3,4,5,,,1,33,2,41000,40,10,50,2,72,9,5,3,3,4,4,6,4,4,5,5,4,4,3,4,,English,3,1,Associate Professor,1,2,1,,1,,,,,,,,,,,,1,,,,1,2,,1,0,-12,-4000,1,0,0,-2,3,1,7
1,2,5,55,2,80000,40,20,40,5,25,4,4,4,3,3,6,4,4,4,4,4,4,4,4,5,,,1,35,4,55000,40,25,40,3,40,3,4,4,4,4,3,5,5,4,4,4,4,4,4,1,,English,3,1,Associate Professor,1,2,1,,1,,,,,,,,,,,,1,,,,1,2,"It felt wrong to make assessments on so little information, so I tried not to.  This is why many of my responses are 4 (neutral)",1,-2,-20,-25000,0,0,1,-3,3,1,5
1,2,5,38,1,40000,60,0,40,5,83,4,5,5,4,3,7,3,6,,,6,4,2,1,5,,,1,38,4,55000,60,0,65,2,55,3,4,4,4,4,3,4,3,3,5,4,5,4,3,1,,English,3,1,Associate Professor,1,2,1,,1,,,,,,,,,,,,1,,,,1,1,"Wish I could have gone back as I listed $55,000 for the Instructor's salary (missed the """"Instructor"""" title) so I would have as",1,-3,0,15000,-1,-1,1,-4,3,1,5
1,1,5,40,2,65000,35,8,50,8,10,4,5,1,4,2,7,4,5,5,4,5,4,1,1,5,,,2,35,2,40000,35,0,9,1,20,3,5,2,2,5,2,7,4,5,3,4,5,4,4,2,,English,3,1,Associate professor,1,2,1,,1,,,,,,,,,,,,1,,,,1,2,,1,0,-5,-25000,0,1,3,-5,3,1,7
1,1,5,40,2,38000,50,20,70,8,29,5,5,3,4,2,7,2,6,3,4,5,5,3,3,5,,,2,35,4,26000,50,20,60,1,40,3,4,3,4,4,3,7,3,5,4,4,5,5,2,1,,English,3,1,Associate Professor,1,2,1,,1,,,,,,,,,,,,1,,,,1,2,,1,-2,-5,-12000,-1,0,2,-4,3,1,5
1,2,5,42,1,48000,60,10,80,,20,6,6,3,5,5,7,2,3,5,5,6,5,4,5,5,,,2,36,2,30000,40,10,70,1,65,3,6,3,2,4,3,6,3,3,2,4,5,5,2,2,,English,3,1,Associate Professor,1,2,1,,1,,,,,,,,,,,,1,,,,1,2,,1,-1,-6,-18000,0,0,-1,-4,3,1,7
1,2,5,40,1,65000,60,20,50,5,5,4,4,4,4,4,7,4,4,4,4,4,4,4,4,5,,,2,30,2,38000,70,20,70,1,39,3,4,2,4,4,4,7,4,3,4,4,4,4,2,2,,English,3,1,Associate Professor,1,2,1,,1,,,,,,,,,,,,1,,,,1,2,,1,-1,-10,-27000,0,-2,0,-3,3,1,7
1,2,5,40,2,56000,50,30,60,7,40,4,4,4,4,4,5,3,5,5,6,4,4,4,4,5,,,2,35,4,50000,60,30,80,2,30,6,4,4,4,4,5,5,5,4,5,5,4,4,4,2,,English,3,1,Associate Professor,1,2,1,,1,,,,,,,,,,,,1,,,,1,2,,1,-2,-5,-6000,0,0,0,0,3,1,5
1,1,5,35,1,45000,50,20,61,5,30,4,4,2,5,3,6,3,5,5,4,5,5,4,4,5,,,4,30,2,45000,50,8,40,2,61,5,4,4,5,4,5,5,6,5,6,4,5,5,3,2,,English,3,1,Associate Professor,1,2,1,,,,,1,,,,,,,,,1,,,,1,2,Interesting study idea.,1,-1,-5,0,0,2,1,-1,3,1,7
1,1,5,35,2,60000,40,20,70,8,10,4,4,4,4,4,7,4,4,4,4,4,4,4,4,5,,,4,30,4,30000,40,40,50,1,10,3,4,4,4,4,4,7,4,4,4,4,4,4,4,1,,English,3,1,Associate Professor,1,2,1,,1,,,,,,,,,,,,1,,,,1,1,,1,-2,-5,-30000,0,0,0,-3,3,1,5
1,2,5,40,2,60000,60,20,85,7,20,4,5,3,4,4,7,3,5,4,4,5,4,3,4,5,,,2,40,2,30000,60,30,50,2,30,3,4,3,3,4,4,5,3,4,4,4,4,4,2,2,,English and Writing,3,1,Associate Professor,1,2,1,,1,,,,,,,,,,,,1,,,,1,1,,1,0,0,-30000,-1,0,0,-3,3,1,7
1,2,5,50,2,50000,553,30,82,5,4,6,6,3,6,3,7,5,5,3,5,6,4,1,1,5,,,4,30,2,45000,50,20,40,1,23,3,5,3,2,5,3,6,5,2,4,3,6,4,1,4,,Mathematics and Engineering,5,2,Associate Professor,1,2,4,"We do not have tenure.  We have """"extended contract"""" but I have not pursued because I am secure in my position.",1,,,,,,,,,,,,1,,,,1,2,,0,0,-20,-5000,-1,0,2,-4,,,7
1,2,5,40,2,50000,50,40,80,8,20,4,4,4,4,2,7,3,4,4,4,6,4,2,2,5,,,4,35,2,52000,50,30,90,1,30,11,4,4,4,4,3,7,3,5,4,4,6,4,2,1,,Molecular Cellular and Developmental Biology,2,1,Associate Professor,1,2,1,,1,,,,,,,,,,,,1,,,,1,2,"I recently transitioned from non-tenure track to tenure track.  I was an """"instructor"""" and I do think that people are biased ag",1,0,-5,2000,0,0,2,-4,2,1,7
1,2,5,40,1,80000,25,8,60,8,20,5,5,4,5,2,5,2,5,2,5,5,5,3,4,5,,,1,40,5,32000,30,20,50,1,50,3,4,2,3,4,2,5,2,2,4,5,5,4,1,2,,Psychology,1,1,Associate Professor,1,2,1,,1,,,,,,,,,,,,1,,,,1,1,,1,-4,0,-48000,-1,-2,2,-3,1,1,4
1,2,5,42,2,40000,30,0,50,2,20,5,3,3,5,2,7,3,5,4,5,5,5,3,3,5,,,1,32,2,40000,40,0,60,2,70,3,5,5,5,5,5,5,5,5,4,3,5,5,3,1,,Psychology,1,2,Associate Professor,1,2,3,,1,,,,,,,,,,,,1,,,,1,2,,1,0,-10,0,2,2,3,-2,1,2,7
1,2,5,35,2,45000,60,25,30,2,10,5,5,3,5,4,7,3,4,5,6,6,6,1,5,5,,,1,45,6,65000,40,40,60,2,15,12,4,3,3,5,4,7,5,4,4,4,5,5,2,4,,Psychology,1,1,Associate Professor,1,2,1,,1,,,,,,,,,,,,1,,,,1,2,,1,-4,10,20000,-1,0,1,-3,1,1,3
1,2,5,40,1,50000,50,30,80,5,29,7,5,3,5,5,7,2,4,4,4,4,4,4,5,5,,,1,35,1,40000,50,30,80,2,37,3,6,3,3,4,3,7,2,4,4,4,4,4,4,1,,Psychology,1,1,Associate Professor,1,2,1,,1,,,,,,,,,,,,1,,,,1,1,,1,0,-5,-10000,1,0,-1,-4,1,1,8
1,2,5,35,2,60000,48,35,80,5,31,5,6,4,5,3,7,4,6,4,4,6,5,2,2,5,,,1,32,2,60000,50,40,90,2,60,8,5,3,3,5,5,6,5,4,4,4,5,5,2,4,,Psychology,1,1,Associate Professor,1,2,1,,1,,,,,,,,,,,,1,,,,1,2,,1,0,-3,0,-1,-1,2,-2,1,1,7
1,2,5,35,1,50000,40,25,71,4,20,5,5,3,4,3,6,5,5,6,6,5,4,2,3,5,,,2,30,2,30000,40,40,26,1,35,4,6,3,3,5,5,5,5,3,3,2,5,5,2,2,,psychology,1,1,Associate Professor,1,2,1,,1,,,,,,,,,,,1,,,,,1,2,,1,-1,-5,-20000,1,0,2,-1,1,1,7
1,2,5,40,1,60000,45,20,60,1,50,4,4,3,4,1,7,2,5,6,4,4,4,4,4,5,,,3,28,2,40000,45,20,20,1,50,3,4,3,2,4,1,7,2,3,4,4,4,4,4,4,,Psychology,1,1,Associate Professor,1,2,1,,1,,,,,,,,,,,,1,,,,1,2,,1,-1,-12,-20000,0,0,3,-6,1,1,7
1,2,5,35,4,90000,50,40,100,5,30,5,6,5,6,3,7,6,6,4,4,6,6,4,1,5,,,4,30,2,70000,50,40,50,2,60,8,6,4,4,5,6,6,6,6,4,4,6,6,1,5,,Psychology,1,2,Associate Professor,1,2,4,Institution does not have tenure,1,,,,,,,,,,,,1,,,,1,2,,0,2,-5,-20000,0,-1,2,-1,1,,7
1,2,5,38,1,38000,45,0,50,2,2,5,4,1,4,3,7,2,4,7,4,3,4,1,4,5,,,4,32,4,45000,45,0,61,4,19,5,5,4,2,4,5,7,3,4,4,5,4,4,1,3,,Psychology,1,1,Associate Professor,1,2,1,,1,,,,,,,,,,,,1,,,,1,2,,1,-3,-6,7000,1,3,1,-2,1,1,5
1,1,5,40,1,65000,40,20,80,8,40,5,4,4,4,7,7,4,4,1,4,4,4,4,4,5,,,4,30,2,50000,40,20,60,4,50,3,4,4,4,4,3,7,4,4,4,4,4,4,4,3,,Social Sciences,4,1,Associate Professor,1,2,1,,1,,,,,,,,,,,,1,,,,1,2,,1,-1,-10,-15000,0,0,-3,-4,,1,7
1,2,5,,1,65000,50,40,80,8,40,5,5,3,5,4,7,4,5,3,4,4,4,4,4,5,,,1,,6,95000,50,30,100,1,60,4,5,3,3,3,4,7,3,2,6,4,4,4,4,3,,University Writing Program,3,1,Associate Professor,1,2,3,,1,,,,,,,,,,,,1,,,,1,2,,1,-5,,30000,0,0,-1,-3,3,2,3
1,1,5,45,1,50000,60,40,70,4,10,4,4,2,4,2,7,3,4,6,4,6,6,2,4,5,,,1,35,2,50000,40,20,100,2,71,6,5,4,3,6,5,7,5,1,4,6,6,6,2,1,,English,3,1,Associate Professor of Instruction,0,2,3,,1,,,,,,,,,,,,1,,,,1,1,"Interesting.  The position of """"instructor"""" at the RI university is a bit of a trap.  Also, you might consider other angles: I ",1,-1,-10,0,1,2,4,-2,3,2,7
1,2,5,40,1,60000,55,2,50,8,10,4,4,5,4,2,7,4,5,4,5,5,4,4,4,5,,,4,35,2,60000,55,0,80,1,26,3,6,3,3,4,2,6,5,4,5,5,5,4,4,2,,Psychology,1,1,Associate Professor; Chair,1,2,1,,1,,,,,,,,,,,,1,,,,1,1,,1,-1,-5,0,2,-2,2,-5,1,1,7
1,1,5,38,1,25000,80,20,12,4,5,4,4,1,4,1,7,2,1,7,7,7,7,1,1,5,,,4,26,1,300000,80,20,10,4,33,3,4,4,5,4,1,7,4,1,1,4,4,4,1,1,,English,3,1,Career Instructor,0,6,3,,,,,1,,,,,,,,,1,,,,1,2,"I have been an instructor and a lecturer, but I feel that neither really describes what I do. I do feel that the titles are desi",1,0,-12,275000,0,3,3,-6,3,2,8
1,1,5,35,1,55000,45,0,70,7,19,,,,,,,,,,,5,4,1,1,5,,,4,35,6,16000,20,0,100,1,20,3,,,,,,,,,,,5,4,1,6,,English,3,1,CC Professor,0,9,1,,1,,,,,,,,,,,,1,,,,1,2,"""""Instructor"""" communicates less prestige. Currently, my institution (a community college) formally (on individual contracts) di",1,-5,0,-39000,,,,,3,1,3
1,2,5,45,2,65000,50,10,70,7,19,3,2,2,3,2,6,4,2,4,4,4,4,4,4,5,,,2,35,2,45000,50,10,50,1,49,3,4,4,3,4,2,7,4,4,4,4,4,4,4,1,,Biological Sciences,2,1,Director,0,8,3,,1,,,,,,,,,,,,1,,,,1,1,"So, I interpreted the lack of picture and information as being meaningful, but I don't know if that was appropriate. I also trea",1,0,-10,-20000,2,2,2,-4,2,2,7
1,2,5,40,2,65000,35,5,62,5,10,5,5,1,5,2,7,3,4,7,7,6,4,2,4,5,,,3,35,4,55000,40,5,72,1,51,4,4,4,2,5,2,7,4,2,4,6,5,5,2,1,,Literature,3,1,Director,0,8,3,,,,,1,,,,,,,,,1,,,,1,1,,1,-2,-5,-10000,-1,3,3,-5,3,2,5
1,2,5,45,1,50000,50,20,30,2,10,4,4,3,5,3,7,3,3,6,6,4,4,3,3,5,,,2,27,2,35000,50,10,10,1,20,3,4,3,3,4,3,6,3,3,6,4,4,4,2,1,,English,3,1,Director and Professor,1,3,1,,1,,,,,,,,,,,,1,,,,1,2,,1,-1,-18,-15000,0,0,1,-4,3,1,7
1,1,5,38,2,50000,45,40,42,7,31,4,4,3,4,2,6,2,5,4,4,4,4,4,4,5,,,2,50,1,30000,40,20,30,1,29,3,4,2,2,4,2,5,2,3,5,4,4,4,2,1,,Biology,2,1,Full Professor,1,3,1,,1,,,,,,,,,,,,1,,,,1,1,,1,1,12,-20000,0,-1,2,-4,2,1,8
1,1,5,45,2,35000,60,10,25,3,9,6,6,2,4,2,7,2,4,6,4,4,4,2,4,5,,,2,35,2,35000,50,10,35,2,40,3,4,4,3,4,4,6,3,3,6,4,4,4,2,2,,English,3,1,Full Professor,1,3,1,,1,,,,,,,,,,,,,,,1,1,2,,1,0,-10,0,-2,2,2,-3,3,1,7
1,2,5,50,1,40000,50,40,40,2,20,4,5,3,7,2,7,3,6,3,5,6,7,1,3,5,,,2,40,2,40000,50,40,80,2,50,3,6,4,5,7,4,7,6,5,5,6,6,6,1,1,,English,3,1,Full Professor,1,3,1,,1,,,,,,,,,,,,1,,,,1,2,,1,-1,-10,0,1,1,5,-3,3,1,7
1,2,5,55,2,50000,30,20,41,2,9,4,5,2,5,5,3,6,5,6,6,4,4,1,4,5,,,2,55,3,70000,30,30,89,4,34,3,4,3,3,3,3,3,5,2,5,6,4,4,1,4,,Psychology,1,1,Full Professor,1,3,1,,1,,,,,,,,,,,,1,,,,1,2,,1,-1,0,20000,-1,1,-2,0,1,1,6
1,2,5,45,3,75000,50,30,99,7,46,4,4,4,4,4,7,6,6,4,4,4,4,4,1,5,,,2,45,3,75000,50,30,99,4,48,3,4,4,4,4,4,7,6,5,4,4,4,4,4,1,,Biology,2,1,Instructor,0,6,2,,1,,,,,,,,,,,,1,,,,1,2,"I am not sure that I selected a consent option at the start of survey. If I forgot to click on a consent option, please take thi",1,0,0,0,0,0,0,-3,2,1,6
1,1,5,35,1,75000,25,0,30,8,21,4,4,6,4,5,7,5,6,7,6,6,5,4,3,5,,,3,45,2,90000,40,15,79,1,55,5,3,3,5,5,5,7,5,6,4,7,7,7,6,6,,English,3,1,Instructor,0,6,2,,,,,1,,,,,,,,,1,,,,1,2,Gender mattered a great deal to me as I was answering these questions.,1,-1,10,15000,-1,-3,0,-2,3,1,7
1,2,5,36,2,35000,60,20,76,5,10,5,5,2,5,5,7,2,3,4,3,5,5,2,3,5,,,4,28,4,30000,40,15,37,2,30,4,4,3,3,3,2,6,2,3,4,3,5,5,2,1,,English,3,1,Instructor,0,6,4,I am a PhD candidate who hopes to be on the tenure track,,,1,1,,,,,,,,,1,,,,1,2,,0,-2,-8,-5000,-1,1,-2,-5,3,,5
1,1,5,38,2,48000,50,20,70,7,70,4,6,5,4,5,7,6,6,7,4,6,4,4,4,5,,,2,32,4,20000,40,30,29,1,34,3,6,5,4,4,1,7,7,2,4,4,6,6,1,1,,English,3,1,Lecturer,0,4,3,,,,,1,,,,,,,,,1,,,,1,2,,1,-2,-6,-28000,0,0,-1,-6,3,2,5
1,2,5,40,2,55000,45,25,70,5,29,4,3,3,4,3,6,3,5,5,5,6,6,3,2,5,,,1,30,2,35000,45,15,83,1,66,5,6,4,3,5,4,6,4,5,3,4,6,5,4,1,,Psychology,1,1,Lecturer,0,4,3,,1,,,,,,,,,,,,1,,,,1,2,,1,0,-10,-20000,3,1,2,-2,1,2,7
1,2,5,45,2,55000,58,10,45,8,5,4,4,2,5,5,7,1,4,4,6,5,5,4,4,5,,,1,35,3,55000,55,10,80,2,39,3,5,2,1,6,2,6,2,6,2,5,5,5,5,1,,Biological Sciences,2,1,Post-doctoral Fellow,,,3,,1,,,,,,,,,,,,1,,,,1,2,,1,-1,-10,0,1,0,1,-5,2,2,6
1,2,5,40,2,50000,50,20,90,7,10,4,6,2,6,2,7,2,6,6,4,6,4,2,5,5,,,1,40,5,50000,45,10,95,1,55,10,6,3,4,6,4,7,5,2,3,3,6,6,2,1,,Biochemistry & Molecular Biology,5,1,Professor,1,3,1,,1,,,,,,,,,,,,1,,,,1,,,1,-3,0,0,0,1,4,-3,,1,4
1,1,5,40,4,50000,45,0,75,1,30,4,4,4,4,2,6,4,4,4,4,4,4,4,4,5,,,1,40,6,50000,50,0,95,2,30,4,4,4,4,4,4,6,4,4,4,4,4,4,2,1,,Biological Sciences,2,1,Professor,1,3,1,,1,,,,,,,,,,,,1,,,,1,1,,1,-2,0,0,0,0,2,-2,2,1,3
1,2,5,40,4,45000,50,10,81,4,25,4,4,4,4,4,6,4,4,4,4,4,4,4,4,5,,,2,40,4,45000,50,10,81,3,50,7,4,4,4,4,4,6,4,4,4,4,4,4,4,2,,Chemistry,5,1,Professor,1,3,1,,1,,,,,,,,,,,,1,,,,1,2,,1,0,0,0,0,0,0,-2,,1,5
1,1,5,55,1,52000,32,8,,1,70,7,5,6,5,5,7,5,6,6,7,7,6,4,1,5,,,3,45,6,65000,28,5,80,7,80,4,6,6,6,7,7,2,6,5,6,6,6,6,4,6,,Engish,3,1,Professor,1,3,1,,,,,,,1,Ed.D,,,,1,,,,,,1,2,Thank you for asking about perceptions. I hope you will share the results.,1,-5,-10,13000,1,0,2,0,3,1,3
1,1,5,37,2,48000,55,35,80,7,1,5,5,4,4,2,7,3,4,7,,6,4,2,4,5,,,1,24,8,13000,20,0,19,1,48,4,4,4,4,4,2,7,5,2,4,2,6,4,2,1,,English,3,1,Professor,1,3,1,,,,,1,,,,,,,,,,1,Asian/Caucasian,,1,1,,1,-6,-13,-35000,-1,0,2,-5,3,1,1
1,1,1,35,1,60000,40,5,30,8,10,4,6,5,4,3,7,3,5,4,5,4,4,4,4,5,,,1,28,2,30000,40,20,30,1,60,6,4,1,1,4,1,7,5,3,4,4,4,4,4,1,,English,3,1,Professor,1,3,1,,1,,,,,,,,,,1,,,,,,1,2,"Titles such as teaching associate professor, professor of practice, clinical professor all suggest that the person's role is les",1,-1,-7,-30000,-2,-4,1,-6,3,1,7
1,1,5,45,1,70000,40,25,91,7,34,5,5,3,4,6,7,4,5,6,5,6,6,2,4,5,,,2,32,5,55000,45,35,86,1,57,3,4,2,3,4,5,7,7,4,5,3,5,4,1,1,,English,3,1,Professor,1,3,1,,1,,,,,,,,,,,,1,,,,1,1,,1,-4,-13,-15000,-1,-1,-2,-2,3,1,4
1,2,5,43,2,65000,40,20,85,7,21,4,4,4,4,4,7,4,4,4,4,6,4,3,4,5,,,2,33,2,40000,40,20,74,2,57,3,4,4,4,4,4,7,4,3,4,4,4,4,3,1,,English,3,1,Professor,1,3,1,,1,,,,,,,,,,,,1,,,,1,2,,1,0,-10,-25000,0,0,0,-3,3,1,7
1,2,5,37,1,50000,50,20,50,8,20,3,5,2,4,2,6,1,3,4,4,4,4,4,4,5,,,2,30,2,38000,50,0,30,1,40,5,3,2,1,4,2,6,2,3,4,4,4,4,4,2,,English,3,1,Professor,1,3,1,,1,,,,,,,,,,,,1,,,,1,2,,1,-1,-7,-12000,-2,0,2,-4,3,1,7
1,2,5,35,1,45000,50,25,50,4,39,4,4,3,4,3,7,4,4,5,4,4,4,3,3,5,,,2,30,2,40000,50,25,19,2,38,5,4,3,3,4,3,7,3,3,5,4,4,4,3,2,,English,3,1,Professor,1,3,1,,1,,,,,,,,,,,,1,,,,1,1,"Titles such as """"assistant"""" and """"associate professor"""" should be reserved for those with the Ph.D. and on the tenure-track, re",1,-1,-5,-5000,0,0,1,-4,3,1,7
1,1,5,36,2,75000,70,30,50,4,5,4,4,4,4,2,2,2,3,4,5,6,4,4,4,5,,,4,37,3,40000,70,25,55,1,7,3,5,3,2,4,5,7,5,4,7,2,4,5,2,1,,English,3,1,Professor,1,3,1,,1,,,,,,,,,,,,1,,,,1,1,,1,-1,1,-35000,1,-1,2,3,3,1,6
1,1,5,40,2,50000,50,30,91,7,10,7,6,4,4,2,7,2,6,2,4,4,4,4,4,5,,,,35,2,40000,50,50,70,1,29,3,4,2,4,4,5,7,4,4,5,4,4,4,4,8,state liberal arts college,English,3,1,Professor,1,3,1,,1,,,,,,,,,,,,1,,,,1,2,,1,0,-5,-10000,-2,-2,2,-2,3,1,7
1,2,5,40,2,47000,55,30,69,7,29,7,6,3,5,,2,2,6,6,5,6,4,2,2,5,,,3,27,2,45000,60,50,33,2,40,3,5,4,3,6,4,7,2,2,5,1,6,5,2,2,,English,3,1,Professor,1,3,1,,1,,,,,,,,,,,,1,,,,1,2,,1,0,-13,-2000,-1,1,,2,3,1,7
1,1,5,35,2,55000,45,20,89,8,19,5,4,3,4,3,7,3,5,4,5,4,4,4,4,5,,,1,30,2,50000,50,20,92,1,41,3,5,3,3,4,4,7,4,3,5,4,4,4,4,1,,Psychology,1,1,Professor,1,3,1,,1,,,,,,,,,,,,1,,,,1,1,,1,0,-5,-5000,1,0,1,-3,1,1,7
1,2,5,35,2,50000,50,30,65,4,10,4,5,2,4,4,5,4,2,5,5,4,4,1,5,5,,,1,45,5,70000,55,0,51,1,50,6,4,3,3,4,3,6,4,4,4,4,4,4,2,4,,Psychology,1,1,Professor,1,3,1,,1,,,,,,,,,,,,1,,,,1,2,,1,-3,10,20000,-1,1,0,-2,1,1,4
1,2,5,40,2,57000,35,25,70,5,30,4,5,4,5,3,7,6,7,4,5,6,5,4,4,5,,,2,35,3,50000,40,20,20,2,40,3,4,5,3,5,3,7,6,4,5,4,6,6,3,5,,Psychology,1,1,Professor,1,3,1,,1,,,,,,,,,,,,1,,,,1,1,,1,-1,-5,-7000,-1,1,2,-4,1,1,6
1,2,5,50,1,60000,50,20,50,7,20,6,5,3,4,2,6,1,6,5,4,4,4,1,3,5,,,2,30,2,50000,40,20,0,1,30,3,4,2,3,4,2,5,1,4,6,4,4,4,1,4,,Psychology,1,1,Professor,1,3,1,,1,,,,,,,,,,,,1,,,,1,1,,1,-1,-20,-10000,-1,-1,2,-4,1,1,7
1,2,5,32,1,60000,50,50,30,8,19,5,5,4,4,2,7,2,5,2,5,5,4,4,4,5,,,2,30,2,40000,50,50,50,1,49,5,5,5,3,5,3,7,2,3,5,4,5,4,1,2,,Psychology,1,1,Professor,1,3,1,,1,,,,,,,,,,,,1,,,,1,2,,1,-1,-2,-20000,0,1,3,-4,1,1,7
1,2,5,60,1,60000,50,25,50,2,10,3,4,2,4,3,7,4,4,4,6,4,4,2,3,5,,,4,35,4,30000,20,0,40,1,20,3,4,2,1,4,3,6,4,4,5,4,4,4,2,1,,Psychology,1,1,Professor,1,3,1,,1,,,,,,,,,,,,1,,,,1,1,,1,-3,-25,-30000,0,0,1,-4,1,1,5
1,2,5,35,2,65000,50,20,100,7,40,6,6,5,5,7,7,5,7,2,4,7,6,2,2,5,,,2,35,2,50000,50,0,40,1,50,3,4,4,4,4,3,6,2,4,4,4,6,6,2,2,,Writing,3,1,Professor,1,3,1,,1,,,,,,,,,,,,,,,1,1,1,,1,0,0,-15000,-2,-1,-3,-4,3,1,7
1,1,5,35,1,65000,50,30,50,4,25,5,4,1,4,5,7,2,3,6,5,5,4,2,4,5,,,2,30,2,30000,30,20,70,1,62,3,6,2,1,4,5,6,5,1,7,3,4,4,1,1,,English,3,1,Professor,1,3,1,,1,,,,,,,,,,,1,,,,,2,1,,1,-1,-5,-35000,2,1,-1,-2,3,1,7
1,2,5,36,1,36000,70,35,40,4,24,5,5,5,5,5,6,2,6,4,4,5,5,2,5,5,,,2,40,2,40000,50,15,20,1,20,3,4,3,3,4,1,7,4,4,4,4,5,6,2,1,,Rhetoric and Writing,3,1,Professor / Full,1,3,1,,1,,,,,,,,,,,,1,,,,1,2,,1,-1,4,4000,-1,-2,-1,-5,3,1,7
1,2,5,45,2,50000,55,35,75,7,22,6,6,4,4,2,7,2,4,5,5,7,4,2,3,5,,,2,40,2,65000,55,40,71,1,39,3,4,4,3,5,2,7,3,4,3,3,5,4,2,8,I am retired from a small liberal arts college.,Biology (formerly),2,1,Professor Emeritus,1,3,4,I was tenured until my retirement.,1,,,,,,,,,,,,1,,,,1,2,"I know people who serve at community colleges or as instructors at universities by choice, preferring to focus on teaching and m",0,0,-5,15000,-2,0,3,-5,2,,7
1,2,5,45,2,55000,55,40,63,5,71,4,4,4,4,3,7,5,5,2,4,6,5,3,1,5,,,2,35,4,70000,50,45,84,1,71,3,6,5,5,5,5,6,5,4,3,5,5,5,1,6,,Life Sciences,2,1,Professor of Biology,1,3,1,,,,,1,,,,,,,,,1,,,,1,2,"To me, Associate Professor assumes a tenure track position.  Instructor or Lecturer assumes a non-tenure track position.  But th",1,-2,-10,15000,2,1,2,-2,2,1,5
1,2,5,26,1,36000,45,5,5,4,6,4,4,4,4,4,7,4,4,4,4,4,4,2,2,5,,,2,35,5,65000,40,15,75,4,12,6,4,4,4,4,6,4,6,5,4,4,4,4,4,2,,Psychology,1,1,Professor of Psychology & Biology,1,3,1,,1,,,,,,,,,,,,1,,,,1,2,,1,-4,9,29000,0,0,0,-1,1,1,4
1,2,5,40,2,70000,50,40,100,8,31,4,4,4,4,5,5,5,5,4,4,7,4,4,4,5,,,2,35,2,55000,50,40,100,1,40,3,4,4,3,4,5,6,6,2,4,4,7,4,4,1,,Graduate School,7,1,Research Associate,0,9,3,,1,,,,,,,,,,,,1,,,,1,2,,1,0,-5,-15000,0,0,-1,0,,2,7
1,2,5,45,3,45000,55,0,80,4,10,6,6,2,6,2,7,3,4,4,5,4,4,2,6,5,,,1,35,4,40000,55,10,90,2,70,6,6,5,3,6,3,7,3,5,4,5,4,4,3,1,,Biology,2,1,Senior Lecturer,0,5,3,,1,,,,,,,,,,,,1,,,,1,2,,1,-1,-10,-5000,0,3,4,-4,2,2,5
1,2,5,38,2,55000,50,20,70,3,30,6,5,4,4,3,7,3,6,4,4,5,4,3,2,5,,,2,28,1,40000,50,10,15,1,50,10,4,3,2,4,5,7,5,5,4,4,6,4,2,2,,English,3,1,Senior Lecturer,0,5,3,,,,,1,,,,,,,,,1,,,,1,2,,1,1,-10,-15000,-1,-1,1,-2,3,2,8
1,2,5,,1,,45,35,40,2,5,4,4,4,4,3,6,4,4,4,4,4,4,4,4,5,,,4,,2,,45,35,40,1,15,6,4,4,4,,3,5,4,,4,4,4,4,4,2,,Psychology,1,2,Senior Lecturer (I am located in the UK; this post is typically termed Assistant Professor or Associate Professor in the US.),1,5,4,not applicable; British universities do not have tenure.,1,,,,,,,,,,,,1,,,,1,2,"I am American but have worked in Britain since receiving my PhD in the US, so I'm familiar with the American system and have man",0,-1,,,0,0,,-3,1,,7
1,1,5,62,1,64000,60,30,79,8,13,4,5,3,4,6,7,3,5,5,5,6,6,6,3,5,,,2,27,2,10000,55,0,,1,39,3,6,2,1,3,1,7,1,1,4,5,5,6,2,1,,English,3,1,Visiting college lecturer,0,1,3,,,,,1,,,,,,,,,1,,,,1,1,,1,-1,-35,-54000,1,-1,-3,-6,3,2,7
1,2,5,45,2,77000,35,15,87,5,25,3,5,3,5,3,7,3,5,4,5,5,5,3,4,5,,,2,27,2,55000,45,20,60,2,42,3,5,3,3,5,3,6,5,3,5,3,5,5,3,1,,English,3,1,,,,1,,1,,,,,,,,,,,,1,,,,1,2,,1,0,-18,-22000,0,0,2,-4,3,1,7
1,2,5,40,1,55000,60,20,60,7,20,5,5,3,5,3,6,3,6,4,5,5,4,4,4,5,,,2,35,2,50000,60,20,80,2,60,7,5,4,3,5,3,5,3,3,3,5,4,4,4,2,,Psychology,1,1,,,,1,,1,,,,,,,,,,,,1,,,,1,2,,1,-1,-5,-5000,0,1,2,-3,1,1,7
1,1,5,43,2,55000,60,30,100,8,22,4,4,4,5,5,7,6,4,4,4,4,4,4,4,5,,,2,37,2,42000,40,0,23,2,23,5,6,4,4,4,2,7,4,4,4,4,4,4,4,2,,,,1,,,,2,,1,,,,,,,,,,,,,,,1,1,3,,1,0,-6,-13000,2,0,-1,-5,,1,7
1,1,5,35,2,38000,36,36,20,8,20,7,7,3,7,2,7,4,6,4,4,7,4,3,3,6,,,1,35,2,38000,36,36,41,1,50,3,4,3,3,4,1,7,4,5,4,4,7,4,3,1,,Biological Sciences,2,1,Adjunct Faculty,0,7,3,,,,,1,,,,,,,,,1,,,,1,2,,1,0,0,0,-3,0,2,-6,2,2,7
1,1,5,30,2,39000,55,30,60,2,10,7,7,5,7,4,7,4,6,4,6,7,5,2,4,6,,,2,28,4,35000,50,25,19,1,35,4,7,6,3,6,3,7,2,4,3,4,7,5,2,1,,Biological Sciences,2,1,Adjunct Faculty,0,7,3,,,,,1,,,,,,,,,1,,,,1,1,,1,-2,-2,-4000,0,1,2,-4,2,2,5
1,2,5,45,4,53000,50,1,60,1,10,6,5,4,6,2,7,2,5,4,5,7,7,5,1,6,,,1,40,4,65000,55,0,90,7,50,6,2,5,7,4,6,1,6,7,4,4,4,4,4,2,,Education,7,2,Adjunct Instructor,0,7,3,,,,1,1,,,,,,,,,1,,,,1,1,Interesting questions/topic. Sounds like fun.,1,0,-5,12000,-3,1,2,-1,,2,5
1,2,5,40,1,50000,60,40,70,2,20,5,5,3,5,3,7,3,3,6,6,6,5,3,5,6,,,2,50,6,80000,60,40,100,8,60,3,6,7,7,6,7,6,7,7,2,2,7,6,6,4,,English,3,2,Adjunct Instructor,0,7,3,,,,,1,,,,,,,,,1,,,,1,2,,1,-5,10,30000,1,4,3,0,3,2,3
1,1,5,28,1,50000,45,9,65,1,20,6,4,2,5,2,7,2,5,5,4,5,6,2,4,6,,,4,35,2,65000,35,5,80,2,67,3,6,6,5,4,2,6,5,5,4,6,5,4,2,2,,Psychology,1,1,Adjunct Instructor,0,7,3,,,,,1,,,,,,,,,1,,,,1,1,,1,-1,7,15000,2,4,2,-5,1,2,7
1,2,5,53,3,68000,35,0,90,8,10,2,4,3,5,2,7,4,7,7,5,4,4,7,1,6,,,2,47,1,35000,54,0,80,1,35,3,4,3,1,4,7,7,7,4,7,4,4,4,7,6,,English,3,1,Adjunct instructor,0,7,3,,,,,1,,,,,,,,,1,,,,1,2,,1,2,-6,-33000,0,0,2,0,3,2,8
1,2,5,35,1,65000,55,40,81,7,11,5,5,1,4,2,,7,7,4,6,7,6,2,4,6,,,3,28,2,50000,60,30,87,1,20,3,2,1,1,4,3,7,2,1,6,4,7,7,1,1,,Psychology,1,1,Adjunct Professor,0,7,3,,1,,,,,,,,,,,,1,,,,1,1,,1,-1,-7,-15000,-3,0,2,,1,2,7
1,2,5,40,1,65000,50,25,100,5,19,4,2,2,4,7,7,4,7,4,4,7,4,4,2,6,,,2,35,2,40000,40,20,79,1,60,5,6,6,1,4,5,7,3,4,6,4,7,4,4,1,,English (composition and rhetoric),3,1,Assistant prof.,1,1,2,,1,,,,,,,,1,,,,,,,,2,1,,1,-1,-5,-25000,4,4,-3,-2,3,1,7
1,1,2,40,2,50000,60,30,59,1,45,4,5,3,4,5,7,2,4,4,4,4,4,3,4,6,,,1,35,1,30000,80,20,37,1,62,3,5,2,4,4,4,7,4,3,2,4,4,4,2,2,,English,3,1,Assistant Professor,1,1,3,,1,,,,,,,,,,,,1,,,,1,2,,1,1,-5,-20000,0,-1,-1,-3,3,2,8
1,2,5,40,1,75000,50,40,70,8,30,4,4,4,4,3,7,4,4,4,4,4,4,4,4,6,,,1,,4,65000,45,35,90,2,40,5,4,4,4,4,5,7,5,4,4,4,4,4,4,5,,English,3,1,Assistant Professor,1,1,2,,1,,,,,,,,,,,,1,,,,1,1,,1,-3,,-10000,0,0,1,-2,3,1,5
1,2,5,40,1,42000,50,40,30,2,20,5,7,2,4,3,7,4,4,4,4,4,4,4,4,6,,,2,32,4,55000,40,20,50,1,50,3,4,3,4,4,4,7,4,4,4,4,4,4,4,1,,English,3,1,Assistant Professor,1,1,2,,1,,,,,,,,,,,,1,,,,1,2,This is a difficult survey. I'm being asked to make judgments on attributes I have no knowledge of based on what? Name? Rank? I,1,-3,-8,13000,-3,1,1,-3,3,1,5
1,2,5,,2,,,,80,7,30,6,6,2,4,3,7,3,5,4,4,5,5,2,1,6,,,3,,2,,,,15,1,23,1,6,4,2,4,3,6,2,4,4,4,5,6,2,1,,English,3,1,Assistant Professor,1,1,2,,1,,,,,,,,1,,,,,,,,1,2,,1,0,,,0,2,1,-4,3,1,7
1,2,5,40,1,65000,55,35,90,7,10,4,5,3,5,2,7,3,6,4,4,5,4,4,5,6,,,4,35,2,40000,50,15,50,1,60,3,5,3,2,5,2,7,2,3,3,4,4,4,2,3,,English,3,1,Assistant Professor,1,1,2,,1,,,,,,,,,,,,1,,,,1,1,,1,-1,-5,-25000,0,0,3,-5,3,1,7
1,2,5,45,2,50000,60,20,75,5,31,5,5,3,5,5,7,5,5,4,4,5,5,3,1,6,,,4,37,1,45000,60,10,82,1,51,5,4,3,3,4,3,6,5,3,2,4,4,4,4,4,,English,3,1,Assistant Professor,1,1,2,,1,,,,,,,,,,,,1,,,,1,1,,1,1,-8,-5000,-1,0,-1,-4,3,1,8
1,2,5,45,2,50000,55,55,79,4,18,4,4,1,4,1,7,3,5,2,5,4,4,4,4,6,,,1,50,4,40000,60,60,100,2,51,3,4,1,1,2,1,7,3,2,4,4,4,4,2,1,,Genetics,2,1,Assistant professor,1,1,2,,1,,,,,,,,,,,,1,,,,1,2,,1,-2,5,-10000,0,0,1,-6,2,1,5
1,2,5,40,2,50000,45,30,90,7,9,4,4,2,4,2,7,2,6,5,4,4,4,3,1,6,,,2,35,2,52000,45,20,90,1,40,5,5,3,3,4,3,7,4,4,4,4,4,4,4,4,,Humanities and Social Sciences,6,1,Assistant Professor,1,1,2,,1,,,,,,,,,,,,1,,,,1,1,,1,0,-5,2000,1,1,2,-4,,1,7
1,2,5,45,1,42000,60,60,30,4,40,2,4,3,4,3,7,5,6,3,5,7,4,1,1,6,,,3,35,5,45000,60,40,90,8,69,4,3,4,2,4,5,6,5,6,2,5,7,4,1,8,2-year Baccaleaureate University,Natural Sciences,5,1,Assistant Professor,1,1,2,,1,,,,,,,,,,,,1,,,,1,2,"Yup, I messed up on that part. Wasn't paying attention. I would assume """"Lecturer"""" was non-tenure while """"Associate Professor""""",1,-4,-10,3000,-1,1,1,-2,,1,4
1,1,5,37,2,65000,50,35,64,5,15,4,4,2,4,4,7,5,5,4,5,4,4,4,4,6,,,1,35,2,35000,40,20,80,2,65,4,5,3,3,4,4,7,4,4,4,4,4,4,4,1,,Psychology,1,1,Assistant Professor,1,1,2,,1,,,,,,,,,,,,1,,,,1,2,,1,0,-2,-30000,1,1,0,-3,1,1,7
1,2,5,46,2,107000,65,10,95,8,60,6,6,4,6,1,6,4,6,2,6,6,4,5,1,6,,,4,36,2,45000,75,40,99,1,65,3,4,1,1,4,2,6,4,5,5,2,6,4,1,2,,Psychology,1,1,Assistant Professor,1,1,2,,1,,,,,,,,1,,,,,,,,2,2,,1,0,-10,-62000,-2,-3,3,-4,1,1,7
1,2,5,50,2,52000,25,10,16,7,30,6,6,3,6,3,7,6,7,5,6,7,4,2,1,6,,,4,55,3,43000,30,12,13,2,62,7,5,5,3,2,2,5,5,5,6,6,7,4,2,8,Master's degree granting college,Social Sciences,4,1,Assistant Professor,1,1,1,,1,,,,,,,,,,,,1,,,,1,2,,1,-1,5,-9000,-1,2,-1,-5,,1,6
1,2,5,48,1,55000,70,45,90,2,19,5,6,4,6,3,7,2,4,4,2,6,4,2,2,6,,,1,35,2,35000,60,40,20,1,80,4,5,3,2,4,1,7,1,4,4,5,4,4,1,2,,ENGLISH,3,1,Assistant Professor,1,1,2,,1,,,,,,,,,,,,1,,,,1,1,,1,-1,-13,-20000,-1,-1,1,-6,3,1,7
1,2,3,37,2,65000,50,20,93,2,20,6,4,3,6,3,6,3,4,4,6,6,5,2,5,6,,,1,45,3,60000,50,35,15,1,70,5,6,2,2,4,1,7,2,2,5,5,5,4,2,2,,Psychology,1,1,Assistant Professor,1,1,2,,1,,,,,,,,,,,,1,,,,1,2,,1,-1,8,-5000,2,-1,1,-5,1,1,6
1,2,5,45,2,37000,45,35,75,7,6,4,4,2,4,3,6,4,4,4,4,4,4,1,5,6,,,2,35,2,30000,40,30,87,2,14,4,4,3,4,4,4,5,4,3,4,4,4,4,1,2,,Psychology,1,1,Assistant professor,1,1,2,,1,,,,,,,,,,,,1,,,,1,2,,1,0,-10,-7000,0,1,1,-2,1,1,7
1,2,5,40,4,85000,200,40,30,4,20,4,4,2,4,2,7,3,4,5,4,6,4,4,4,6,,,2,40,6,80000,200,100,70,1,50,4,4,4,6,4,4,6,3,2,4,4,6,4,4,2,,Biological Sciences,2,1,Associate Prof,1,2,1,,1,,,,,,,,,,,1,1,,,,1,2,,1,-2,0,-5000,0,2,2,-3,2,1,3
1,2,5,45,2,55000,50,10,84,5,22,6,6,3,4,3,7,4,5,4,4,6,6,1,4,6,,,4,35,4,45000,50,0,100,1,21,3,7,4,1,6,2,7,4,2,5,4,7,7,1,1,,Biochemistry,5,1,Associate professor,1,2,1,,1,,,,,,,,,,,,1,,,,1,2,,1,-2,-10,-10000,1,1,3,-5,,1,5
1,1,5,40,2,40000,60,0,100,7,24,6,5,4,4,2,7,2,5,4,4,5,4,4,4,6,,,1,30,2,40000,60,0,54,1,36,4,4,3,3,4,2,7,2,4,5,4,5,4,4,1,,biological sciences,2,1,Associate Professor,1,2,1,,1,,,,,,,,,,,,1,,,,1,2,,1,0,-10,0,-1,-1,2,-5,2,1,7
1,2,4,40,6,60000,50,40,100,8,35,4,4,2,3,1,7,2,4,6,6,6,4,2,4,6,,,1,35,2,40000,60,0,60,1,60,3,4,1,2,4,1,7,1,5,5,6,5,5,2,1,,Biological Sciences,2,1,Associate Professor,1,2,1,,1,,,,,,,,,,,,1,,,,1,1,,1,4,-5,-20000,0,-1,3,-6,2,1,7
1,1,5,40,2,65000,65,40,50,7,30,3,3,2,3,2,6,5,4,5,4,4,4,2,5,6,,,2,35,4,56000,60,28,80,2,50,8,4,3,4,4,5,6,6,4,5,3,5,4,2,1,,Biological Sciences,2,1,Associate Professor,1,2,1,,1,,,,,,,,,,,,1,,,,1,1,"Questions like """"does this candidate have children"""" are far beyond the information offered, even if we're trying to be subtle.",1,-2,-5,-9000,1,1,2,-1,2,1,5
1,1,5,35,2,45000,50,50,80,3,15,6,5,3,5,2,7,5,5,6,6,6,5,3,4,6,,,2,45,4,45000,50,30,90,3,30,3,6,2,3,4,3,7,5,4,2,5,6,5,3,1,,Biological Sciences,2,1,Associate Professor,1,2,1,,1,,,,,,,,,,,,1,,,,1,1,,1,-2,10,0,1,-1,2,-4,2,1,5
1,2,5,40,1,68000,50,10,80,8,10,5,5,2,4,1,7,2,6,2,6,6,5,4,1,6,,,3,34,1,45000,40,40,50,1,20,3,4,2,1,4,1,1,2,1,5,4,4,4,1,6,,Biological Sciences,2,1,Associate Professor,1,2,1,,1,,,,,,,,,,,1,,,,,1,2,,1,0,-6,-23000,-1,0,3,-6,2,1,8
1,2,5,40,2,50000,55,5,71,5,30,4,4,2,4,1,6,2,4,4,4,4,4,4,4,6,,,2,35,2,60000,50,10,90,2,50,5,4,2,2,4,2,6,4,4,4,4,4,4,4,4,,Biology Department,2,1,Associate Professor,1,2,1,,1,,,,,,,,,,,,1,,,,1,2,,1,0,-5,10000,0,0,3,-4,2,1,7
1,1,5,40,2,60000,50,30,76,4,5,4,5,1,4,3,7,1,4,6,4,4,4,1,5,6,,,1,45,6,45000,60,60,94,1,66,3,4,2,2,4,2,6,2,2,4,4,4,4,1,1,,English,3,1,Associate Professor,1,2,1,,1,,,,,,,,,,,,1,,,,1,2,,1,-4,5,-15000,-1,1,1,-5,3,1,3
1,1,5,40,2,42000,62,40,60,5,30,4,4,3,4,2,7,3,5,4,4,4,4,3,4,6,,,1,30,2,40000,68,30,20,2,50,3,4,2,3,4,2,7,2,2,4,4,5,4,4,1,,English,3,1,Associate Professor,1,2,1,,1,,,,,,,,,,,,1,,,,1,2,"Because my department has converted a lot of adjunct lines to lecturer lines, and because the lecturers I know are among the mos",1,0,-10,-2000,0,-1,2,-5,3,1,7
1,1,5,45,1,48000,75,40,50,8,10,6,5,1,5,3,7,2,4,5,4,7,4,2,1,6,,,1,30,2,38000,80,40,90,1,51,3,2,3,2,4,7,7,7,2,7,2,7,4,1,2,,English,3,1,Associate Professor,1,2,1,,1,,,,,,,,,,,,1,,,,1,1,,1,-1,-15,-10000,-3,2,1,0,3,1,7
1,2,1,58,7,90000,200,80,90,7,20,2,2,6,1,6,1,6,1,3,1,4,4,4,4,6,,,1,48,8,120000,200,120,100,8,69,5,1,1,1,2,1,4,1,1,2,2,4,4,4,3,,English,3,1,Associate Professor,1,2,1,,1,,,,,,,,,,,,1,,,,2,2,,1,-1,-10,30000,-1,-5,-4,0,3,1,1
1,2,5,48,1,70000,45,15,72,7,13,4,4,2,4,2,7,3,6,6,5,6,4,2,4,6,,,2,30,3,20000,45,10,65,1,39,3,4,2,2,4,2,7,3,2,5,4,5,4,2,5,,English,3,1,Associate Professor,1,2,1,,1,,,,,,,,,,,,1,,,,1,2,"In responding to the question regarding """"lecturer,"""" I noted that I believe the individual was likely to teach a 4-3 load. I di",1,-2,-18,-50000,0,0,2,-5,3,1,6
1,2,5,40,1,60000,45,25,60,4,30,5,5,4,5,1,7,4,4,4,4,6,4,4,4,6,,,4,35,4,38000,35,25,90,1,40,3,4,4,4,4,5,5,4,2,4,4,5,4,4,6,,English,3,1,Associate Professor,1,2,2,,1,,,,,,,,,,,,1,,,,1,2,,1,-3,-5,-22000,-1,0,3,-2,3,1,5
1,2,5,35,4,35000,50,30,88,8,21,4,4,3,4,5,7,4,6,4,5,5,4,4,4,6,,,4,45,5,40000,50,25,65,3,31,3,4,4,4,4,4,5,4,4,4,5,4,4,4,1,,Physiology,2,1,Associate Professor,1,2,1,,1,,,,,,,,,,,,1,,,,1,1,,1,-1,10,5000,0,1,-1,-3,2,1,4
1,2,5,40,2,65000,45,5,50,4,15,5,5,3,4,3,7,4,3,5,5,5,4,3,4,6,,,1,45,4,65000,50,5,65,2,40,3,5,3,3,4,4,6,4,3,3,5,4,4,2,4,,Psychology,1,1,Associate Professor,1,2,1,,1,,,,,,,,,,,,1,,,,1,2,,1,-2,5,0,0,0,1,-3,1,1,5
1,2,5,40,2,50000,40,10,50,4,1,4,4,3,4,2,7,4,5,4,4,6,4,4,4,6,,,1,30,2,40000,40,0,50,1,50,4,4,4,4,4,4,7,4,5,4,4,5,4,3,4,,Psychology,1,1,Associate Professor,1,2,1,,1,,,,,,,,,,,,1,,,,1,1,,1,0,-10,-10000,0,1,2,-3,1,1,7
1,2,5,40,1,60000,50,20,50,4,25,4,4,4,4,3,7,5,5,4,4,5,5,1,1,6,,,1,30,2,50000,50,20,80,4,40,3,4,4,4,4,5,7,5,4,4,4,5,5,1,2,,Psychology,1,1,Associate Professor,1,2,1,,1,,,,,,,,,,,,1,,,,1,2,,1,-1,-10,-10000,0,0,1,-2,1,1,7
1,2,5,45,1,70000,50,0,50,7,5,4,5,2,4,1,7,4,5,4,5,7,4,1,1,6,,,1,30,6,20000,15,5,68,1,49,4,4,1,1,4,2,6,5,2,4,4,6,4,1,6,,psychology,1,1,associate professor,1,2,1,,,,,1,,,,,,,,,1,,,,1,2,,1,-5,-15,-50000,-1,-1,3,-5,1,1,3
1,1,5,46,2,53000,50,12,85,7,30,4,4,3,4,3,6,3,5,4,5,6,4,4,4,6,,,2,32,2,42000,35,10,80,2,50,8,4,4,4,4,5,5,3,3,6,5,5,4,4,1,,Psychology,1,1,Associate Professor,1,2,1,,1,,,,,,,,1,,,,,,,,1,2,,1,0,-14,-11000,0,1,1,-1,1,1,7
1,2,5,44,1,70000,50,20,61,7,24,4,4,4,4,4,7,4,4,4,4,5,4,4,5,6,,,2,32,5,56000,45,20,70,3,39,4,4,4,4,4,4,5,4,4,4,4,4,4,4,1,,Psychology,1,1,Associate Professor,1,2,1,,1,,,,,,,,,,,,1,,,,1,2,,1,-4,-12,-14000,0,0,0,-3,1,1,4
1,2,5,50,2,65000,40,1,50,4,50,5,4,3,5,1,7,2,5,5,4,4,4,4,4,6,,,3,35,2,55000,40,5,86,2,66,6,5,3,5,4,5,5,4,4,3,4,5,4,4,2,,Psychology,1,1,Associate Professor,1,2,1,,1,,,,,,,,,,,,1,,,,1,2,,1,0,-15,-10000,1,0,3,-2,1,1,7
1,1,5,45,2,70000,60,40,90,8,29,6,5,3,4,1,7,2,5,2,4,6,4,2,2,6,,,4,37,2,50000,75,50,70,1,50,4,6,3,2,5,3,7,5,4,4,4,5,4,2,1,,Psychology,1,1,Associate Professor,1,2,1,,1,,,,,,,,,,,,1,,,,1,1,,1,0,-8,-20000,1,0,4,-4,1,1,7
1,2,5,30,1,80000,50,0,30,8,20,5,5,2,4,2,7,4,5,3,5,4,4,3,3,6,,,2,30,3,45000,55,10,60,1,50,3,5,2,3,4,4,7,6,2,6,4,4,4,2,3,,Writing studies,3,1,Associate professor,1,2,1,,,,,,,1,EdD,,,,,,1,,,,1,2,Curious that an EdD would not be listed as an option.  My EdD had the same requirements as the PhD but the EdE gets little to no,1,-2,0,-35000,0,0,2,-3,3,1,6
1,2,5,,2,50000,45,20,100,7,15,,6,4,6,5,7,6,7,4,4,4,4,4,4,6,,,2,,2,55000,35,10,100,2,45,4,6,4,4,6,3,7,4,4,4,4,4,4,4,1,,,,1,Associate professor,1,2,1,,1,,,,,,,,,,,,1,,,,1,2,,1,0,,5000,0,0,1,-4,,1,7
1,1,5,25,2,35000,60,30,23,1,24,3,3,2,4,3,6,3,2,6,2,4,4,1,3,6,,,3,45,5,70000,40,0,96,8,83,4,4,6,6,5,6,3,6,7,2,6,5,4,6,2,,Psychology,1,1,Associate Professor,1,2,1,,1,,1,,,,,,,,,,1,,,,2,1,,1,-3,20,35000,1,4,2,0,1,1,4
1,1,5,40,1,50000,55,10,70,5,10,6,5,3,5,1,7,2,6,4,4,4,4,4,4,6,,,2,30,2,35000,55,10,50,1,30,3,6,4,4,6,4,7,4,5,3,4,4,4,4,4,,Biological Sciences,2,1,Associate Professor of Biology,1,2,1,,1,,,,,,,,,,,,1,,,,1,1,,1,-1,-10,-15000,1,1,5,-3,2,1,7
1,1,5,35,2,60000,60,0,80,4,20,4,4,1,4,1,7,2,4,6,4,7,4,1,4,6,,,4,28,2,50000,40,0,80,1,40,3,4,1,1,4,4,7,1,4,4,4,7,4,1,1,,English,3,1,Associate Professor/Associate Dean,1,2,1,,1,,,,,,,,,,,,1,,,,1,2,,1,0,-7,-10000,0,0,3,-3,3,1,7
1,2,5,30,1,45000,320,80,84,5,28,3,6,5,4,6,7,5,6,6,4,4,4,4,1,6,,,2,35,2,45000,249,40,100,1,63,4,7,4,4,5,3,7,4,1,7,6,4,4,4,6,,English,3,1,Associate Professor/chairperson,1,2,1,,1,,,,,,,,,,,,1,,,,1,2,Your use of associate professor for the cc position makes me think you are laboring under the assumption that the majority of fa,1,-1,5,0,1,-1,-1,-4,3,1,7
1,2,5,45,2,48000,60,30,75,7,15,5,4,3,4,3,7,5,6,4,4,5,4,1,1,6,,,2,40,2,50000,60,20,75,2,30,3,5,4,4,4,5,7,6,4,4,4,6,4,1,4,,Psychology,1,1,AssociateProfessor,1,2,1,,1,,,,,,,,,,,,1,,,,1,2,,1,0,-5,2000,1,1,1,-2,1,1,7
1,2,5,40,1,45000,50,15,80,2,40,5,5,3,4,3,7,3,4,4,4,6,4,4,4,6,,,3,47,4,62000,60,10,100,5,60,7,5,6,5,5,5,7,5,5,4,4,6,4,4,1,,Psychology,1,1,Clinical Assistant Professor,0,1,3,,1,,,,,,,,,,,,1,,,,1,2,,1,-3,7,17000,0,3,2,-2,1,2,5
1,1,5,45,2,40000,40,20,40,8,9,5,3,1,3,1,5,1,3,6,6,4,5,1,1,6,,,1,36,7,60000,35,5,90,4,30,4,6,3,3,3,3,4,2,2,6,6,4,5,3,1,,Biological Sciences,2,1,continuing term lecturer,0,4,4,I dont have tenure but our position is automatically renewed as long as our evaluations are good.,1,,,,,,,,1,,,,,,,,2,2,,0,-5,-9,20000,3,2,2,-2,2,,2
1,2,5,40,2,50000,45,15,86,7,26,5,6,4,6,4,7,6,5,5,5,5,5,5,2,6,,,2,45,4,65000,45,15,93,1,34,3,4,3,4,3,5,5,5,4,3,4,4,4,4,4,,College Writing Program (not an academic department),7,1,Coordinator (a writing program administrator),0,8,3,,1,,,,,,,,,,,,1,,,,1,1,"Having worked at both community colleges and small liberal arts colleges, and having studied and adjuncted at research universit",1,-2,5,15000,-2,-1,-1,-2,,2,5
1,1,5,37,6,65000,60,30,100,8,51,6,7,6,6,6,4,5,4,4,4,6,4,4,4,6,,,4,25,2,28000,40,0,100,1,61,7,7,4,4,4,4,7,4,7,4,4,7,4,4,1,,Psycholoy,1,1,Full Pofessor,1,3,1,,1,,,,,,,,,,,,1,,,,1,2,,1,4,-12,-37000,0,-2,-2,0,1,1,7
1,2,5,33,1,45000,50,25,70,3,40,5,6,5,6,4,6,4,5,2,4,5,4,4,2,6,,,4,32,2,41000,45,20,70,2,50,3,5,5,4,5,3,6,4,3,6,4,5,4,3,2,,Psychology,1,1,Full Professor,1,3,1,,1,,,,,,,,,,,,1,,,,1,1,,1,-1,-1,-4000,-1,0,1,-3,1,1,7
1,2,5,40,2,45000,50,25,69,4,29,3,5,3,5,3,7,5,7,3,5,5,5,4,4,6,,,2,45,6,18000,45,20,39,1,60,2,7,7,7,7,5,5,5,5,4,5,7,7,4,2,,Education,7,1,Instructor,0,6,3,,,,,1,,,,,,,,,1,,,,1,2,,1,-4,5,-27000,2,4,4,-2,,2,3
1,2,5,45,3,45000,40,40,30,7,15,4,3,3,4,3,5,2,3,6,4,4,4,4,4,6,,,2,37,4,37000,40,25,30,1,40,5,4,3,3,5,2,6,2,4,4,4,5,4,4,3,,English,3,1,Instructor,0,6,3,,,,,1,,,,,,,,,1,,,,1,2,,1,-1,-8,-8000,1,0,2,-3,3,2,5
1,2,5,30,1,45000,50,0,40,7,10,4,5,4,4,3,7,5,6,2,4,5,5,3,2,6,,,2,,2,35000,50,0,70,1,40,3,4,3,4,4,4,6,5,4,5,4,6,6,2,6,,English,3,1,Instructor,0,6,1,,,,,1,,,,,,,,,1,,,,1,1,,1,-1,,-10000,-1,-1,1,-3,3,1,7
1,1,2,34,2,51000,45,30,50,4,31,4,4,4,4,4,7,5,6,4,4,5,5,4,4,6,,,3,35,2,35000,50,35,90,1,60,6,7,4,5,5,6,7,5,4,5,5,5,5,3,6,,English,3,1,Instructor,0,6,2,,1,,,,,,,,,,,,1,,,,1,2,,1,0,1,-16000,3,0,1,-1,3,1,7
1,2,5,45,3,70000,40,40,90,7,37,4,5,4,4,6,6,4,5,5,5,5,5,4,4,6,,,4,45,2,40000,40,0,64,1,20,4,4,2,3,4,5,7,5,2,6,6,5,5,2,5,,English,3,1,Instructor,0,6,3,,,,,1,,,,,,,,,1,,,,1,2,,1,1,0,-30000,-1,-2,-2,-1,3,2,7
1,2,5,43,1,50000,40,10,71,7,44,3,6,3,6,3,7,7,7,4,7,6,5,5,1,6,,,3,37,6,30000,40,40,69,1,64,3,4,5,3,4,5,7,7,3,2,7,6,6,3,6,,Psychology,1,1,Instructor,0,6,2,,,,,1,,,,,,,,,1,,,,1,2,,1,-5,-6,-20000,-2,2,1,-2,1,1,3
1,2,3,55,4,57000,45,30,81,5,30,3,3,3,3,3,3,3,,5,5,3,3,3,5,6,,,1,33,2,50000,50,50,50,1,30,3,6,5,5,6,,6,7,7,7,4,6,6,1,3,,Social Sciences,4,1,Instructor,0,6,3,,,,,,1,,,,,,,,1,,,,1,2,,1,2,-22,-7000,3,2,3,,,2,7
1,2,5,40,1,40000,50,0,71,7,53,4,4,3,4,3,7,3,6,4,4,5,4,3,2,6,,,1,30,2,40000,40,0,72,3,83,3,6,4,3,4,3,7,4,3,3,4,5,4,5,1,,English,3,1,Instructor,0,6,3,,,,,1,,,,,,,,,1,,,,1,2,,1,-1,-10,0,2,1,1,-4,3,2,7
1,2,5,45,2,60000,50,25,95,7,80,4,4,4,4,4,4,4,6,2,4,6,4,4,4,6,,,4,30,2,50000,60,25,55,4,60,6,4,4,4,4,4,6,4,3,4,4,5,4,4,6,,Psychology,1,1,Instructor (all are instructors),0,6,1,,1,,,,,,,,,,,,1,,,,1,2,,1,0,-15,-10000,0,0,0,0,1,1,7
1,2,5,35,4,60000,60,50,95,8,70,6,6,4,6,6,7,5,6,4,,4,4,2,1,6,,,1,35,4,40000,60,40,95,2,80,4,6,6,4,6,6,7,5,4,4,5,4,4,2,1,,Zoology/Botany,2,1,Instructor I,0,6,2,,1,,,,,,,,,,,,1,,,,2,2,"I am at a Canadian university and some of my answers reflect this fact (for example, people with the title of """"lecturer"""" at my",1,0,0,-20000,0,2,0,-1,2,1,5
1,2,5,25,1,80000,300,64,71,8,61,4,4,4,4,4,7,4,4,4,4,4,4,4,4,6,,,2,25,2,45000,60,0,76,1,69,3,4,4,4,4,4,6,4,4,4,4,4,4,4,2,,English,3,1,Lecturer,0,4,3,,,,,1,,,,,,,,,1,,,,1,2,,1,-1,0,-35000,0,0,0,-3,3,2,7
1,2,5,40,1,45000,60,10,50,2,20,4,4,4,4,5,7,5,5,4,4,5,4,4,4,6,,,2,35,1,35000,60,10,51,1,40,3,5,4,4,4,4,7,4,4,4,4,5,4,4,1,,English,3,1,Lecturer,0,4,3,,,,,1,,,,,,,,,1,,,,1,2,,1,0,-5,-10000,1,0,-1,-3,3,2,8
1,2,5,40,1,50000,120,10,30,7,4,4,5,4,4,2,7,3,5,7,7,4,4,2,7,6,,,2,35,2,45000,160,20,80,1,31,4,5,3,5,6,6,7,6,3,3,6,7,7,3,1,,English,3,1,Lecturer,0,4,3,,,,,1,,,,,,,,,1,,,,1,2,,1,-1,-5,-5000,0,-1,4,-1,3,2,7
1,2,5,40,2,65000,40,15,80,7,10,4,5,2,4,3,6,4,5,4,4,6,4,4,2,6,,,2,30,4,40000,40,5,80,1,50,3,4,2,3,4,4,6,4,2,4,4,5,4,3,1,,Honors General Education Program,7,1,Lecturer,0,4,4,I have a renewable appointment in my program. There is no tenure track in my program.,1,,,,,,,,,,,,1,,,,1,2,"I was hired as a """"Lecturer"""" and will have the opportunity to apply for promotion to """"Assistant Professor, Teaching"""" in my th",0,-2,-10,-25000,-1,0,1,-2,,,5
1,2,5,35,3,35000,60,10,40,4,58,4,4,4,4,4,7,4,7,4,4,4,4,4,4,6,,,4,40,2,32000,50,10,67,1,64,3,4,4,4,4,4,5,4,4,4,4,4,4,4,4,,Liberal arts social sciences,5,1,Lecturer,0,4,3,,1,,,,,1,Psy.D.,,,,,,1,,,,1,2,,1,1,5,-3000,0,0,0,-3,,2,7
1,1,5,35,4,35000,40,30,65,4,65,6,5,4,4,5,6,4,6,5,5,4,4,4,4,6,,,2,35,2,38000,40,35,100,4,65,4,5,5,5,5,5,5,5,5,4,4,4,4,4,1,,Psychology,1,1,Lecturer,0,4,4,"Lecturer, tenure not available to me.",1,,,,,,,,,,,,1,,,,1,2,,0,2,0,3000,0,1,0,-1,1,,7
1,2,5,35,1,79000,50,10,30,7,15,4,4,2,4,3,5,2,5,4,5,5,5,4,4,6,,,2,40,4,35000,50,35,50,2,50,5,5,2,4,4,4,5,4,2,4,2,5,5,4,2,,psychology,1,1,Lecturer,0,4,3,,1,,,,,,,,,,,,1,,,,1,2,This is fascinating. I do research on non-tenure-track faculty and will contact you sometime.,1,-3,5,-44000,1,0,1,-1,1,2,5
1,2,5,45,4,70000,50,10,85,8,1,4,5,2,5,3,7,5,4,7,4,4,4,1,4,6,,,1,40,2,60000,50,20,81,1,25,3,6,1,1,4,4,7,6,1,7,4,4,4,1,1,,Writing,3,1,Lecturer,0,4,4,"job security,  but not tenure",,,,1,,,,,,,,,1,,,,1,2,,0,2,-5,-10000,1,-1,1,-3,3,,7
1,2,5,45,1,60000,45,10,70,8,10,6,5,3,5,4,7,5,6,7,5,6,4,3,4,6,,,1,40,4,30000,30,30,100,1,50,3,4,3,2,5,3,7,4,1,7,4,6,4,1,3,,Psychology,1,1,Lecturer III,0,4,3,,1,,,,,,,,,,,,,1,Human,,1,2,,1,-3,-5,-30000,-1,0,1,-4,1,2,5
1,2,5,30,2,55000,35,10,100,1,10,4,4,2,4,6,6,6,6,6,4,5,5,4,4,6,,,2,26,6,8000,30,5,1,1,65,27,6,2,2,5,1,7,6,1,2,7,6,6,1,1,,English,3,1,Part-time faculty,0,9,3,,,,,1,,,,,,,,,1,,,,1,2,,1,-4,-4,-47000,2,0,-1,-5,3,2,3
1,1,5,30,2,32000,50,0,50,7,30,4,7,2,7,1,7,1,6,2,6,6,4,1,1,6,,,1,30,2,32000,50,0,85,1,90,3,5,2,4,5,2,7,5,2,6,4,5,5,1,5,,Biological Science,2,1,Professor,1,3,1,,1,,,,,,,,,,,,1,,,,1,2,,1,0,0,0,-2,0,4,-5,2,1,7
1,1,5,28,4,50000,30,0,30,5,25,5,6,3,5,1,7,3,5,2,3,5,4,1,1,6,,,1,28,4,45000,30,0,80,2,75,3,5,3,3,5,6,7,6,3,3,3,5,5,1,6,,Biological Sciences,2,1,Professor,1,3,1,,1,,,,,,,,,,,,1,,,,1,2,,1,0,0,-5000,-1,0,4,-1,2,1,5
1,1,5,45,1,80000,30,20,70,8,30,6,6,2,4,2,7,2,6,2,3,5,4,3,4,6,,,1,30,4,35000,30,15,100,1,67,3,4,3,5,4,5,7,5,,7,4,5,4,1,1,,Biological Sciences,2,1,Professor,1,3,1,,1,,,,,,,,,,,,1,,,,1,1,,1,-3,-15,-45000,-2,1,2,-2,2,1,5
1,2,5,35,2,45000,50,20,100,4,50,3,3,3,4,4,7,4,3,5,4,4,4,1,4,6,,,3,28,5,30000,30,0,50,1,50,4,4,5,4,4,4,7,4,4,4,4,4,4,1,4,,Biology,2,1,Professor,1,3,1,,1,,,,,,,,,,,1,,,,,2,2,"I found the question on whether the associate professor was tenured or not interesting. In large universities, the promotion to ",1,-3,-7,-15000,1,2,0,-3,2,1,4
1,1,5,40,1,60000,70,60,89,4,30,4,4,3,4,5,7,5,3,3,4,5,4,1,6,6,,,1,40,1,40000,70,50,89,1,51,25,4,2,2,4,5,7,4,2,6,4,6,4,1,1,,English,3,1,Professor,1,3,1,,1,,,,1,,,,,,,,1,,,,1,2,,1,0,0,-20000,0,-1,-1,-2,3,1,8
1,1,5,35,1,65000,35,15,35,3,25,4,4,4,4,2,5,2,6,5,3,4,4,3,4,6,,,2,30,2,35000,25,10,60,1,35,6,5,3,4,4,2,5,4,5,5,3,4,4,1,6,,English,3,1,Professor,1,3,1,,,,,1,,,,,,,,,1,,,,1,2,,1,-1,-5,-30000,1,-1,2,-3,3,1,7
1,1,5,50,2,55000,50,30,80,8,41,7,5,5,4,3,7,5,6,4,4,6,4,4,1,6,,,2,35,2,27000,60,40,50,1,50,4,6,3,2,5,2,7,5,4,4,5,6,4,3,1,,English,3,1,Professor,1,3,1,,1,,1,1,,,,,,,,,1,,,,1,1,,1,0,-15,-28000,1,-2,2,-5,3,1,7
1,2,5,50,1,55000,60,40,80,8,10,6,5,3,7,6,7,4,6,4,6,7,4,2,4,6,,,2,35,2,45000,50,20,60,1,20,3,7,3,4,6,5,7,6,4,6,4,7,6,2,1,,English,3,1,Professor,1,3,1,,1,,,,,,,,,,,,1,,,,1,1,,1,-1,-15,-10000,2,0,0,-2,3,1,7
1,1,5,36,1,55000,35,45,20,4,10,4,4,4,4,1,7,4,4,4,4,5,4,4,4,6,,,4,45,3,65000,30,20,60,2,40,4,4,4,4,4,5,5,5,4,4,4,4,4,4,6,,English,3,1,Professor,1,3,1,,,,,1,,,,,,,,,1,,,,1,1,,1,-2,9,10000,0,0,3,-2,3,1,6
1,2,5,38,2,68000,60,60,70,5,25,6,6,3,6,2,7,2,5,3,6,7,7,2,4,6,,,4,35,1,55000,70,70,80,1,20,3,5,3,3,5,3,7,2,2,7,5,7,7,2,1,,English,3,1,Professor,1,3,1,,1,,,,,,,,,,,,1,,,,1,2,"In part because titles are idiocyncratic to particular colleges and universities, their meanings are not transparent, even to ot",1,1,-3,-13000,-1,0,3,-4,3,1,8
1,2,5,30,2,40000,50,30,75,8,20,4,4,4,5,3,6,4,5,4,4,5,4,3,1,6,,,4,30,4,35000,45,5,50,2,30,10,5,4,4,4,3,5,2,4,4,4,4,4,3,1,,History,6,1,Professor,1,3,1,,1,,,,,,,,,,,,1,,,,1,2,,1,-2,0,-5000,1,0,1,-3,,1,5
1,2,5,35,1,45000,40,30,70,5,19,4,4,2,4,1,7,2,3,4,4,5,4,4,4,6,,,2,30,2,35000,40,30,70,1,29,5,4,2,3,4,3,7,3,4,4,4,5,4,4,5,,Political Science,4,1,Professor,1,3,1,,1,,,,,,,,,,,,1,,,,1,2,,1,-1,-5,-10000,0,0,3,-4,,1,7
1,1,5,40,1,70000,50,20,100,7,20,6,6,3,6,3,7,2,6,5,4,6,4,2,4,6,,,1,35,2,50000,50,20,100,1,70,3,6,2,2,4,3,7,3,5,6,4,5,4,1,1,,Psychology,1,1,Professor,1,3,1,,1,,,,,,,,,,,,1,,,,1,2,,1,-1,-5,-20000,0,-1,1,-4,1,1,7
1,1,5,36,2,52000,35,25,80,7,50,5,4,3,5,3,6,5,5,4,5,5,4,1,1,6,,,1,33,3,64000,46,38,90,1,50,5,6,4,4,6,5,7,6,6,4,4,6,4,1,4,,psychology,1,1,professor,1,3,1,,1,,,,,,,,,,,,1,,,,1,1,,1,-1,-3,12000,2,1,3,-1,1,1,6
1,1,5,37,1,50000,70,30,70,5,17,4,4,2,4,2,6,2,4,4,4,4,4,2,2,6,,,2,34,2,50000,40,20,70,2,45,6,4,3,2,4,4,6,3,4,4,4,4,4,2,1,,Psychology,1,1,Professor,1,3,1,,1,,,,,,,,,,,1,,,,,2,1,,1,-1,-3,0,0,1,2,-2,1,1,7
1,2,5,40,2,40000,50,30,53,7,19,6,6,2,5,2,7,4,4,5,4,6,6,2,4,6,,,2,35,3,35000,50,30,80,1,33,4,6,5,4,5,4,7,4,4,5,4,7,6,2,1,,Psychology,1,1,Professor,1,3,1,,1,,,,,,,,,,,,1,,,,1,1,,1,-1,-5,-5000,0,3,3,-3,1,1,6
1,2,5,40,2,43000,50,30,50,7,25,5,5,4,5,5,7,5,6,4,4,4,4,4,4,6,,,2,30,2,30000,50,20,50,1,31,4,5,4,4,4,4,7,4,4,5,4,4,4,4,2,,Psychology,1,1,Professor,1,3,1,,1,,,,,,,,,,,,1,,,,1,2,,1,0,-10,-13000,0,0,-1,-3,1,1,7
1,2,5,42,2,65000,55,20,90,7,35,5,5,5,4,6,7,4,4,3,5,6,4,2,1,6,,,2,30,4,55000,50,30,95,2,50,3,5,3,3,6,6,7,4,4,4,5,6,4,2,4,,Psychology,1,1,Professor,1,3,1,,1,,,,,,,,,,,,1,,,,1,1,,1,-2,-12,-10000,0,-2,0,-1,1,1,5
1,2,5,32,2,27000,65,20,89,2,21,5,4,2,5,2,7,1,5,4,4,6,6,1,2,6,,,2,35,2,33000,65,20,90,1,62,4,4,2,2,4,1,7,1,3,4,4,6,6,1,2,,Psychology,1,1,Professor,1,3,1,,1,,,,,,,,,,,,1,,,,1,2,,1,0,3,6000,0,0,2,-6,1,1,7
1,2,5,30,1,45000,60,0,80,5,49,4,4,4,4,4,4,4,4,4,4,5,4,1,2,6,,,2,45,3,60000,60,0,90,7,51,5,4,4,4,4,5,5,4,4,4,4,4,4,4,4,,Psychology,1,1,Professor,1,3,1,,1,,,1,,,,,,,,,1,,,,1,2,"I did not click on agree of the consent, but the study started immediately.  I do give you permission to use my data.",1,-2,15,15000,0,0,0,1,1,1,6
1,2,5,35,1,42000,55,5,70,7,20,4,4,3,4,2,7,2,5,4,4,5,5,2,3,6,,,2,32,3,40000,50,2,60,1,30,4,4,3,2,3,3,5,4,3,5,4,3,3,1,3,,Psychology,1,1,Professor,1,3,1,,1,,,,,,,,,,,,1,,,,1,2,,1,-2,-3,-2000,0,0,1,-4,1,1,6
1,1,5,40,2,40000,200,0,70,5,3,4,4,1,4,1,7,2,4,4,4,7,4,1,1,6,,,4,30,2,27000,300,0,21,2,16,4,4,3,2,4,5,7,6,4,4,4,7,4,1,5,,Psychology,1,1,Professor,1,3,1,,1,,,,,,,,,,,,,,,1,1,1,,1,0,-10,-13000,0,2,3,-2,1,1,7
1,2,5,,1,60000,50,50,50,1,10,4,4,4,4,4,6,4,4,4,4,4,4,4,4,6,,,2,,2,,60,50,50,1,20,3,4,4,4,4,4,6,4,4,4,4,4,4,4,3,,technical communication,3,1,Professor,1,3,1,,1,,,,,,,,,,,,1,,,,1,1,,1,-1,,,0,0,0,-2,3,1,7
1,2,1,30,6,65000,60,50,100,7,20,4,4,5,4,6,5,5,5,4,4,4,4,4,4,6,,,1,30,2,45000,65,20,50,1,50,4,4,3,2,4,2,7,4,3,5,4,4,4,4,8,Retured from a main campus doctoral university,Retired from Psychology,1,1,Professor Emeritus,1,3,4,I retired with tenure,1,,,,,,,,,,,,1,,,,1,1,,0,4,0,-20000,0,-2,-2,-3,1,,7
1,1,5,40,2,70000,40,20,90,7,30,5,5,4,5,4,6,3,5,4,5,4,4,4,4,6,,,2,35,2,80000,50,40,91,3,50,13,5,4,3,5,4,6,4,4,4,4,4,4,4,1,,Psychology,1,,,,,1,,1,,,,,,,,,,,,1,,,,1,2,,1,0,-5,10000,0,0,1,-2,1,1,7
1,1,5,40,2,50000,50,40,90,4,10,5,5,2,4,2,6,3,3,5,4,4,4,4,4,6,,,2,35,4,45000,50,40,90,1,30,3,6,4,4,5,4,6,4,3,4,4,4,4,4,1,,Psychology,1,1,Research Associate Professor,0,9,3,,1,,,,,,,,,,,,1,,,,1,2,,1,-2,-5,-5000,1,2,3,-2,1,2,5
1,2,5,45,1,70000,60,30,80,4,20,6,4,2,4,3,7,2,5,2,4,6,4,4,1,6,,,1,40,4,55000,60,30,95,2,40,5,6,2,4,4,3,7,2,4,4,4,6,4,4,8,educational software; formerly visiting and tenure-track faculty member at two 4 year colleges,"N/A (previously, Biology)",2,2,Research Scientist,0,9,4,N/A,1,,,,,,,,,,,,1,,,,1,2,I'm very interested in learning about your results. It will be really enlightening to see the perceptions of other faculty.,0,-3,-5,-15000,2,0,1,-4,2,,5
1,2,5,35,4,60000,50,40,70,8,19,5,5,2,4,2,7,5,6,3,4,6,4,6,2,6,,,1,30,2,30000,60,0,100,1,70,4,5,2,2,3,5,7,5,3,5,4,5,5,3,1,,biology,2,1,visiting assistant professor,0,1,3,,1,,,,,,,,,,,,1,,,,2,2,,1,2,-5,-30000,0,0,1,-2,2,2,7
1,2,5,30,2,30000,40,40,30,1,40,4,4,2,4,1,7,4,5,5,4,4,4,4,4,6,,,2,30,2,30000,40,20,70,1,50,5,4,4,4,4,4,7,4,4,4,4,4,4,4,2,,English and Linguistics,3,1,Visiting Assistant Professor,0,1,3,,1,,,,,,,,,,,,1,,,,1,2,,1,0,0,0,0,2,3,-3,3,2,7
1,2,5,40,1,60000,50,0,50,8,20,5,5,5,5,5,7,5,6,4,5,5,5,3,4,6,,,2,45,6,60000,,,,,,,,,,,,,,,,,,,,,,,,,,,,,,,,,,,,,,,,,,,,,,,,,,-5,5,0,,,,,,,3
1,2,5,40,1,75000,45,10,75,7,30,5,5,2,4,2,6,2,4,4,3,4,4,2,4,6,,,3,35,2,55000,,,,,,,,,,,,,,,,,,,,,,,,,,,,,,,,,,,,,,,,,,,,,,,,,,-1,-5,-20000,,,,,,,7
1,1,5,45,2,70000,50,30,100,8,6,4,5,1,6,3,6,4,2,5,5,4,4,1,1,6,,,4,35,2,35000,70,20,73,1,10,3,5,1,1,4,5,7,2,2,3,3,4,4,4,,,,,,,,,,,,,,,,,,,,,,,,,,,,,,,0,-10,-35000,0,0,1,-1,,,7