university,enrollment,first.gen,year,num.courses,faculty,race,other.race,alcohol,social.network,sleep,enough.sleep,exercise,diet,GPA.range,gender,age,disability,PSS_1,PSS_2,PSS_3,PSS_4,PSS_5,PSS_6,PSS_7,PSS_8,PSS_9,PSS_10,RSES_1,RSES_2,RSES_3,RSES_4,RSES_5,RSES_6,RSES_7,RSES_8,RSES_9,RSES_10,GSE_1,GSE_2,GSE_3,GSE_4,GSE_5,GSE_6,GSE_7,GSE_8,GSE_9,GSE_10,LOTR_1,LOTR_3,LOTR_4,LOTR_7,LOTR_9,LOTR_10,SWLS_1,SWLS_2,SWLS_3,SWLS_4,SWLS_5,GSQA_1,GSQA_2,GSQA_3,GSQA_4,GSQA_5,GSQA_6,GSQA_7,GSQB_1,GSQB_2,GSQB_3,GSQB_4,GSQB_5,GSQB_6,GSQB_7,GSQC_1,GSQC_2,GSQC_3,GSQC_4,GSQC_5,GSQC_6,GSQC_7,PSS.total,RSES.total,GSE.total,LOTR.total,SWLS.total,GHQ.total,PSS.help,PSS.eff,GHQa.total,QHQb.total,GHQc.total,replicate,living,covid.test,phys.class,online.class
1,1,2,1,6,2,6,,1,4,2,2,1,2,,female,19,2,3,3,4,2,2,3,2,2,3,3,3,3,2,3,2,2,3,1,1,1,3,3,3,3,3,3,2,3,3,3,3,1,1,2,1,2,5,3,3,2,3,1,0,0,0,0,0,0,1,1,1,0,1,1,1,1,1,1,1,1,1,1,27,21,29,10,24,14,8,19,1,6,7,a,,,,
1,1,2,1,6,6,6,,1,2,2,2,3,4,,female,18,2,3,1,2,3,2,1,3,1,3,1,1,1,0,1,0,2,1,0,0,0,3,3,2,2,3,3,2,2,3,3,0,1,1,0,0,0,7,7,7,7,7,1,0,1,1,1,0,1,1,1,0,1,1,0,0,1,1,1,1,1,1,1,20,6,26,2,5,16,9,11,5,4,7,a,,,,
1,1,2,1,6,3,6,,2,3,2,2,1,1,,female,19,1,3,4,4,3,3,3,2,3,3,3,2,3,0,2,1,2,1,0,0,0,3,3,2,1,1,3,1,2,2,1,1,0,1,1,1,1,5,5,5,4,4,1,1,1,0,0,1,0,1,1,1,1,1,1,1,1,1,1,1,1,1,1,31,11,19,5,17,18,11,20,4,7,7,a,,,,
1,1,1,2,6,13,6,,2,4,3,1,1,2,3,male,19,2,3,3,4,2,3,1,2,2,3,3,4,4,3,4,2,3,2,2,1,1,3,3,2,3,3,3,3,3,4,4,1,0,2,1,1,1,2,3,3,5,6,0,0,1,1,1,1,1,1,1,1,1,0,1,1,0,1,1,1,1,0,0,26,26,31,6,21,15,9,17,5,6,4,a,,,,
1,1,2,1,6,3,7,,1,3,3,2,1,2,,female,19,1,3,4,4,1,3,4,1,3,3,3,2,2,0,1,1,2,1,0,0,0,2,2,2,2,2,2,1,2,2,1,2,1,2,1,2,2,4,5,5,5,4,1,1,1,1,1,1,1,1,1,1,1,1,1,1,1,1,1,1,1,1,1,29,9,18,10,17,21,8,21,7,7,7,a,,,,
1,1,2,1,6,3,5,,1,3,3,2,1,1,,female,19,2,3,3,4,2,2,3,2,1,3,3,3,3,2,3,2,3,3,1,1,1,3,3,3,3,3,3,2,3,3,3,1,1,3,1,1,2,5,3,3,5,1,1,0,1,0,1,1,0,1,1,1,1,1,1,1,0,1,1,1,1,1,1,26,22,29,9,23,17,7,19,4,7,6,a,,,,
1,1,2,1,6,6,6,,2,4,3,2,1,3,,female,19,2,2,2,3,1,2,3,2,2,3,2,2,2,1,3,1,3,3,1,1,1,3,3,4,4,4,3,3,4,4,4,2,3,2,2,3,1,4,5,6,7,6,0,1,1,1,1,1,1,1,1,1,1,1,1,1,0,1,0,0,0,0,0,22,18,36,13,12,14,7,15,6,7,1,a,,,,
1,1,2,1,6,1,6,,1,1,3,1,1,2,,female,18,2,2,2,4,1,2,2,2,2,2,2,4,4,2,4,2,3,3,2,1,2,4,3,4,3,3,3,2,3,3,3,1,2,2,2,2,2,2,2,2,2,2,1,0,0,0,0,1,0,1,1,0,0,0,0,0,0,0,1,1,1,1,1,21,27,31,11,30,9,7,14,2,2,5,a,,,,
1,1,1,1,6,1,6,,2,3,3,2,1,2,,female,18,2,2,2,3,0,1,3,2,2,3,3,3,3,2,3,2,3,3,1,2,2,4,4,4,4,4,4,4,4,4,4,1,2,2,2,2,1,2,2,2,2,1,1,0,0,0,0,0,0,0,0,0,0,0,0,0,1,0,1,1,1,1,1,21,24,40,10,31,7,5,16,1,0,6,a,,,,
1,1,2,1,6,3,"1,6",,1,2,2,2,2,2,,female,18,2,3,3,4,2,3,4,3,4,2,4,2,2,1,2,1,2,2,1,1,1,3,2,2,3,3,4,2,3,3,3,0,1,1,1,3,2,6,6,6,4,7,1,0,1,0,1,0,0,1,1,1,1,1,1,1,0,1,1,1,1,1,1,32,15,28,8,11,16,12,20,3,7,6,a,,,,
1,1,2,1,6,1,6,,1,3,3,1,1,2,,female,18,2,2,2,4,1,2,2,1,2,2,3,3,3,3,4,3,3,3,1,2,2,3,3,4,3,3,3,2,3,3,3,3,2,4,3,4,3,2,3,2,3,3,1,0,1,0,0,0,0,0,0,1,0,1,1,1,1,1,1,1,1,1,1,21,27,30,19,27,13,6,15,2,4,7,a,,,,
1,1,2,1,6,7,6,,2,4,3,2,1,2,,female,18,2,2,2,3,2,1,3,2,2,2,3,2,2,2,3,2,2,2,1,1,1,3,3,3,2,2,3,1,3,3,3,0,0,2,1,0,1,2,2,2,3,5,1,0,0,0,0,0,0,1,0,1,0,1,0,0,0,0,0,0,0,0,0,22,18,26,4,26,4,7,15,1,3,0,a,,,,
1,1,1,1,7,6,5,,1,3,2,2,1,2,,female,18,2,2,1,2,1,1,1,1,1,2,1,4,4,2,3,2,3,3,2,2,2,3,2,3,3,3,4,3,2,3,3,2,2,3,3,3,2,2,2,2,2,2,0,0,0,0,0,0,0,0,0,0,0,0,0,0,1,0,1,1,1,1,1,13,27,29,15,30,6,4,9,0,0,6,a,,,,
1,1,2,1,6,2,5,,1,4,3,1,1,3,,female,18,2,2,2,3,1,2,2,2,2,2,2,3,3,2,3,2,3,3,1,1,2,4,3,3,3,2,4,4,4,4,4,1,2,3,1,1,3,3,3,3,3,3,0,0,1,1,1,1,1,1,1,0,0,0,0,0,0,0,0,0,0,0,1,20,23,35,11,25,8,7,13,5,2,1,a,,,,
1,1,2,1,6,3,6,,1,4,2,2,1,2,,female,18,2,3,4,4,2,3,3,3,3,3,4,3,3,2,3,2,3,3,1,1,1,3,3,3,3,3,3,3,3,3,3,3,1,2,1,1,2,3,4,4,3,2,1,0,0,0,1,1,1,1,1,1,1,1,1,1,0,0,1,1,1,1,0,32,22,30,10,24,15,11,21,4,7,4,a,,,,
1,1,2,1,6,3,5,,1,2,2,2,1,2,,female,18,2,1,2,3,2,2,4,3,3,2,3,3,3,2,2,1,3,3,0,1,1,3,2,2,3,2,3,3,2,3,3,1,1,1,2,2,2,3,2,2,1,5,1,1,1,0,0,0,1,0,1,1,1,1,1,1,1,1,1,1,1,1,1,25,19,26,9,27,17,10,15,4,6,7,a,,,,
1,1,1,1,6,6,"4,6,7",,1,3,2,2,1,2,,female,18,2,3,3,4,2,2,2,1,1,3,4,3,3,2,3,2,1,3,2,2,2,3,2,3,3,2,3,3,2,3,3,3,3,1,3,3,2,3,5,3,3,5,0,1,0,0,1,1,0,1,1,1,1,0,1,1,0,0,0,1,0,0,1,25,23,27,15,21,11,6,19,3,6,2,a,,,,
1,1,2,1,6,2,2,,1,3,2,2,1,1,,female,18,2,2,4,4,4,2,4,2,4,3,4,1,1,1,1,1,1,1,0,3,3,3,3,1,3,2,3,3,3,2,2,2,3,4,2,2,4,7,7,7,7,7,1,0,1,1,0,1,0,0,0,1,0,0,1,1,0,1,1,1,1,1,1,33,13,25,17,5,13,12,21,4,3,6,a,,,,
1,1,2,1,6,3,9,,1,1,2,2,1,1,,female,18,2,3,4,3,2,3,2,4,2,3,1,4,4,2,4,3,3,3,2,2,2,3,4,3,3,3,4,2,3,4,2,0,2,1,2,3,1,6,6,6,3,4,0,1,0,0,1,1,0,1,0,1,1,1,1,1,0,1,0,0,0,0,1,27,29,31,9,15,11,11,16,3,6,2,a,,,,
1,1,2,1,7,12,6,,1,4,3,2,1,3,,female,18,2,0,1,4,1,2,2,2,3,2,2,3,3,3,3,3,2,2,1,1,1,4,3,3,3,3,4,3,3,3,3,1,2,2,3,3,4,3,2,2,2,3,1,0,1,0,0,0,0,0,0,1,0,1,1,1,0,1,0,0,1,1,1,19,22,32,15,28,10,8,11,2,4,4,a,,,,
1,1,1,1,6,3,6,,2,3,2,2,1,1,,female,18,2,3,2,4,3,1,3,3,2,1,4,3,3,1,3,2,3,2,1,1,1,2,3,2,2,3,2,2,2,3,2,2,1,2,2,1,3,6,3,2,2,3,0,0,1,0,1,1,1,1,0,1,0,1,1,1,0,1,1,1,1,1,1,26,20,23,11,24,15,9,17,4,5,6,a,,,,
1,1,1,1,6,3,6,,2,3,3,1,2,2,,female,18,2,3,4,4,2,3,2,1,2,3,2,3,3,2,3,2,2,1,0,0,2,3,2,2,3,3,4,2,3,4,3,0,0,2,0,0,0,5,3,4,5,3,1,0,1,1,0,1,1,1,1,1,1,1,1,1,0,1,1,1,1,1,1,26,18,29,2,20,18,8,18,5,7,6,a,,,,
1,1,2,1,6,3,"1,7",,1,3,2,1,1,2,,female,18,1,2,1,3,1,1,2,2,1,0,1,2,3,3,3,2,3,2,0,1,1,3,2,2,1,2,3,1,3,2,2,2,2,3,3,4,4,2,2,2,1,2,1,0,1,1,1,1,1,0,0,0,0,1,1,0,1,0,1,1,1,0,0,14,20,21,18,31,12,5,9,6,2,4,a,,,,
1,1,3,1,6,3,9,,1,3,2,1,1,2,,female,18,2,2,2,4,2,2,2,2,2,2,2,4,4,3,4,3,4,4,3,3,3,3,3,4,3,3,4,4,3,3,3,4,2,4,2,4,2,2,2,2,3,1,1,0,0,0,0,0,0,0,0,0,0,0,0,0,1,0,1,1,1,1,1,22,35,33,18,30,7,8,14,1,0,6,a,,,,
1,1,2,1,6,3,4,,1,2,2,2,2,1,,male,18,2,4,4,4,0,4,1,3,4,3,3,3,3,2,3,2,2,2,1,0,0,3,3,3,3,3,3,3,4,4,3,3,0,3,0,1,1,3,3,3,3,3,1,0,0,0,1,1,0,1,1,1,1,1,1,1,1,1,1,1,1,1,1,30,18,32,8,25,17,11,19,3,7,7,a,,,,
1,1,1,1,6,2,6,,2,2,3,2,1,1,,unknown,19,2,2,3,4,1,1,2,2,2,4,2,3,3,2,3,2,2,3,1,2,1,4,3,3,3,3,3,3,3,3,3,3,2,4,2,2,2,2,2,3,2,2,1,0,1,0,1,1,0,0,1,1,0,0,1,1,1,0,0,1,1,1,1,23,22,31,15,29,13,6,17,4,4,5,a,,,,
1,1,1,4,6,1,4,,1,2,3,1,1,2,3,female,21,2,2,3,4,2,2,4,2,3,2,3,2,2,1,2,2,2,2,1,1,1,3,3,2,3,2,4,3,3,3,3,1,1,0,1,2,1,7,7,6,6,7,1,1,1,0,0,0,0,1,1,1,0,1,1,1,1,1,1,1,1,1,1,27,16,29,6,7,16,9,18,3,6,7,a,,,,
1,1,1,1,6,3,4,,1,3,2,2,1,3,,male,18,2,1,0,1,2,2,1,3,3,2,1,3,3,3,3,2,3,3,2,3,3,3,2,3,2,2,3,3,3,3,2,3,4,3,3,3,3,2,1,1,4,2,1,0,0,0,1,0,0,0,0,0,0,1,0,0,0,1,1,0,1,1,1,16,28,26,19,30,8,10,6,2,1,5,a,,,,
1,1,2,1,6,3,6,,1,3,3,2,1,2,,female,19,2,3,4,4,2,3,4,2,3,4,4,4,4,2,3,2,3,3,1,0,0,3,3,3,3,3,3,3,3,3,3,1,0,2,1,1,3,3,3,3,4,5,1,1,1,1,1,1,0,1,1,1,1,1,1,1,0,1,1,1,1,1,1,33,22,30,8,22,19,10,23,6,7,6,a,,,,
1,1,2,1,6,2,6,,1,3,3,1,1,2,,female,18,2,1,2,4,2,2,2,1,2,3,2,3,3,2,3,1,3,3,1,1,1,3,3,2,3,3,3,2,3,3,3,1,2,1,1,1,1,4,5,5,6,6,1,0,0,0,1,1,0,0,0,0,0,1,1,1,1,0,1,1,1,1,1,21,21,28,7,14,12,7,14,3,3,6,a,,,,
1,1,1,1,6,2,2,,1,3,3,1,1,1,,female,19,2,1,1,2,2,1,3,2,2,1,1,3,3,3,3,1,3,3,2,1,2,3,2,3,2,2,3,3,2,2,3,2,2,2,2,2,2,2,3,2,2,2,1,0,0,0,0,0,0,0,0,0,0,0,0,0,1,0,1,1,1,1,0,16,24,25,12,29,6,7,9,1,0,5,a,,,,
1,1,2,2,5,12,"2,6,7",,2,3,2,2,1,2,3,female,25,2,2,1,3,1,2,3,1,2,1,1,3,3,2,3,2,3,3,2,2,2,3,3,3,3,3,3,2,2,3,3,2,3,3,3,3,3,3,3,2,3,5,1,0,1,1,0,0,1,1,1,0,0,0,0,0,0,0,1,0,0,1,0,17,25,28,17,24,8,6,11,4,2,2,a,,,,
1,1,2,1,6,2,6,,2,3,4,1,2,3,,female,18,2,2,3,3,2,2,2,1,1,3,3,4,4,2,4,2,4,3,1,1,2,4,3,3,3,4,4,3,3,3,2,3,3,4,3,3,3,3,2,3,2,6,0,0,0,0,0,0,0,1,0,0,1,0,1,0,0,0,0,1,0,0,0,22,27,32,19,24,4,6,16,0,3,1,a,,,,
1,1,2,2,6,3,1,,2,4,3,1,2,3,4,female,19,2,1,1,1,1,2,3,2,3,2,1,1,3,0,2,1,3,2,2,2,1,3,1,2,2,3,2,1,3,2,1,3,1,2,4,3,3,3,4,3,3,3,1,1,1,0,1,0,0,0,0,0,0,0,0,0,1,0,1,1,1,1,1,17,17,20,16,24,10,8,9,4,0,6,a,,,,
1,1,2,1,6,2,"6,8",Latin,1,3,3,2,1,2,,female,18,2,2,3,4,1,2,2,2,3,2,3,2,1,0,1,0,1,1,0,0,0,2,2,2,3,3,2,4,3,3,2,0,0,0,0,0,0,6,3,6,6,7,1,0,1,1,0,0,0,1,1,1,1,1,1,1,1,0,1,1,1,1,1,24,6,26,0,12,16,8,16,3,7,6,a,,,,
1,1,2,1,6,3,1,,1,2,3,1,1,2,,female,18,2,3,2,4,3,2,4,3,2,4,4,3,3,2,2,2,2,2,0,0,0,3,2,3,1,2,4,1,2,2,1,0,2,0,3,2,2,6,6,6,3,4,1,1,1,1,0,0,1,1,1,1,1,1,1,1,0,0,0,0,1,1,1,31,16,21,9,15,15,10,21,5,7,3,a,,,,
1,1,2,1,6,3,6,,2,3,3,1,1,3,,female,19,2,0,1,3,1,2,3,1,3,2,3,3,3,2,3,1,3,3,1,2,1,3,3,3,3,3,3,3,3,3,3,1,2,3,2,3,2,2,2,2,2,2,0,0,0,0,0,0,0,0,0,1,0,0,0,0,0,0,1,1,1,0,0,19,22,30,13,30,4,7,12,0,1,3,a,,,,
1,1,2,1,6,3,6,,2,4,2,1,2,3,,female,18,2,2,1,2,1,1,2,3,3,0,0,4,4,2,3,2,3,3,2,2,2,4,2,3,3,3,3,4,3,3,3,2,2,3,2,1,3,2,2,2,3,3,0,0,0,0,0,0,0,0,0,0,0,0,0,0,0,0,0,0,0,0,0,15,27,31,13,28,0,8,7,0,0,0,a,,,,
1,1,2,1,6,3,4,,1,3,2,2,1,2,,female,18,2,4,3,4,1,2,3,2,3,4,1,4,4,1,3,1,3,2,1,1,1,3,3,3,3,3,3,3,2,3,3,3,1,2,2,1,4,5,3,3,3,5,0,1,1,1,0,0,0,1,1,1,1,1,1,1,1,1,1,1,1,0,1,27,21,29,13,21,16,8,19,3,7,6,a,,,,
1,1,2,1,6,6,6,,2,3,3,1,2,2,,female,18,2,2,2,3,1,2,2,1,2,2,2,3,3,2,3,2,3,3,2,2,1,3,3,3,4,4,3,3,3,3,3,3,0,4,1,1,2,2,3,2,2,3,0,0,0,0,0,0,0,0,0,0,0,0,0,0,1,0,1,1,1,0,1,19,24,32,11,28,5,6,13,0,0,5,a,,,,
1,1,2,1,6,2,6,,1,4,3,1,2,3,,female,18,2,1,2,3,2,2,1,2,1,2,1,3,3,2,4,2,3,2,1,1,1,3,2,3,3,3,3,3,3,3,4,3,3,3,3,2,3,3,2,2,2,2,1,0,0,0,0,0,0,0,0,1,0,0,0,0,0,0,0,0,1,1,1,17,22,30,17,29,5,7,10,1,1,3,a,,,,
1,1,2,1,7,6,6,,2,4,2,2,1,1,,female,18,2,3,4,4,2,2,3,2,3,2,4,3,3,2,3,1,3,3,3,2,3,3,3,4,4,4,3,2,2,3,3,3,1,3,2,2,1,2,2,2,2,2,1,1,1,1,0,0,0,1,1,1,0,1,1,1,0,1,1,1,1,1,1,29,26,31,12,30,16,9,20,4,6,6,a,,,,
1,2,2,1,7,6,6,,1,3,3,1,1,2,,female,19,2,2,2,3,1,1,3,1,2,1,2,4,4,3,3,3,3,3,1,2,1,3,3,3,3,3,3,3,3,3,3,1,0,1,3,3,3,1,2,2,1,3,1,0,1,0,0,0,0,1,1,1,0,0,1,0,1,0,0,0,0,0,1,18,27,30,11,31,8,5,13,2,4,2,a,,,,
1,1,2,1,6,2,1,,2,3,2,2,2,2,,female,19,2,2,2,3,1,2,2,2,2,3,3,3,3,1,3,1,2,2,1,1,1,3,2,3,3,3,4,3,3,3,3,1,1,1,0,2,1,5,3,4,5,6,1,0,1,0,0,0,0,0,0,1,1,1,1,1,1,0,1,1,1,1,1,22,18,30,6,17,13,7,15,2,5,6,a,,,,
1,1,2,1,6,2,6,,1,4,3,2,1,3,,female,19,2,3,3,3,3,2,1,3,3,3,3,3,3,2,2,2,3,3,2,2,2,3,2,2,3,3,3,3,2,3,3,2,1,2,3,3,2,5,4,5,3,4,1,1,1,1,1,1,0,1,0,1,1,1,1,1,1,1,1,1,0,1,1,27,24,27,13,19,18,11,16,6,6,6,a,,,,
1,1,1,1,6,4,1,,1,2,2,2,1,3,,male,19,2,3,3,4,2,3,2,3,2,3,2,3,3,1,3,1,3,2,1,1,1,3,2,3,2,3,3,2,3,3,3,2,1,2,3,1,3,6,5,6,7,6,0,0,1,0,0,0,0,1,0,1,1,0,1,1,1,1,1,1,1,1,1,27,19,27,12,10,13,10,17,1,5,7,a,,,,
1,1,2,1,8,6,8,Afghan ,1,3,2,2,1,1,,female,19,2,3,3,4,3,2,4,2,3,4,4,3,3,2,2,2,2,2,2,2,2,3,3,2,2,2,2,2,2,2,2,1,1,3,0,1,3,5,4,3,5,6,1,0,1,1,1,1,1,1,1,1,1,0,1,1,0,1,1,1,1,1,1,32,22,22,9,17,18,10,22,6,6,6,a,,,,
1,1,2,1,6,3,6,,1,3,2,2,1,1,,female,19,2,4,2,4,3,1,4,3,1,4,2,3,3,1,2,1,2,2,1,0,0,2,2,2,3,3,4,1,3,3,1,2,0,3,0,0,1,5,4,5,4,5,1,0,0,0,1,1,1,1,1,1,1,1,1,1,0,0,1,1,1,0,1,28,15,24,6,17,15,8,20,4,7,4,a,,,,
1,1,2,1,6,1,9,,1,4,3,1,1,2,,female,18,2,0,0,2,1,2,1,1,1,1,1,4,3,2,4,2,3,3,3,3,3,3,3,3,3,3,3,3,3,3,3,3,1,3,2,2,2,3,3,2,2,2,1,0,0,0,0,0,0,0,0,0,0,0,0,0,0,0,1,1,1,1,1,10,30,30,13,28,6,5,5,1,0,5,a,,,,
1,1,2,1,6,6,5,,1,3,3,1,1,1,,female,18,2,3,2,4,2,2,2,3,3,3,3,2,1,2,3,1,1,1,1,1,1,3,2,3,2,2,3,1,2,3,3,1,3,1,3,3,3,6,6,7,7,7,1,0,1,0,1,0,0,1,1,1,1,1,0,1,1,0,1,0,1,1,1,27,14,24,14,7,14,10,17,3,6,5,a,,,,
1,1,2,3,5,3,4,,1,3,3,1,1,2,3,female,20,2,3,3,3,2,1,2,1,2,3,2,3,3,3,3,2,3,3,2,1,2,3,2,3,3,2,3,2,2,2,2,4,1,1,2,1,1,5,3,3,3,5,1,0,1,1,0,0,0,0,1,1,0,0,1,1,0,0,0,0,0,0,1,22,25,24,10,21,8,6,16,3,4,1,a,,,,
1,1,2,1,7,6,6,,1,3,2,2,1,2,,female,19,2,2,2,3,3,2,2,3,2,2,2,3,3,2,3,2,3,3,1,1,1,3,2,3,3,3,3,3,3,3,3,1,1,3,1,2,2,2,2,2,2,3,1,0,1,0,1,1,1,1,0,1,1,0,0,0,0,1,1,1,1,1,1,23,22,29,10,29,14,10,13,5,3,6,a,,,,
1,1,2,1,6,3,5,,1,4,2,2,1,2,,female,18,2,2,2,3,2,2,3,2,2,3,3,3,3,2,3,2,3,2,2,1,1,3,3,2,3,2,3,3,3,3,3,3,3,1,3,3,3,5,4,4,4,3,1,0,0,0,0,0,0,1,1,0,0,0,1,0,1,0,1,1,1,0,0,24,22,28,16,20,8,8,16,1,3,4,a,,,,
1,1,2,2,6,3,6,,1,3,3,1,1,2,2,female,20,2,2,2,2,1,2,2,1,2,1,2,3,3,2,3,2,4,3,2,2,2,3,3,3,3,3,4,3,3,3,3,3,2,4,1,3,2,5,5,3,5,5,1,0,0,1,0,0,0,0,0,1,0,0,1,1,1,0,1,1,1,0,0,17,26,31,15,17,9,6,11,2,3,4,a,,,,
1,1,2,1,6,2,6,,1,3,3,2,1,3,,female,19,2,2,2,3,1,3,0,2,1,3,0,3,3,3,3,3,3,3,2,1,3,3,2,4,3,2,4,3,3,3,3,1,2,4,1,2,3,2,2,2,2,2,1,0,0,0,0,0,0,0,0,0,0,0,0,0,1,0,0,0,1,1,1,17,27,30,13,30,5,7,10,1,0,4,a,,,,
1,1,2,1,6,3,5,,1,3,3,2,1,2,,female,18,2,2,4,4,2,2,3,1,2,3,4,3,4,1,3,2,3,3,0,1,1,4,3,3,3,3,4,3,3,3,3,1,4,3,2,2,1,6,5,5,4,4,0,1,1,0,1,1,0,1,0,0,1,1,1,1,0,1,1,1,1,1,1,27,21,32,13,16,15,7,20,4,5,6,a,,,,
1,1,2,1,7,6,6,,2,4,1,2,1,2,,female,18,2,2,2,3,1,2,2,1,2,3,3,4,3,2,3,1,2,2,1,1,2,3,3,3,3,3,3,3,3,3,3,2,3,2,1,2,3,3,5,3,3,3,1,1,1,0,0,0,0,1,0,1,1,1,1,1,1,0,0,0,1,0,0,21,21,30,13,23,11,6,15,3,6,2,a,,,,
1,1,3,3,6,5,4,,2,3,3,2,3,3,2,male,20,2,3,2,3,2,2,2,1,1,1,3,3,3,1,3,2,2,3,2,2,1,3,3,3,2,2,3,2,3,2,3,2,2,2,2,2,2,4,4,4,4,4,1,0,0,0,0,0,0,0,0,0,0,0,0,0,1,0,1,1,1,1,1,20,22,26,12,20,7,6,14,1,0,6,a,,,,
1,1,2,1,6,3,5,,1,3,2,2,1,2,,female,18,2,4,4,4,0,3,1,3,4,2,4,4,4,2,3,2,3,2,1,0,0,2,2,2,3,3,3,3,3,3,3,3,2,4,3,3,1,3,5,5,6,7,1,1,1,0,1,1,1,1,0,1,1,0,1,1,1,1,1,1,1,1,1,29,21,27,16,14,18,10,19,6,5,7,a,,,,
1,"1,5",2,1,5,14,1,,1,3,3,1,1,1,,female,18,2,1,2,2,2,2,2,2,3,1,2,4,4,3,3,3,3,3,2,2,3,4,3,3,3,4,4,4,3,3,3,1,2,4,3,4,4,5,2,3,3,3,0,0,0,0,0,0,0,0,0,0,0,0,0,0,1,0,0,1,0,0,1,19,30,34,18,24,3,9,10,0,0,3,a,,,,
1,1,2,2,5,3,5,,1,3,2,2,1,1,2,female,20,2,3,3,4,3,2,3,2,3,4,3,3,3,2,3,1,2,2,1,1,1,3,3,3,2,2,3,2,3,3,2,4,1,3,2,2,3,4,5,4,4,3,0,1,1,0,0,0,0,1,1,1,1,1,1,1,1,1,1,1,1,1,1,30,19,26,15,20,16,10,20,2,7,7,a,,,,
1,1,2,1,6,3,6,,1,3,3,1,1,3,,male,18,2,2,2,2,2,2,2,2,2,2,2,3,3,1,3,1,3,3,1,1,1,3,3,3,3,3,3,2,3,2,3,2,2,2,2,3,2,4,5,4,4,3,0,1,1,1,1,0,1,0,0,0,0,0,0,1,1,1,1,0,1,0,1,20,20,28,13,20,11,8,12,5,1,5,a,,,,
1,1,2,1,7,6,6,,2,3,3,2,2,2,,female,19,2,3,2,4,3,1,2,3,2,3,3,3,3,2,3,2,3,3,1,1,2,3,3,3,3,3,3,3,3,2,2,2,1,2,2,2,2,2,2,2,2,2,1,0,1,1,1,1,0,1,1,1,1,1,1,1,0,1,0,0,0,0,0,26,23,28,11,30,13,9,17,5,7,1,a,,,,
1,1,1,1,4,2,6,,2,1,2,1,1,2,,female,18,2,4,4,4,2,2,3,2,2,4,4,3,3,2,4,3,3,3,1,1,1,3,3,2,3,4,3,2,3,3,4,0,2,4,0,0,1,5,6,6,4,5,1,0,1,1,1,1,0,0,0,1,1,0,0,1,1,0,1,1,0,0,1,31,24,30,7,14,12,8,23,5,3,4,a,,,,
1,1,1,1,5,2,3,,1,3,2,2,1,3,,female,18,2,2,2,3,2,2,3,2,3,1,2,3,3,2,2,2,3,3,1,2,2,3,2,3,2,2,3,2,2,3,3,2,2,3,2,1,2,4,5,5,5,5,0,0,0,0,0,0,0,1,1,1,1,1,0,1,0,1,1,1,1,1,1,22,23,25,12,16,12,9,13,0,6,6,a,,,,
1,1,2,1,6,2,6,,1,4,2,2,1,1,,female,18,2,4,4,4,2,1,2,2,3,3,3,3,3,1,2,1,2,2,0,1,2,3,1,2,3,2,2,2,2,3,2,1,1,1,0,0,2,4,4,5,3,6,1,0,0,1,1,1,1,1,0,1,1,1,1,1,0,1,1,1,1,1,1,28,17,22,5,18,17,8,20,5,6,6,a,,,,
1,1,2,2,6,7,6,,2,4,3,1,2,3,3,female,19,2,2,1,3,1,1,1,2,2,3,1,3,3,2,2,2,3,3,1,2,2,3,2,3,3,3,3,3,3,3,3,2,3,3,3,4,3,2,1,1,2,2,1,0,1,1,1,0,0,1,0,1,1,1,1,1,0,0,1,1,1,1,0,17,23,29,18,32,14,6,11,4,6,4,a,,,,
1,1,1,5,7,5,2,,1,3,3,2,1,1,3,female,22,2,1,1,4,2,2,0,2,4,0,0,1,1,3,1,3,1,1,3,3,3,3,3,2,2,2,4,2,2,2,2,2,0,4,2,3,2,7,7,7,7,7,1,1,1,0,0,0,0,1,1,1,1,1,1,1,0,1,1,1,1,1,1,16,20,24,13,5,16,10,6,3,7,6,a,,,,
1,1,2,1,6,4,6,,2,3,3,2,1,2,,male,18,2,2,2,3,1,2,1,1,3,2,2,4,3,2,2,2,3,3,2,1,2,3,3,3,3,3,3,3,4,4,3,3,1,1,2,2,3,3,3,2,3,5,1,0,0,0,0,0,0,0,0,1,0,0,0,0,1,0,1,1,1,1,1,19,24,32,12,24,8,7,12,1,1,6,a,,,,
1,1,2,1,6,3,5,,1,3,2,2,1,2,,female,18,2,1,3,4,1,2,2,2,1,1,2,3,3,0,3,2,3,3,0,1,1,3,2,3,3,3,4,2,3,4,3,2,1,3,1,0,1,4,5,4,2,2,0,0,1,0,1,0,0,1,0,1,0,1,1,1,0,1,0,0,0,0,0,19,19,30,8,23,8,6,13,2,5,1,a,,,,
1,1,2,1,6,2,5,,1,3,2,2,1,1,,female,18,2,2,3,2,1,2,2,1,0,2,2,3,3,2,3,3,3,3,0,2,2,3,2,3,2,3,4,3,3,3,2,2,2,3,2,2,2,4,6,5,3,7,1,0,0,0,1,1,0,0,0,0,0,0,0,0,0,0,0,0,0,1,1,17,24,28,13,15,5,4,13,3,0,2,a,,,,
1,1,2,1,6,3,1,,2,3,2,2,1,2,,female,19,2,3,3,4,3,2,3,3,4,3,3,2,2,2,2,1,1,1,0,1,1,3,3,2,2,2,2,1,1,1,1,3,0,2,0,2,2,5,3,5,3,7,1,0,1,0,0,0,0,1,0,1,1,1,1,0,1,1,1,1,1,1,1,31,13,18,9,17,14,12,19,2,5,7,a,,,,
1,1,2,1,6,3,6,,2,3,3,2,1,1,,female,19,2,0,4,4,2,3,3,2,3,3,3,4,3,2,3,3,3,3,2,3,3,2,3,3,2,2,3,3,4,3,3,2,1,1,1,2,3,2,2,2,3,5,1,0,0,0,0,0,0,1,0,1,1,0,1,0,0,1,1,1,1,1,1,27,29,28,10,26,11,10,17,1,4,6,a,,,,
1,"1,3",2,1,6,3,8,Middle Eastern ,2,3,3,1,1,3,,female,18,2,3,2,4,1,2,2,2,1,2,2,4,4,3,3,2,4,4,2,1,1,3,2,4,3,3,3,3,3,3,4,3,2,3,2,1,3,4,4,2,2,4,1,0,0,0,0,0,0,0,0,0,0,0,0,1,0,1,0,0,0,0,0,21,28,31,14,24,3,6,15,1,1,1,a,,,,
1,1,2,1,6,3,1,,2,3,3,1,1,1,,female,18,2,1,1,2,3,1,1,0,0,2,2,3,3,3,3,3,2,2,0,1,1,3,2,3,3,3,3,3,3,3,3,4,1,3,1,4,3,1,1,1,3,2,1,0,0,0,0,0,0,0,0,0,0,0,0,0,1,0,1,1,1,1,1,13,21,29,16,32,7,4,9,1,0,6,a,,,,
1,1,2,1,6,3,5,,1,3,2,1,1,3,,female,18,2,2,1,3,1,1,2,2,2,2,1,4,4,3,3,2,3,3,1,1,2,4,3,4,3,3,4,4,3,3,4,3,2,4,2,3,4,2,2,2,2,2,1,0,1,0,0,0,0,0,0,0,0,0,0,0,0,0,0,0,1,0,1,17,26,35,18,30,4,6,11,2,0,2,a,,,,
1,1,1,2,5,3,6,,4,4,3,1,2,3,3,male,19,2,2,1,2,1,1,0,0,1,1,0,3,3,3,3,3,3,3,2,3,3,4,3,4,4,4,4,4,3,3,3,4,2,4,3,3,4,3,3,2,4,6,0,0,0,0,0,0,0,0,0,0,0,0,0,0,1,0,1,1,1,1,1,9,29,36,20,22,6,3,6,0,0,6,a,,,,
1,1,2,3,6,3,6,,1,3,3,1,1,1,3,female,20,2,0,1,3,1,2,4,1,2,0,3,2,3,0,4,0,1,2,0,1,1,4,3,3,4,4,4,4,4,4,4,4,2,2,3,3,3,3,2,3,6,6,1,0,0,0,1,1,1,1,1,1,0,1,1,1,1,1,1,1,1,1,1,17,14,38,17,20,17,6,11,4,6,7,a,,,,
1,1,2,1,6,4,6,,1,4,1,2,2,2,,female,18,1,2,2,4,0,0,3,1,1,3,3,1,1,3,1,3,1,1,3,3,3,4,4,2,2,2,3,3,4,4,4,1,1,2,1,3,1,6,6,6,6,6,1,0,1,1,1,1,1,1,1,1,1,1,1,1,0,1,1,1,1,1,1,19,20,32,9,10,19,2,17,6,7,6,a,,,,
1,1,1,1,5,3,5,,1,3,3,1,2,2,,male,19,2,1,2,1,2,2,1,1,1,1,3,2,2,3,3,2,3,2,1,2,1,1,2,3,2,4,4,3,3,3,4,2,2,3,2,2,3,4,3,5,5,5,0,0,1,1,1,0,0,1,1,0,0,1,0,0,1,0,0,1,1,0,0,15,21,29,14,18,9,6,9,3,3,3,a,,,,
1,1,2,1,6,3,5,,1,4,2,2,1,1,,female,18,2,2,3,3,2,2,3,2,2,3,3,2,3,2,3,1,3,2,1,1,2,2,3,2,2,3,3,3,2,3,3,3,1,2,0,2,2,4,5,4,4,4,1,1,1,0,1,1,0,1,0,0,1,1,1,1,0,0,1,1,0,0,1,25,20,26,10,19,13,8,17,5,5,3,a,,,,
1,1,2,1,6,3,5,,1,3,2,2,1,1,,female,18,2,2,3,4,3,4,4,2,3,4,4,4,3,1,2,1,2,2,0,0,0,3,4,3,3,2,3,3,3,3,3,2,1,0,2,0,1,5,6,6,6,5,1,1,1,1,1,0,1,1,1,1,1,1,1,1,0,1,1,1,1,1,1,33,15,30,6,12,19,12,21,6,7,6,a,,,,
1,1,2,1,6,12,6,,1,3,2,2,1,2,,female,18,2,2,3,3,1,2,1,0,2,1,1,4,4,2,3,3,4,3,0,2,2,3,1,2,3,3,4,2,3,3,3,3,2,3,3,2,4,2,3,2,4,1,1,0,0,1,0,0,0,0,0,0,0,0,0,0,1,0,0,0,0,0,0,16,27,27,17,28,3,5,11,2,0,1,a,,,,
1,1,1,1,6,3,5,,2,3,1,2,2,3,,female,18,2,3,3,4,4,3,1,3,3,3,4,3,3,1,1,2,2,2,1,1,1,2,3,2,3,3,3,4,3,3,2,1,3,2,2,2,1,6,5,5,4,2,1,1,1,1,1,1,0,1,0,1,1,1,1,1,0,1,0,1,1,0,1,31,17,28,11,18,16,13,18,6,6,4,a,,,,
1,1,2,1,5,3,5,,1,4,3,1,1,3,,female,18,2,1,3,4,1,2,3,1,1,1,3,3,3,2,3,1,2,2,1,1,1,3,3,3,3,3,4,3,3,3,3,1,3,3,1,1,3,5,3,3,3,3,0,0,1,1,1,0,1,1,0,1,0,1,1,1,0,0,1,0,0,0,0,20,19,31,12,23,10,5,15,4,5,1,a,,,,
1,1,2,1,7,12,6,,2,3,2,2,1,2,,female,25,2,3,3,4,3,3,3,2,3,2,4,3,3,2,3,2,3,2,1,1,1,3,3,3,3,3,3,3,3,3,3,2,1,3,2,1,1,6,6,6,6,7,1,1,1,0,1,1,0,1,1,1,1,1,1,1,0,1,1,1,1,1,1,30,21,30,10,9,18,11,19,5,7,6,a,,,,
1,1,2,1,6,12,6,,2,4,3,2,1,2,,female,18,2,4,2,4,0,1,2,2,2,1,2,4,4,3,2,3,3,3,2,2,1,3,3,4,2,3,3,4,3,4,3,2,3,4,2,1,3,1,1,1,1,1,1,1,0,0,1,1,1,0,0,0,0,0,1,0,0,1,0,0,0,0,0,20,27,32,15,35,7,5,15,5,1,1,a,,,,
1,1,2,3,5,3,6,,3,4,2,2,3,2,2,male,20,2,1,2,3,1,3,1,1,1,1,1,3,2,1,3,3,3,2,2,2,2,3,3,3,4,4,3,4,2,2,3,3,2,3,3,2,2,3,4,2,3,1,0,0,0,0,0,0,0,0,0,1,0,0,1,0,0,1,1,1,1,0,1,15,23,31,15,27,7,6,9,0,2,5,a,,,,
1,1,2,1,7,6,7,,1,3,2,2,1,2,,female,19,2,2,2,3,2,2,2,1,1,3,3,3,3,2,3,2,3,3,1,1,1,3,2,3,2,3,4,3,3,3,3,2,1,4,2,3,3,2,3,3,5,6,1,0,1,1,1,1,1,1,0,0,1,1,1,1,0,1,1,1,1,1,1,21,22,29,15,21,17,6,15,6,5,6,a,,,,
1,1,2,1,6,3,6,,2,3,3,2,2,2,,male,18,2,1,1,2,1,2,1,1,2,1,2,4,4,3,3,3,4,4,2,3,3,4,3,3,3,3,3,3,3,3,3,3,3,3,3,1,3,2,2,1,2,1,1,0,0,1,0,0,0,0,0,0,0,0,0,0,1,0,0,1,1,1,1,14,33,31,16,32,7,6,8,2,0,5,a,,,,
1,1,2,1,6,3,2,,1,3,2,2,1,1,,female,19,2,3,3,3,3,3,2,3,3,3,3,2,3,1,2,0,1,1,1,1,1,2,3,2,2,3,3,3,3,3,3,2,1,1,1,0,1,6,2,3,3,7,1,0,0,1,1,1,0,0,1,1,1,1,1,1,1,1,1,1,1,1,1,29,13,27,6,19,17,12,17,4,6,7,a,,,,
1,1,2,1,6,6,6,,1,3,2,2,1,3,,female,20,2,0,0,3,2,3,2,2,3,0,3,3,3,2,3,1,2,2,1,2,1,4,3,3,4,3,3,4,3,3,3,2,1,2,2,1,2,4,4,4,5,5,1,0,1,1,1,1,1,1,0,1,0,0,1,1,1,1,1,1,1,1,1,18,20,33,10,18,17,10,8,6,4,7,a,,,,
1,1,2,1,6,3,5,,1,3,2,2,1,2,,female,18,2,3,3,3,2,2,2,1,3,1,2,3,3,2,2,1,3,2,1,0,0,2,2,3,3,3,3,2,2,2,2,1,1,1,2,2,1,6,6,6,3,6,1,0,1,0,1,1,0,0,0,1,0,0,0,1,0,1,1,1,1,1,1,22,17,24,8,13,12,8,14,4,2,6,a,,,,
1,1,1,1,6,2,6,,1,2,3,1,2,2,,male,19,2,2,2,3,2,3,2,2,1,1,3,3,3,2,3,0,2,1,1,2,1,3,3,2,2,2,3,2,2,3,3,0,3,1,2,1,2,7,4,7,7,7,0,0,1,0,0,0,0,0,0,1,1,0,1,1,0,1,1,1,1,0,1,21,18,25,9,8,10,8,13,1,4,5,a,,,,
1,1,2,1,6,6,2,,2,3,2,2,1,3,,female,19,2,3,3,3,1,1,3,1,1,3,3,4,4,0,4,0,4,4,0,0,0,3,4,3,3,3,3,3,3,3,3,1,3,2,4,4,0,5,5,5,5,5,0,1,1,1,1,1,1,1,1,1,1,1,1,1,0,1,0,0,0,0,0,22,20,31,14,15,14,4,18,6,7,1,a,,,,
1,1,1,1,6,2,"4,5",,1,3,2,2,1,2,,female,18,3,3,2,3,1,1,2,2,3,2,4,3,2,2,3,1,2,2,0,0,0,2,2,3,3,3,3,2,2,3,3,3,1,1,0,1,2,6,5,5,6,6,1,1,1,1,0,0,1,1,1,1,1,0,1,1,0,1,1,1,1,1,1,23,15,26,8,12,17,7,16,5,6,6,a,,,,
1,1,2,1,6,3,1,,2,3,2,1,2,3,,male,18,2,2,2,3,3,2,2,3,2,2,3,4,3,2,3,2,3,4,1,2,2,3,3,3,2,3,3,2,3,3,2,3,3,2,4,3,2,1,2,2,3,3,0,0,0,0,0,0,0,1,0,0,0,0,0,0,0,1,0,0,0,0,0,24,26,27,17,29,2,10,14,0,1,1,a,,,,
1,1,2,1,7,6,5,,1,2,2,2,1,2,,female,18,2,1,2,1,2,2,3,1,2,1,2,3,2,1,3,1,2,1,1,1,1,2,2,2,3,2,3,3,3,3,3,2,2,3,2,1,2,6,5,6,6,6,1,0,0,0,0,0,0,0,0,0,0,0,0,0,0,0,0,1,1,1,1,17,16,26,12,11,5,7,10,1,0,4,a,,,,
1,1,2,2,6,3,7,,1,2,2,2,1,1,3,female,19,2,3,4,4,2,3,3,3,3,3,3,3,3,2,3,2,2,3,1,1,1,3,2,2,2,2,3,2,2,3,2,2,1,2,1,2,2,6,6,6,5,6,1,1,1,0,0,0,0,1,0,1,1,1,1,1,1,0,1,1,1,1,1,31,21,23,10,11,15,11,20,3,6,6,a,,,,
1,1,1,1,5,3,5,,1,3,2,2,1,1,,female,18,2,4,4,3,0,3,3,3,3,4,3,3,3,1,2,2,2,2,1,1,1,3,2,3,2,2,2,2,2,3,3,3,2,1,1,1,1,6,4,3,4,7,1,1,1,1,1,0,0,1,0,1,1,1,1,1,1,1,1,1,1,1,1,30,18,24,9,16,18,9,21,5,6,7,a,,,,
1,1,2,1,6,3,1,,1,3,2,2,1,1,,male,19,2,2,2,3,2,3,2,3,3,2,3,3,3,1,3,1,2,2,1,1,1,2,2,2,2,3,3,3,3,3,2,2,1,3,0,2,2,6,4,4,4,5,1,1,1,1,0,0,0,1,1,1,1,1,1,1,1,1,1,1,1,0,1,25,18,25,10,17,17,11,14,4,7,6,a,,,,
1,1,2,1,6,3,6,,2,4,3,2,2,2,,female,19,2,1,1,2,2,1,2,1,2,1,3,3,3,2,3,3,3,3,2,3,3,3,3,2,2,3,3,2,3,2,3,2,3,3,3,3,4,4,3,3,4,2,1,0,0,1,1,1,0,0,0,0,0,0,0,0,1,0,0,1,0,1,0,16,28,26,18,24,7,6,10,4,0,3,a,,,,
1,1,2,1,6,3,5,,1,3,2,1,1,2,,female,18,2,3,0,4,3,2,3,3,3,3,4,3,4,2,3,2,3,3,1,0,2,3,2,2,3,3,3,4,3,3,4,2,1,2,2,1,1,6,7,6,6,6,1,1,1,1,0,0,0,1,0,1,1,1,1,1,0,1,1,1,1,1,1,28,23,30,9,9,16,11,17,4,6,6,a,,,,
1,1,2,1,6,1,6,,1,3,3,1,1,2,,female,18,2,0,1,2,1,1,1,1,2,1,0,4,4,3,4,3,3,3,2,3,3,4,3,4,3,3,4,3,3,3,3,0,4,3,2,2,3,2,2,2,2,3,1,0,0,0,0,0,0,0,0,0,0,0,0,0,0,0,1,1,1,0,0,10,32,33,14,29,4,5,5,1,0,3,a,,,,
1,1,1,2,6,3,6,,1,4,2,2,1,1,3,unknown,20,2,4,4,4,4,3,4,1,2,4,4,3,3,2,3,2,3,2,1,1,1,3,3,2,3,4,4,3,3,3,3,3,1,3,1,2,1,7,6,5,3,1,1,1,1,0,1,1,0,1,1,1,1,1,1,1,1,1,1,1,1,1,0,34,21,31,11,18,18,10,24,5,7,6,a,,,,
1,1,2,1,6,2,6,,1,1,2,1,2,3,,female,18,2,2,4,2,3,2,2,2,1,2,2,3,3,2,3,1,2,2,0,0,0,4,3,3,1,2,4,2,2,3,3,3,2,3,3,3,2,6,5,5,3,7,0,1,1,0,0,0,0,0,0,0,0,1,1,0,1,1,1,1,1,1,0,22,16,27,16,14,10,8,14,2,2,6,a,,,,
1,1,2,1,6,3,5,,6,3,2,1,1,2,,female,18,2,1,2,4,1,2,4,3,4,1,4,4,4,2,3,2,3,3,2,2,2,4,2,4,3,3,3,3,3,3,3,0,1,0,0,1,2,4,2,2,3,2,1,0,1,0,0,0,0,0,0,0,0,0,0,0,1,1,1,1,1,1,1,26,27,31,4,27,9,10,16,2,0,7,a,,,,
1,1,2,1,6,2,6,,2,3,3,1,1,3,,female,19,2,2,3,3,1,2,2,1,2,2,1,2,3,2,3,2,4,3,1,1,3,2,3,2,3,3,3,3,3,3,3,3,2,3,2,3,4,3,2,2,2,4,1,0,1,0,0,1,0,0,0,1,1,1,1,1,1,1,1,1,1,1,1,19,24,28,17,27,15,6,13,3,5,7,a,,,,
1,1,2,2,6,3,4,,1,3,2,2,1,2,2,female,19,2,4,4,4,4,4,4,4,4,4,4,1,2,1,2,0,1,1,0,0,0,2,2,2,2,2,2,2,2,2,1,0,0,0,0,0,0,7,7,7,7,7,1,0,1,1,1,1,1,1,1,1,1,1,1,1,1,1,1,1,1,1,1,40,8,19,0,5,20,16,24,6,7,7,a,,,,
1,1,1,1,6,2,8,Latin American,1,3,2,2,1,2,,female,18,2,0,1,2,1,0,3,2,3,0,1,1,2,1,4,1,2,1,2,1,0,2,2,2,2,2,2,2,2,2,2,4,2,1,2,0,3,1,1,1,1,1,1,0,1,1,1,1,1,1,1,1,1,1,1,1,0,0,1,0,1,0,1,13,15,20,12,35,16,6,7,6,7,3,a,,,,
1,1,2,1,7,5,6,,1,4,2,2,1,2,,male,19,2,4,4,4,4,2,4,4,2,4,4,4,4,1,3,1,2,3,0,0,0,3,4,4,2,3,3,3,3,3,3,1,1,2,0,0,1,3,3,6,2,6,1,1,1,0,1,1,0,1,1,1,1,1,1,1,0,1,1,1,1,1,1,36,18,31,5,20,18,12,24,5,7,6,a,,,,
1,1,2,1,6,2,6,,2,3,3,1,1,1,,female,18,1,3,2,3,2,2,3,3,2,3,3,3,3,2,3,2,3,2,1,0,0,3,3,2,2,2,3,2,2,2,3,2,1,4,3,3,3,4,4,5,4,2,1,0,1,0,0,0,0,0,0,1,1,1,1,0,1,1,1,1,1,1,1,26,19,24,16,21,13,9,17,2,4,7,a,,,,
1,1,1,1,6,3,7,,2,3,2,1,1,1,,female,18,2,4,4,4,4,4,4,2,4,3,4,1,1,0,3,1,1,1,1,0,0,3,2,1,1,2,3,2,2,3,3,1,2,1,1,1,2,6,2,7,4,6,1,1,1,1,0,1,0,1,1,1,1,1,1,1,1,1,1,1,1,1,1,37,9,22,8,15,19,14,23,5,7,7,a,,,,
1,1,2,1,5,3,6,,1,3,2,2,2,3,,female,19,2,1,0,2,1,1,2,1,1,2,1,3,3,3,3,3,3,3,2,2,3,3,3,3,3,3,3,3,3,3,3,1,3,3,3,3,3,3,2,2,4,4,1,0,0,0,0,0,0,0,0,0,0,0,0,0,0,0,1,1,1,1,0,12,28,30,16,25,5,4,8,1,0,4,a,,,,
1,1,3,1,6,3,5,,1,3,2,2,1,2,,female,18,2,2,2,3,2,2,2,2,1,2,2,4,4,3,3,3,4,4,3,3,3,3,2,3,3,2,3,3,3,3,3,3,3,3,2,4,2,4,2,2,4,1,0,0,0,0,0,0,0,1,0,0,0,0,0,0,1,0,0,0,0,0,0,20,34,28,17,27,2,7,13,0,1,1,a,,,,
1,1,3,1,6,1,6,,1,3,3,2,1,2,,female,18,2,1,2,2,1,2,1,1,1,2,0,4,4,3,3,3,3,3,2,3,3,4,3,4,3,3,3,3,3,3,3,1,2,2,2,2,2,2,2,2,1,2,1,0,0,0,0,0,0,0,0,1,1,0,0,0,0,0,1,1,1,1,1,13,31,32,11,31,8,5,8,1,2,5,a,,,,
1,1,2,1,6,3,6,,2,3,3,1,2,3,,female,18,2,3,3,4,3,1,3,3,1,2,3,3,3,2,3,2,3,3,3,1,2,3,2,3,2,3,3,3,4,4,3,1,1,2,2,3,2,4,5,2,3,6,1,1,1,0,1,0,0,0,0,1,0,0,1,1,0,0,1,1,1,0,1,26,25,30,11,20,11,8,18,4,3,4,a,,,,
1,1,3,4,3,3,"4,5",,1,2,2,2,1,3,1,male,22,2,2,3,4,2,3,4,3,4,3,4,3,3,1,3,1,3,2,1,1,0,3,4,3,3,3,4,3,3,3,4,1,0,2,3,2,3,3,6,2,2,7,1,0,1,0,1,1,0,0,0,1,1,0,1,1,1,1,1,1,1,1,1,32,18,33,11,20,15,12,20,4,4,7,a,,,,
1,1,1,1,6,4,6,,3,4,3,1,2,3,,male,18,2,1,1,2,1,2,2,2,1,2,2,4,3,2,3,2,3,3,3,3,3,3,2,3,3,4,3,4,3,3,3,3,3,3,3,3,3,2,2,2,2,2,0,0,0,0,0,0,0,0,0,0,0,0,0,0,0,1,0,0,0,0,0,16,29,31,18,30,1,6,10,0,0,1,a,,,,
1,1,2,1,6,3,5,,1,3,2,2,1,1,,male,18,2,2,3,3,1,3,2,2,1,3,3,4,4,0,4,3,4,4,0,2,1,3,3,3,3,3,3,4,4,3,4,3,2,3,3,1,3,3,3,1,2,2,0,0,0,1,0,0,1,1,1,1,1,0,1,1,0,0,0,1,0,0,0,23,26,33,15,29,9,7,16,2,6,1,a,,,,
1,1,2,1,6,3,8,Hispanic,3,4,3,2,2,3,,unknown,18,2,3,3,4,1,2,2,2,2,1,1,4,4,3,4,3,4,4,3,3,3,3,3,4,4,4,3,3,3,4,4,2,2,4,3,2,4,2,2,2,2,3,0,1,0,1,0,0,0,1,0,0,0,0,0,0,0,0,1,1,0,1,1,21,35,35,17,29,7,7,14,2,1,4,a,,,,
1,1,2,1,6,3,4,,1,4,2,2,1,2,,female,18,2,1,1,3,0,0,1,0,2,1,1,4,4,3,4,3,4,4,1,2,3,4,3,4,4,4,4,4,4,4,4,3,2,4,3,3,3,2,2,2,2,2,0,0,0,0,0,0,0,0,0,0,0,0,0,0,0,0,0,0,0,0,0,10,32,39,18,30,0,2,8,0,0,0,a,,,,
1,1,2,1,6,3,1,,1,3,2,2,2,3,,male,18,2,2,2,3,1,2,1,1,1,2,2,3,3,2,3,0,3,3,2,1,2,3,4,3,3,2,3,3,2,3,3,3,3,4,3,2,3,2,2,2,4,3,0,0,0,0,1,1,0,1,0,0,0,0,1,0,0,1,1,0,0,0,1,17,22,29,18,27,7,5,12,2,2,3,a,,,,
1,"1,3",2,1,6,3,1,,2,3,2,2,1,2,,female,18,2,3,2,2,2,3,2,1,2,2,2,3,3,1,3,2,3,3,1,0,1,3,2,3,4,3,3,4,3,3,4,1,2,1,1,3,3,3,2,2,5,6,1,0,1,0,1,1,0,1,0,1,0,0,1,1,1,0,1,1,1,1,0,21,20,32,11,22,13,8,13,4,4,5,a,,,,
1,1,2,1,6,2,"4,7,8",Latino/Spanish,1,4,3,1,1,3,,female,18,2,1,1,1,1,2,2,2,2,2,2,3,3,3,3,3,3,3,3,3,3,3,3,3,3,3,3,3,3,3,3,2,2,2,2,2,2,4,4,4,4,4,1,0,0,0,0,0,0,0,0,0,0,0,0,0,1,0,1,1,1,1,1,16,30,30,12,20,7,7,9,1,0,6,a,,,,
1,1,3,1,6,3,1,,1,1,1,2,1,1,,female,18,2,2,3,4,3,2,3,3,4,4,3,2,3,2,3,2,2,3,2,1,2,3,1,2,2,3,3,1,2,2,2,3,1,1,2,1,2,4,4,4,3,5,1,0,1,0,0,0,0,0,1,0,0,0,1,1,0,1,0,0,0,0,0,31,22,21,10,20,6,12,19,2,3,1,a,,,,
1,3,2,1,6,3,6,,2,3,3,1,1,2,,male,19,2,1,2,2,1,1,1,1,1,1,2,3,3,1,3,1,3,3,2,2,3,3,3,3,3,3,3,3,3,3,3,2,2,3,3,1,3,2,2,2,3,4,1,0,0,0,0,0,0,0,0,0,0,0,0,0,0,1,0,0,1,0,0,13,24,30,14,27,3,4,9,1,0,2,a,,,,
1,1,2,1,7,6,1,,1,3,2,2,1,2,,female,18,2,3,3,2,2,1,2,1,1,3,2,4,4,2,3,3,4,4,1,1,2,3,3,3,3,2,3,2,3,3,3,2,2,1,1,1,2,2,1,1,1,1,1,0,1,0,0,0,1,1,1,0,1,1,1,0,1,0,1,1,1,1,1,20,28,28,9,34,14,5,15,3,5,6,a,,,,
1,1,2,1,6,3,6,,2,3,3,2,2,2,,male,18,2,2,4,2,2,2,3,2,2,0,2,4,2,2,2,1,2,3,0,1,1,3,2,2,2,2,2,4,2,3,2,2,2,2,2,1,2,2,3,3,4,4,1,0,1,0,0,1,0,0,0,0,0,0,0,0,1,0,1,1,1,1,1,21,18,24,11,24,9,8,13,3,0,6,a,,,,
1,1,2,1,5,14,1,,1,3,3,1,1,1,,female,19,2,3,3,4,2,2,2,2,2,4,1,3,3,1,3,1,3,2,0,2,0,4,3,1,2,3,3,2,2,4,4,2,2,0,2,2,4,4,4,7,7,7,1,1,1,0,0,1,0,0,1,1,1,1,1,1,0,0,1,0,1,1,1,25,18,28,12,11,14,8,17,4,6,4,a,,,,
1,1,2,1,5,2,"4,7,8",South American,2,3,2,2,1,1,,female,21,2,3,4,4,2,2,4,2,3,3,4,4,4,2,2,2,3,3,1,1,1,3,3,3,3,3,4,2,3,3,3,2,0,3,2,3,2,3,6,3,3,3,1,0,1,1,1,1,1,1,1,1,1,1,1,1,0,0,1,1,0,0,1,31,23,30,12,22,16,9,22,6,7,3,a,,,,
1,1,1,1,6,3,1,,1,4,3,1,1,1,,female,18,2,2,2,4,2,3,3,2,3,3,3,3,3,1,2,2,2,2,1,2,2,3,3,2,2,2,3,3,3,3,3,2,2,1,2,2,2,5,5,4,5,5,1,0,0,0,0,0,0,1,0,0,1,0,0,1,1,0,1,1,1,1,1,27,20,27,11,16,10,10,17,1,3,6,a,,,,
1,1,2,4,6,3,6,,1,3,3,1,1,1,4,male,22,2,1,2,2,1,1,1,0,1,1,1,4,4,3,4,3,4,3,3,3,3,3,3,3,3,3,4,4,3,3,3,4,4,4,4,4,4,3,2,2,1,5,1,0,0,0,0,0,0,0,0,0,0,0,0,0,1,0,1,1,1,1,1,11,34,32,24,27,7,3,8,1,0,6,a,,,,
1,1,2,3,6,1,6,,2,4,3,2,1,2,2,female,20,2,2,2,4,2,2,3,2,2,3,2,4,3,2,3,2,3,3,1,1,1,3,3,3,2,2,3,2,3,3,2,3,1,2,1,2,2,5,4,4,3,4,1,1,1,0,0,0,0,1,1,1,1,1,1,1,1,1,1,1,1,1,1,24,23,26,11,20,17,8,16,3,7,7,a,,,,
1,1,1,1,6,2,6,,1,3,3,2,1,3,,female,19,2,2,3,4,0,3,3,3,2,3,3,2,2,1,3,1,2,2,0,0,0,4,3,3,3,3,4,2,3,3,2,2,3,4,4,3,4,5,5,5,2,2,1,1,1,0,1,1,0,0,0,0,1,0,1,1,1,1,1,1,1,1,1,26,13,30,20,21,15,8,18,5,3,7,a,,,,
1,1,2,1,5,4,5,,1,3,2,2,1,1,,female,19,2,1,2,3,2,2,2,1,2,0,1,2,2,1,2,1,2,1,1,1,1,3,3,2,2,3,3,3,2,3,2,0,0,1,0,1,1,6,3,4,5,5,1,1,1,1,1,1,1,0,0,0,0,0,0,0,0,0,1,1,1,1,1,16,14,26,3,17,12,7,9,7,0,5,a,,,,
1,1,2,1,6,2,7,,1,3,3,2,1,2,,female,18,2,3,3,4,2,2,3,5,3,3,3,3,2,1,3,1,2,2,1,1,1,3,2,3,3,3,3,2,3,3,2,3,1,3,2,1,2,4,4,4,3,7,1,0,1,1,0,1,0,1,1,1,1,1,1,1,1,1,1,1,1,1,1,31,17,27,12,18,18,12,19,4,7,7,a,,,,
1,1,2,1,6,3,2,,1,3,2,2,1,2,,female,18,2,3,3,4,3,2,1,3,2,4,0,2,2,1,2,1,2,1,0,0,0,3,2,3,2,2,2,2,2,3,3,1,1,1,1,2,2,4,2,6,6,6,1,0,1,1,1,1,1,1,1,1,1,1,1,1,1,1,1,1,1,1,1,25,11,24,8,16,20,10,15,6,7,7,a,,,,
3,1,1,3,6,8,5,,1,2,4,1,1,2,3,female,20,2,3,1,3,1,2,2,2,3,3,2,4,3,3,3,3,3,3,3,2,3,3,3,3,3,3,3,3,3,3,3,3,2,3,2,2,2,2,2,2,2,3,1,0,0,1,1,1,1,0,0,0,0,1,0,0,1,0,1,1,1,1,1,22,30,30,14,29,12,8,14,5,1,6,a,,,,
3,1,2,1,6,12,5,,3,3,3,1,2,4,,male,19,2,2,2,2,0,1,0,1,0,1,0,4,4,3,3,3,3,2,1,1,3,3,2,3,4,3,4,3,2,3,4,2,3,2,2,2,3,5,5,4,3,7,0,1,0,0,0,0,0,0,0,0,0,0,0,0,0,0,0,1,1,1,0,9,27,31,14,16,4,2,7,1,0,3,a,,,,
3,"1,7",2,4,6,9,"2,6,7",,2,4,2,2,1,1,3,female,21,1,4,4,4,1,2,4,3,2,3,2,4,4,3,4,3,4,4,3,3,3,4,3,3,2,3,3,1,2,2,3,0,2,1,2,2,2,3,2,3,3,5,0,1,1,0,0,1,0,0,0,1,1,1,1,1,1,1,1,1,1,1,1,29,35,26,9,24,15,8,21,3,5,7,a,,,,
3,1,2,1,6,12,5,,1,4,2,2,2,3,,male,18,2,2,3,3,1,1,1,1,1,2,2,3,4,1,3,1,3,3,0,0,0,3,3,4,3,3,2,3,4,3,4,1,4,2,3,3,2,2,2,2,2,2,0,1,1,1,1,1,1,0,1,1,1,1,1,1,0,1,0,0,0,0,0,17,18,32,15,30,13,4,13,6,6,1,a,,,,
3,1,2,2,6,8,"2,6,7",,2,4,3,2,1,2,3,female,20,1,3,4,4,2,2,3,1,3,3,4,3,3,1,3,2,2,2,0,0,0,3,3,3,2,2,3,3,2,3,3,1,1,1,2,3,1,5,5,3,2,5,1,0,0,0,1,1,1,1,1,1,1,1,1,1,1,0,1,1,1,1,1,29,16,27,9,20,17,8,21,4,7,6,a,,,,
3,1,1,1,6,2,6,,2,3,3,2,1,2,,female,19,2,3,3,3,2,2,2,2,2,3,2,3,3,2,3,2,3,3,2,1,1,3,3,3,3,3,3,3,4,3,3,1,1,3,1,1,3,3,2,3,3,5,1,0,0,0,0,0,0,1,0,0,1,1,0,1,1,0,0,1,1,1,1,24,23,31,10,24,10,8,16,1,4,5,a,,,,
3,2,2,5,3,7,6,,2,3,3,1,2,3,2,female,23,2,2,3,3,3,2,3,3,3,3,2,3,3,2,2,1,2,2,2,1,1,3,3,2,2,2,3,3,2,2,2,1,2,3,2,2,2,6,6,6,6,6,0,0,0,0,0,0,0,0,0,0,0,0,0,0,0,0,0,1,1,1,1,27,19,24,12,10,4,11,16,0,0,4,a,,,,
3,1,2,1,7,12,6,,1,2,2,2,1,2,,male,19,2,1,1,2,1,1,2,3,1,2,1,3,2,3,3,1,3,2,3,2,3,3,3,3,4,3,4,3,2,3,3,3,3,3,2,2,2,4,3,2,3,5,1,0,0,0,1,1,1,0,0,0,0,0,0,0,1,0,1,1,1,1,1,15,25,31,15,23,10,6,9,4,0,6,a,,,,
3,1,1,2,4,8,8,Latino,1,3,3,1,1,2,2,male,19,2,1,3,3,2,2,2,3,3,3,2,3,2,1,2,0,2,2,1,1,1,3,3,2,3,3,3,2,3,3,2,3,3,2,1,1,2,6,5,7,7,7,1,0,0,0,0,0,0,0,0,1,0,0,1,0,1,1,1,1,1,1,1,24,15,27,12,8,10,10,14,1,2,7,a,,,,
3,1,2,4,6,3,6,,2,3,2,2,1,3,3,female,21,2,2,2,4,2,2,2,1,2,1,1,3,3,2,3,2,3,3,1,1,2,3,3,4,4,4,4,4,3,3,4,1,2,1,3,2,2,5,5,5,3,3,1,1,1,1,1,1,0,0,0,1,1,1,1,1,1,0,1,1,1,1,1,19,23,36,11,19,17,7,12,6,5,6,a,,,,
1,1,1,2,6,8,6,,2,4,3,1,1,2,3,female,20,2,3,2,2,3,1,1,2,2,2,1,3,3,3,4,3,4,4,2,2,2,3,3,3,2,4,3,3,3,2,3,2,2,1,3,1,1,2,1,2,2,2,1,0,0,0,1,1,0,1,1,0,1,1,1,1,0,0,1,0,0,0,0,19,30,29,10,31,10,8,11,3,6,1,a,,,,
3,1,2,2,5,8,1,,1,2,3,1,1,2,3,male,19,2,1,0,1,1,1,0,1,1,1,0,3,3,1,2,1,2,2,2,1,1,3,3,2,2,2,3,3,3,3,3,2,2,3,2,3,3,3,2,1,2,5,1,0,0,0,0,0,0,0,1,0,0,0,0,0,1,0,1,1,1,0,1,7,18,27,15,27,7,4,3,1,1,5,a,,,,
3,1,3,3,7,12,5,,1,4,2,1,2,2,3,female,21,2,3,2,4,2,2,3,2,2,2,3,3,3,1,3,2,3,3,1,1,1,3,3,3,2,3,3,2,2,2,2,3,1,3,2,2,2,3,3,3,3,4,0,0,0,0,0,0,0,0,0,1,1,1,1,1,0,0,1,1,1,1,1,25,21,25,13,24,10,8,17,0,5,5,a,,,,
3,1,2,1,6,12,6,,2,3,3,2,1,3,,male,18,2,1,1,3,0,1,0,0,2,0,0,3,3,2,3,1,3,3,1,2,3,4,3,3,3,3,4,4,3,4,3,4,3,2,4,3,4,2,1,2,2,3,1,0,0,0,0,0,0,0,0,0,0,0,0,0,1,0,1,0,1,0,0,8,24,34,20,30,4,3,5,1,0,3,a,,,,
3,1,2,3,5,2,1,,1,1,3,2,1,2,3,male,20,2,2,1,2,2,2,1,2,2,2,1,4,4,3,4,2,3,2,2,1,3,3,2,3,3,2,3,2,2,3,2,2,4,3,3,2,3,4,3,5,6,7,1,0,1,0,0,0,1,0,0,0,1,0,0,1,0,1,1,1,0,1,1,17,28,25,17,15,10,8,9,3,2,5,a,,,,
3,1,2,1,4,8,6,,2,4,3,1,1,2,,female,18,2,3,2,3,1,1,2,2,1,1,2,3,3,2,2,2,2,2,0,0,0,4,3,3,3,3,3,3,3,3,3,3,1,1,1,1,1,2,3,3,2,6,1,0,0,0,0,0,0,0,0,0,0,0,0,0,1,0,1,0,1,0,0,18,16,31,8,24,4,5,13,1,0,3,a,,,,
3,1,2,1,6,12,5,,1,3,2,1,1,1,,female,18,2,2,3,4,2,2,2,1,3,3,4,3,3,2,3,2,3,3,1,1,1,3,3,4,3,2,4,2,3,3,2,1,0,4,1,2,1,3,6,5,5,7,1,0,0,1,1,1,1,0,0,0,1,1,1,1,0,1,0,1,1,1,1,26,22,29,9,14,14,8,18,5,4,5,a,,,,
3,1,2,2,6,3,5,,2,3,2,1,2,3,3,male,19,2,2,2,0,1,2,0,1,1,1,0,3,3,2,3,2,3,3,2,1,2,3,3,3,3,3,3,3,3,3,3,2,0,3,1,1,1,5,4,5,5,4,1,0,0,0,1,0,0,0,0,0,0,0,0,0,1,0,1,1,1,1,1,10,24,30,8,17,8,5,5,2,0,6,a,,,,
3,2,2,3,2,14,6,,1,3,4,1,1,2,3,female,20,1,2,0,3,0,2,1,0,1,2,1,4,4,3,4,3,4,2,0,1,1,4,3,2,4,4,4,4,4,4,4,2,4,4,2,2,2,2,1,5,1,5,1,1,1,1,1,1,1,1,0,0,1,1,0,1,0,1,1,1,1,1,1,12,26,37,16,26,17,3,9,7,4,6,a,,,,
3,1,2,2,6,3,6,,2,1,2,2,1,2,3,female,19,2,4,4,4,3,4,4,3,3,4,4,1,1,1,1,0,1,1,0,0,0,3,2,2,1,1,3,1,1,2,3,0,0,0,0,1,1,6,7,7,7,7,1,1,1,1,1,1,1,1,1,1,1,1,1,1,0,1,1,1,1,0,1,37,6,19,2,6,19,13,24,7,7,5,a,,,,
3,1,2,4,7,8,6,,3,4,3,1,1,3,4,female,21,2,1,1,2,1,1,2,2,2,1,1,4,4,3,4,3,3,3,0,2,2,3,3,3,3,3,4,3,3,4,4,3,1,4,2,2,4,1,1,1,1,5,1,0,1,0,0,0,0,0,1,0,0,0,0,0,1,1,1,1,0,0,0,14,28,33,16,31,7,6,8,2,1,4,a,,,,
3,1,2,1,6,12,5,,1,2,3,1,1,2,,female,18,2,1,1,2,1,1,1,1,1,1,0,3,4,3,3,3,4,4,3,1,3,3,3,3,3,3,4,3,3,2,3,3,2,4,3,4,3,2,1,1,1,2,0,0,0,0,0,0,0,0,0,0,0,0,0,0,1,0,0,0,0,0,0,10,31,30,19,33,1,4,6,0,0,1,a,,,,
3,1,2,3,5,14,1,,2,3,3,1,1,3,3,female,20,2,2,3,3,1,2,3,2,3,1,2,3,3,3,3,2,3,3,1,1,1,2,3,2,3,3,3,4,2,3,4,3,3,3,3,1,3,6,3,3,5,5,1,0,1,1,0,0,1,1,0,1,1,1,1,1,1,0,1,1,1,1,1,22,23,29,16,18,16,8,14,4,6,6,a,,,,
3,1,2,1,7,12,6,,1,3,2,2,2,3,,female,18,3,2,1,3,2,2,3,2,2,2,2,3,3,2,3,2,3,3,1,1,2,3,3,3,3,3,3,3,3,3,3,3,3,3,2,1,2,3,3,2,3,3,1,0,1,0,1,1,0,0,1,1,0,0,0,0,1,0,1,1,1,1,1,21,23,30,14,26,12,8,13,4,2,6,a,,,,
3,1,2,3,6,12,6,,2,3,3,1,2,2,4,male,21,2,2,1,2,1,1,1,2,1,2,1,3,3,2,3,2,3,3,2,2,2,3,2,2,2,2,3,3,2,3,3,1,3,3,2,2,3,2,3,2,2,3,1,0,0,0,0,0,0,0,0,0,0,0,0,0,1,0,1,1,1,1,1,14,25,25,14,28,7,5,9,1,0,6,a,,,,
3,1,2,2,5,8,6,,2,3,3,2,1,3,3,female,19,2,2,2,4,1,1,1,1,2,3,2,4,4,3,3,3,3,4,0,3,2,3,3,4,2,3,4,3,3,4,3,2,2,2,3,3,3,2,1,1,2,3,1,0,0,0,1,1,0,0,0,1,1,0,1,1,1,0,0,0,1,1,1,19,29,32,15,31,11,5,14,3,4,4,a,,,,
3,1,2,5,5,8,6,,1,4,4,1,2,3,4,unknown,22,2,1,1,3,1,1,1,0,1,2,2,4,4,3,3,3,3,3,3,2,3,4,3,4,4,4,4,4,4,4,4,3,3,3,3,3,3,2,2,2,2,5,1,0,1,0,0,0,0,0,0,1,1,0,0,0,0,1,1,0,0,0,1,13,31,39,18,27,7,3,10,2,2,3,a,,,,
3,1,2,2,8,3,6,,2,2,3,1,2,2,3,male,20,2,2,1,3,1,1,2,1,2,3,4,2,2,1,3,0,3,3,1,2,1,2,2,3,2,3,3,3,3,2,3,3,1,3,2,1,4,3,4,3,4,3,0,1,1,1,1,0,0,0,0,0,1,0,0,0,1,1,0,0,0,0,0,20,18,26,14,23,7,5,15,4,1,2,a,,,,
3,1,2,3,6,5,6,,2,3,2,2,1,2,4,male,21,2,2,2,3,1,2,2,1,2,1,1,3,3,3,3,2,3,3,1,1,1,4,2,2,3,3,4,2,3,3,3,2,1,3,1,2,3,5,3,3,5,5,1,0,0,0,0,0,0,0,0,0,0,0,0,0,1,0,1,0,0,0,1,17,23,29,12,19,4,6,11,1,0,3,a,,,,
3,1,2,1,6,12,5,,1,4,2,2,1,2,,female,18,2,2,3,4,1,2,2,1,2,1,2,3,3,2,3,2,3,2,2,1,0,3,2,3,3,3,3,4,4,4,3,3,2,4,2,2,3,2,3,2,1,1,1,0,0,0,1,1,1,1,1,0,0,0,1,0,0,1,1,1,1,0,0,20,21,32,16,31,11,6,14,4,3,4,a,,,,
3,1,2,1,6,12,1,,1,3,2,1,1,2,,female,18,2,3,3,3,1,2,3,2,2,2,2,3,3,1,3,2,3,3,2,2,2,3,3,3,3,3,3,3,3,3,3,3,1,3,2,3,2,4,2,3,3,6,1,0,0,0,0,0,0,0,0,0,0,0,0,0,1,0,1,0,0,1,1,23,24,30,14,22,5,7,16,1,0,4,a,,,,
3,1,2,2,6,8,6,,2,2,3,1,1,2,3,male,19,2,1,1,2,2,2,1,2,2,1,1,4,3,2,3,2,3,3,1,2,2,3,3,2,3,3,3,3,3,3,3,2,3,2,3,3,3,4,2,2,2,6,1,0,0,0,0,0,0,0,0,0,0,0,0,0,1,0,0,0,1,1,1,15,25,29,16,24,5,8,7,1,0,4,a,,,,
3,1,1,1,7,12,6,,2,3,3,1,2,3,,female,18,2,1,1,3,1,2,3,1,2,1,1,3,3,3,3,3,3,3,2,2,3,3,3,3,4,4,3,4,3,3,4,3,3,3,3,3,3,2,2,2,1,1,0,0,0,0,0,0,0,0,0,0,0,0,0,0,0,0,0,0,0,0,0,16,28,34,18,32,0,6,10,0,0,0,a,,,,
3,1,2,1,6,12,8,Hispanic,2,4,2,2,1,2,,female,18,2,2,1,3,2,2,2,1,2,3,3,3,3,2,3,2,2,3,0,1,1,3,3,3,3,3,4,2,3,3,2,3,1,1,1,1,2,3,3,3,2,5,1,0,1,1,1,1,0,1,0,1,0,1,1,1,1,0,1,1,1,1,1,21,20,29,9,24,16,7,14,5,5,6,a,,,,
3,1,1,1,6,3,3,,1,3,3,2,1,3,,male,18,2,0,0,1,0,1,0,0,1,0,0,4,4,3,4,2,4,4,3,3,3,4,3,3,4,4,4,4,4,4,4,4,4,4,3,4,4,3,2,2,6,6,0,0,0,0,0,0,0,0,0,0,0,0,0,0,0,0,0,0,0,0,0,3,34,38,23,21,0,2,1,0,0,0,a,,,,
3,1,2,2,6,2,6,,2,3,2,2,2,3,4,female,19,2,3,1,4,2,2,2,1,2,3,3,3,4,2,3,2,2,3,1,1,2,3,2,4,3,3,4,3,2,3,3,1,2,3,2,2,3,5,6,3,4,3,1,0,0,0,0,0,0,1,0,1,1,0,1,1,0,0,1,1,1,1,1,23,23,30,13,19,11,7,16,1,5,5,a,,,,
3,1,2,1,5,13,5,,1,4,2,2,1,1,,female,19,2,3,2,2,1,2,2,2,2,3,2,4,4,3,4,3,3,4,2,3,1,4,3,1,3,2,4,2,3,3,3,3,1,4,3,1,3,3,2,3,3,2,1,0,1,0,1,0,0,1,0,1,1,1,1,0,0,0,0,0,0,1,1,21,31,28,15,27,10,7,14,3,5,2,a,,,,
3,1,2,4,6,14,7,,1,3,3,2,2,3,2,male,22,2,2,2,1,3,0,2,4,2,3,2,3,3,1,2,2,3,2,1,0,1,4,3,2,3,3,4,3,4,3,3,3,4,0,2,3,3,5,1,2,3,6,0,1,0,0,1,0,0,0,0,0,1,0,1,0,0,1,1,0,1,1,0,21,18,32,15,23,8,9,12,2,2,4,a,,,,
3,1,3,3,7,3,1,,1,2,2,2,1,3,3,female,20,2,2,2,3,2,2,1,3,2,1,2,3,3,2,3,2,2,3,1,1,1,3,3,3,2,2,3,4,3,2,3,1,1,2,1,1,2,5,6,3,4,6,0,0,0,0,0,0,0,0,0,0,0,0,0,0,1,0,0,0,0,1,1,20,21,28,8,16,3,9,11,0,0,3,a,,,,
3,1,2,4,7,3,6,,2,4,2,2,2,3,4,male,21,2,0,0,2,1,1,1,2,1,1,1,3,3,3,3,3,4,3,2,3,3,3,3,4,3,3,3,3,3,3,3,3,3,4,3,3,3,2,2,2,3,5,0,0,0,0,0,0,0,0,0,0,0,0,0,0,0,0,0,0,0,0,0,10,30,31,19,26,0,5,5,0,0,0,a,,,,
3,1,2,4,6,8,6,,1,3,3,1,1,3,4,female,21,2,2,2,3,1,1,2,1,2,1,2,4,4,2,4,3,3,3,3,2,2,4,3,3,4,4,4,3,3,3,3,1,2,3,1,1,3,3,3,2,2,2,1,0,1,0,1,1,1,0,0,0,0,1,0,0,1,1,1,1,1,0,1,17,30,34,11,28,12,5,12,5,1,6,a,,,,
3,2,2,1,6,13,6,,1,3,3,1,1,3,,male,18,2,2,1,2,3,2,2,2,2,1,1,3,3,3,3,3,3,3,2,2,2,3,3,3,3,3,3,3,3,3,3,3,2,2,2,3,2,3,3,3,3,6,1,0,0,0,0,0,0,0,0,0,0,0,0,0,1,0,1,1,1,1,1,18,27,30,14,22,7,9,9,1,0,6,a,,,,
3,1,1,2,6,8,6,,1,2,2,2,1,2,3,female,19,1,3,2,4,2,2,1,3,2,2,3,2,2,0,2,2,2,2,0,0,0,3,1,3,2,2,3,2,3,3,3,1,1,2,1,1,1,3,4,2,3,1,0,0,0,0,0,0,0,0,0,0,0,0,0,0,0,0,0,0,0,0,0,24,12,25,7,27,0,9,15,0,0,0,a,,,,
3,1,2,3,6,5,1,,1,3,3,1,1,3,4,female,21,2,2,2,3,1,2,1,3,2,2,1,4,4,3,3,2,3,3,2,1,2,3,3,3,3,3,3,3,3,3,3,3,1,3,1,1,2,3,3,3,2,2,1,0,0,0,0,0,0,0,0,0,1,0,0,0,1,0,1,1,1,1,0,19,27,30,11,27,7,8,11,1,1,5,a,,,,
3,1,2,3,6,5,5,,1,3,2,2,1,1,2,male,22,2,3,4,3,3,3,3,3,4,1,3,3,3,1,2,1,2,2,2,1,1,3,3,1,2,2,2,4,3,3,2,2,1,2,1,2,3,6,6,6,6,6,1,0,1,0,0,0,1,0,1,1,0,0,1,1,1,0,1,1,1,1,1,30,18,25,11,10,13,13,17,3,4,6,a,,,,
3,1,3,2,6,3,1,,1,3,2,2,1,2,3,female,20,2,3,4,3,2,2,3,2,2,4,3,4,3,2,4,1,3,3,0,2,1,3,4,2,2,2,3,3,2,3,3,3,3,3,2,1,2,6,3,3,5,7,1,0,0,0,0,0,0,0,0,0,1,0,1,0,1,0,1,1,1,1,1,28,23,27,14,16,9,8,20,1,2,6,a,,,,
3,1,2,3,6,2,6,,2,3,3,2,1,2,4,female,21,2,2,2,4,2,3,3,1,2,0,3,3,3,2,3,2,3,3,3,1,1,3,3,3,3,3,3,2,2,2,2,0,0,2,1,1,1,3,4,3,5,2,1,0,1,0,0,0,1,1,1,1,1,1,1,1,0,0,1,1,1,1,1,22,24,26,5,23,15,8,14,3,7,5,a,,,,
3,1,2,1,8,14,1,,1,2,3,2,1,2,,male,18,2,2,3,3,2,3,1,1,0,2,2,2,3,3,3,1,3,2,0,0,2,3,2,3,3,4,3,2,3,3,3,1,1,3,1,1,2,7,5,6,6,7,1,0,1,0,1,0,0,0,0,0,1,1,0,1,0,1,0,0,1,0,1,19,19,29,9,9,9,6,13,3,3,3,a,,,,
3,1,2,4,6,3,6,,2,3,3,2,1,1,2,female,22,1,3,4,4,3,3,4,2,3,3,4,2,2,0,2,0,1,1,0,0,0,3,3,3,2,3,3,1,3,3,2,0,1,1,1,1,0,7,6,6,5,5,1,0,1,0,0,0,1,1,0,1,1,0,1,1,0,1,1,1,1,1,1,33,8,26,4,11,14,11,22,3,5,6,a,,,,
3,1,2,1,6,2,1,,2,3,2,2,3,2,,male,18,2,2,2,3,3,2,2,2,3,2,2,2,2,1,3,1,2,2,1,1,1,3,3,3,3,3,3,2,3,3,3,2,1,2,1,0,1,5,5,5,4,6,1,0,1,0,0,1,0,1,0,1,1,0,1,1,1,1,1,1,1,1,1,23,16,29,7,15,15,10,13,3,5,7,a,,,,
3,1,2,2,6,3,5,,1,3,3,1,1,2,4,female,19,2,1,1,3,2,2,1,1,2,0,0,4,4,3,4,3,4,4,3,3,3,3,3,3,3,3,4,3,3,3,3,4,4,4,4,4,4,1,1,1,1,1,1,0,0,0,0,0,0,0,0,0,0,0,0,0,1,0,0,0,0,0,0,13,35,31,24,35,2,7,6,1,0,1,a,,,,
3,1,2,1,7,14,6,,1,3,3,1,1,1,,male,18,2,1,1,2,1,1,2,1,1,2,3,3,3,3,3,3,3,3,1,2,1,3,3,2,3,3,3,3,3,3,3,3,3,3,1,3,3,2,2,2,2,3,1,0,1,0,0,0,0,0,0,0,0,0,0,0,1,0,1,1,1,0,0,15,25,29,16,29,6,4,11,2,0,4,a,,,,
3,"1,3",2,3,6,5,4,,1,2,3,1,1,3,3,male,26,2,1,0,3,1,0,1,1,1,1,1,4,4,3,3,3,4,4,2,3,3,4,3,3,3,3,4,4,3,3,3,4,4,4,4,2,4,2,2,1,2,3,0,0,0,0,0,0,0,0,0,0,0,0,0,0,0,0,0,0,0,0,0,10,33,33,22,30,0,3,7,0,0,0,a,,,,
3,1,2,2,3,8,6,,2,3,3,2,2,2,3,male,19,2,4,4,4,2,2,3,4,2,4,3,4,4,3,4,2,4,3,1,3,3,4,3,3,2,3,4,1,3,3,3,0,3,1,3,3,1,5,5,2,5,6,1,0,1,1,0,0,0,0,0,1,1,1,1,1,1,1,1,1,1,1,1,32,31,29,11,17,15,10,22,3,5,7,a,,,,
3,1,2,5,6,5,6,,1,3,3,2,1,3,3,female,22,2,2,4,4,2,2,3,2,2,2,3,3,3,1,3,1,2,1,2,0,0,3,2,2,2,3,3,2,3,3,2,0,3,2,2,2,2,6,6,4,5,6,1,0,1,0,0,1,0,1,1,1,0,0,1,1,0,0,1,1,1,1,1,26,16,25,11,13,13,8,18,3,5,5,a,,,,
3,1,2,1,6,12,6,,2,4,3,2,2,3,,female,19,2,2,2,3,2,1,2,2,1,2,1,4,4,3,4,3,3,3,3,2,2,4,2,3,3,3,4,3,3,3,3,2,3,3,4,4,4,3,3,5,2,2,1,0,1,0,0,0,0,1,0,1,0,0,0,1,1,0,1,1,1,1,1,18,31,31,20,25,11,6,12,2,3,6,a,,,,
3,1,2,1,7,5,1,,1,3,2,2,1,1,,male,18,2,2,1,3,2,3,2,2,2,1,3,3,3,2,3,2,3,3,2,1,2,3,2,3,3,3,3,3,3,3,3,1,3,1,2,1,2,4,4,4,5,5,1,0,1,0,0,0,0,0,0,0,0,0,1,0,1,0,1,1,1,1,1,21,24,29,10,18,9,9,12,2,1,6,a,,,,
3,1,2,4,6,3,6,,1,3,4,1,2,2,2,female,22,2,2,4,3,2,1,3,2,2,4,2,3,3,1,3,1,2,2,0,2,3,3,3,2,3,3,4,3,3,3,3,2,1,3,0,1,2,7,5,5,5,7,1,0,0,0,0,0,0,0,0,0,0,1,0,0,1,0,0,1,1,1,0,25,20,30,9,11,6,7,18,1,1,4,a,,,,
3,1,2,4,5,4,5,,1,1,3,2,2,2,3,unknown,21,2,0,0,4,1,0,4,1,1,3,0,4,4,3,4,3,4,4,1,3,3,4,4,4,2,3,4,1,2,3,4,3,1,3,0,4,4,6,2,2,1,6,1,0,0,0,0,0,0,1,1,1,0,0,1,1,0,1,0,0,0,1,1,14,33,31,15,23,9,3,11,1,5,3,a,,,,
3,1,2,1,6,8,7,,1,3,3,2,1,2,,female,18,2,2,4,4,1,2,4,2,2,3,2,3,3,2,2,2,3,2,1,1,1,3,3,2,2,2,3,3,3,3,2,1,1,2,3,3,3,6,4,6,5,5,1,1,1,0,0,0,0,0,0,0,0,1,1,1,1,1,1,1,1,0,1,26,20,26,13,14,12,7,19,3,3,6,a,,,,
3,1,1,1,6,12,2,,1,4,2,2,2,3,,male,18,2,1,2,2,2,2,0,0,1,1,2,4,4,2,4,2,3,3,2,2,2,4,3,4,3,3,4,4,3,3,4,2,3,3,2,2,3,3,3,3,2,1,0,0,1,0,0,1,0,0,0,0,1,1,0,0,1,0,1,1,1,1,1,13,28,35,15,28,10,5,8,2,2,6,a,,,,
3,1,2,1,6,8,6,,1,3,3,2,1,1,,female,19,1,3,4,4,2,3,3,0,2,1,3,3,2,1,2,0,2,1,0,0,0,3,2,3,3,4,4,3,4,4,3,1,2,0,3,0,0,4,5,3,2,7,1,0,1,0,0,1,0,1,1,0,0,0,1,0,1,1,1,1,1,0,1,25,11,33,6,19,12,7,18,3,3,6,a,,,,
3,1,2,3,6,3,6,,1,1,3,2,2,2,4,male,20,2,2,3,4,2,2,3,2,2,1,3,3,3,2,3,2,3,3,0,1,2,3,3,3,3,2,3,3,3,3,3,2,1,3,2,2,3,3,3,3,2,4,1,0,1,1,1,0,0,0,0,0,1,0,1,0,0,0,1,1,1,1,1,24,22,29,13,25,11,8,16,4,2,5,a,,,,
3,1,2,1,6,13,1,,1,2,2,2,2,2,,male,18,2,3,2,4,1,3,3,1,3,3,1,3,3,2,3,2,2,2,1,0,1,3,3,1,2,2,3,4,3,3,3,0,1,1,1,1,1,6,1,6,5,7,0,0,0,0,1,1,1,0,0,0,0,1,1,0,0,0,0,0,1,0,1,24,19,27,5,15,7,8,16,3,2,2,a,,,,
3,1,1,1,6,12,6,,2,3,3,2,2,2,,male,18,2,2,2,3,1,2,0,0,1,2,1,3,3,2,3,2,3,3,1,2,2,3,3,4,3,3,4,3,3,4,3,3,3,4,3,3,3,5,5,2,2,4,1,0,0,0,0,0,0,0,0,0,0,0,0,0,0,0,1,1,0,1,1,14,24,33,19,22,5,4,10,1,0,4,a,,,,
3,2,2,2,3,3,6,,1,1,2,2,1,2,1,male,19,2,3,3,4,1,3,2,2,3,3,1,4,4,3,4,1,3,2,3,3,3,4,4,3,4,4,4,3,4,4,4,0,0,3,2,3,3,5,5,5,5,3,1,0,1,1,1,1,1,0,0,0,0,0,0,0,1,0,1,1,1,1,1,25,30,38,11,17,12,9,16,6,0,6,a,,,,
3,1,2,2,6,3,1,,1,1,2,2,1,3,3,female,19,2,2,2,3,2,3,2,2,2,1,2,3,3,2,3,2,2,2,1,1,1,3,1,3,2,2,3,3,3,3,3,0,1,0,0,1,1,4,4,5,3,6,1,0,0,0,1,0,0,1,1,1,1,1,1,1,1,1,1,1,1,1,1,21,20,26,3,18,16,9,12,2,7,7,a,,,,
3,1,1,4,6,3,1,,1,4,2,2,1,2,4,female,22,2,2,2,3,2,2,1,2,2,2,2,3,3,3,3,2,3,3,2,2,1,4,3,3,3,3,3,3,3,3,3,3,1,4,3,3,3,2,2,2,2,3,0,0,0,0,0,0,0,0,0,1,0,0,0,0,1,1,1,1,1,1,1,20,25,31,17,29,8,8,12,0,1,7,a,,,,
3,1,2,1,7,3,4,,1,4,3,1,1,2,,female,18,2,2,2,4,3,3,4,2,3,2,3,2,2,0,2,1,1,2,0,0,0,3,2,1,2,2,3,1,1,2,2,3,1,1,0,1,1,6,6,3,3,6,1,0,0,0,1,1,1,0,0,1,1,1,1,0,1,1,1,1,1,1,1,28,10,19,7,16,15,11,17,4,4,7,a,,,,
3,1,2,1,7,6,6,,2,4,3,1,2,3,,male,18,2,2,1,1,1,0,1,2,1,2,1,3,4,3,3,3,4,4,2,2,3,4,3,3,3,3,4,4,3,4,4,3,4,3,3,3,4,2,1,1,3,2,1,0,0,0,0,0,0,0,0,0,0,0,0,0,1,0,1,1,1,1,1,12,31,35,20,31,7,4,8,1,0,6,a,,,,
3,1,2,4,6,8,5,,2,4,3,1,2,3,3,female,21,2,2,2,3,1,2,2,1,1,1,2,4,3,3,3,3,2,3,1,1,2,3,2,3,3,3,3,3,3,3,4,2,2,2,2,1,2,2,2,2,2,3,1,0,0,0,0,0,0,1,0,0,0,1,0,0,1,1,1,1,1,1,1,17,25,30,11,29,10,5,12,1,2,7,a,,,,
3,1,2,2,5,12,6,,2,3,3,2,1,3,3,female,19,2,0,0,0,0,0,3,2,1,2,0,4,4,3,4,3,4,4,2,3,3,4,3,4,4,4,4,4,4,4,4,3,3,3,3,4,4,1,1,1,1,1,1,0,1,1,1,1,0,0,0,0,0,0,0,0,0,1,0,0,0,0,0,8,34,39,20,35,6,3,5,5,0,1,a,,,,
3,1,2,2,6,3,6,,1,2,2,2,1,2,3,female,19,2,2,2,4,2,3,1,2,3,3,2,3,3,2,3,2,3,2,1,1,2,4,2,3,2,2,4,3,2,3,3,2,2,4,1,1,1,3,3,3,3,4,1,0,1,0,1,1,0,0,0,1,1,0,1,1,1,1,1,1,1,1,1,24,22,28,11,24,15,10,14,4,4,7,a,,,,
3,1,2,4,5,12,4,,1,3,2,2,2,3,3,male,22,2,3,4,4,0,2,3,2,2,2,2,4,4,2,4,1,2,2,2,1,2,4,3,3,3,3,3,2,3,3,3,1,2,1,3,2,3,6,6,5,6,5,1,0,1,0,0,1,0,1,1,1,1,0,1,0,1,1,1,1,1,1,1,24,24,30,12,12,15,6,18,3,5,7,a,,,,
3,1,2,3,6,3,6,,2,3,3,1,1,2,3,female,20,2,2,3,3,2,2,1,2,1,2,1,3,3,3,3,3,3,3,2,1,1,3,2,2,2,3,3,2,3,3,2,3,2,1,3,3,3,3,2,2,2,2,0,0,0,0,0,0,0,0,0,0,0,0,0,0,1,0,0,0,0,0,1,19,25,25,15,29,2,7,12,0,0,2,a,,,,
3,1,2,2,3,5,6,,2,2,3,2,2,2,3,female,19,1,2,1,3,2,1,1,0,1,1,1,3,3,2,3,3,2,2,1,1,1,3,3,3,4,3,4,3,3,3,4,0,1,1,1,1,1,4,4,4,2,5,1,0,0,0,0,0,0,0,0,0,0,0,0,0,1,0,1,1,1,1,1,13,21,33,5,21,7,4,9,1,0,6,a,,,,
3,1,2,2,6,3,6,,2,3,2,2,2,2,4,female,19,2,2,2,3,2,1,2,2,1,3,2,4,4,3,4,3,4,3,3,2,1,3,3,3,3,3,3,3,3,3,3,1,2,3,3,3,3,5,2,2,2,5,0,0,0,0,0,0,0,1,0,0,0,0,1,1,0,0,1,0,1,1,0,20,31,30,15,24,6,6,14,0,3,3,a,,,,
3,1,2,4,5,13,"6,8",Italian (which counts as white but is often seen as in-between),1,2,1,2,1,2,3,unknown,21,1,3,4,4,2,3,4,1,3,4,3,3,2,1,2,3,1,2,0,1,0,3,4,3,2,4,3,3,4,4,1,0,4,1,1,0,0,6,4,7,5,7,1,0,1,0,1,1,0,1,0,1,1,1,1,1,1,1,1,1,0,1,1,31,15,31,6,11,16,9,22,4,6,6,a,,,,
3,2,2,2,2,8,5,,1,4,3,2,1,2,2,female,20,2,3,1,3,2,3,3,3,4,3,3,2,3,2,3,1,2,1,1,3,2,4,3,2,3,3,3,3,2,3,3,2,1,3,2,1,3,2,2,4,2,3,1,1,1,0,1,1,0,0,0,1,1,0,0,1,1,1,1,1,1,1,1,28,20,29,12,27,15,12,16,5,3,7,a,,,,
3,1,2,1,6,14,1,,1,3,2,2,1,1,,female,19,2,1,2,3,2,2,1,2,4,0,2,3,3,1,2,2,2,2,1,1,1,2,2,2,3,2,2,2,3,3,3,0,0,2,0,0,2,6,6,4,5,7,0,0,1,0,0,1,0,0,0,1,1,1,1,1,0,1,0,0,1,1,1,19,18,24,4,12,11,10,9,2,5,4,a,,,,
3,1,2,2,6,3,6,,2,3,3,2,1,3,3,male,21,2,4,4,1,3,2,3,3,2,4,3,3,4,3,4,2,3,3,2,2,3,3,3,3,3,3,4,2,4,4,3,3,3,3,1,2,3,2,2,2,4,4,0,0,0,0,1,1,0,0,1,1,0,0,0,0,1,0,0,0,1,1,1,29,29,32,15,26,8,10,19,2,2,4,a,,,,
3,1,2,3,5,3,6,,1,3,3,2,1,2,3,female,20,2,0,2,4,2,2,3,3,3,2,4,3,3,1,2,2,2,2,1,1,1,3,2,2,3,3,3,4,2,3,3,1,3,1,3,3,2,5,3,3,3,5,1,0,1,0,0,0,0,0,1,1,1,1,1,1,1,1,1,1,1,1,1,25,18,28,13,21,15,10,15,2,6,7,a,,,,
3,1,2,1,7,5,1,,1,3,1,2,1,1,,male,18,2,3,4,4,3,3,2,2,3,2,2,1,1,0,2,0,1,2,1,0,0,2,2,4,2,2,2,2,2,2,2,4,0,1,0,0,0,5,4,5,7,4,1,0,1,0,0,0,1,1,0,1,0,1,1,1,0,1,0,1,0,0,1,28,8,22,5,15,11,11,17,3,5,3,a,,,,
3,"1,5",2,2,8,13,5,,1,3,3,1,1,1,4,female,20,2,2,2,2,2,1,1,3,3,2,1,3,3,3,3,1,3,3,2,3,3,3,2,4,3,2,4,3,3,3,3,3,3,3,3,3,3,5,3,4,4,6,1,0,0,0,1,1,0,0,0,0,0,0,0,0,1,0,1,1,1,1,1,19,27,30,18,18,9,9,10,3,0,6,a,,,,
3,1,2,2,6,2,"4,6",,1,3,3,1,1,3,3,female,18,2,0,2,3,2,2,2,1,3,0,3,4,3,3,3,2,2,3,1,1,3,3,4,3,3,3,3,2,3,3,3,1,1,1,1,3,2,3,2,2,2,2,1,0,0,0,0,0,0,0,0,0,0,0,0,0,0,1,1,1,1,1,1,18,25,30,9,29,7,8,10,1,0,6,a,,,,
3,1,2,1,6,8,6,,2,3,3,2,2,2,,female,18,2,2,2,2,2,2,2,2,2,2,2,3,3,1,3,1,4,4,0,2,2,3,3,3,3,3,3,3,3,3,3,4,1,4,1,1,2,2,2,2,2,2,1,0,0,0,0,0,0,0,0,0,0,0,0,0,1,0,1,1,1,1,1,20,23,30,13,30,7,8,12,1,0,6,a,,,,
3,1,2,3,5,5,1,,1,2,3,1,1,1,3,male,21,2,2,2,1,1,2,2,3,2,3,2,3,3,1,3,1,2,2,1,0,0,3,3,2,3,3,4,2,2,3,3,3,0,2,1,2,2,2,1,3,4,7,1,0,0,1,1,1,0,0,0,0,0,1,0,0,1,0,1,1,1,1,0,20,16,28,10,23,10,8,12,4,1,5,a,,,,
3,1,2,2,6,3,1,,1,3,3,1,1,3,3,female,19,2,1,1,2,0,1,0,1,1,1,1,4,4,3,4,3,4,3,1,3,3,3,3,4,3,3,3,3,3,3,3,3,1,3,3,4,4,2,2,2,2,3,0,0,0,0,0,0,0,0,0,0,0,0,0,0,0,0,0,0,0,0,0,9,32,31,18,29,0,3,6,0,0,0,a,,,,
3,"1,5",2,1,6,12,"5,7",,1,4,3,2,1,2,,female,18,2,4,4,4,2,2,4,1,2,4,4,4,4,2,3,2,3,2,0,0,0,3,3,3,2,2,4,2,2,3,3,1,1,4,2,2,4,4,2,3,1,3,0,0,0,0,0,0,0,0,0,1,0,0,0,0,0,0,0,0,0,0,0,31,20,27,14,27,1,7,24,0,1,0,a,,,,
3,1,2,2,6,3,6,,2,3,2,2,1,2,4,female,19,2,2,3,3,2,2,2,1,2,2,3,2,2,1,3,1,2,2,0,1,1,3,1,2,3,3,3,2,3,3,3,1,1,1,3,1,1,6,6,6,5,5,1,0,1,1,0,0,1,0,0,0,0,0,1,0,0,0,1,1,1,1,1,22,15,26,8,12,10,7,15,4,1,5,a,,,,
3,1,2,3,7,5,1,,1,3,2,2,1,2,2,male,21,2,4,3,4,2,2,2,2,3,3,3,3,3,2,3,3,3,3,3,1,2,3,1,2,1,2,3,2,2,3,2,0,2,3,2,2,2,2,2,1,2,4,0,0,1,0,0,0,0,0,0,1,1,0,1,0,0,0,0,0,1,1,0,28,26,21,11,29,6,9,19,1,3,2,a,,,,
3,1,2,2,6,12,2,,1,4,3,1,1,3,3,female,19,2,3,4,2,1,1,0,0,0,3,0,4,4,3,4,3,4,4,2,3,3,4,3,4,4,4,4,4,4,4,4,3,3,4,3,4,4,2,1,1,1,3,0,0,0,0,0,0,0,0,0,0,0,0,0,0,1,0,0,0,0,0,0,14,34,39,21,32,1,2,12,0,0,1,a,,,,
3,1,2,2,6,7,7,,1,1,3,1,1,1,2,female,21,2,1,2,2,2,2,2,2,2,3,2,3,3,1,2,2,2,2,1,2,2,2,2,3,2,1,2,2,2,1,2,2,3,2,2,3,2,4,3,2,1,2,1,0,0,0,0,0,0,1,0,0,0,1,0,0,1,0,1,1,0,1,1,20,20,19,14,28,8,8,12,1,2,5,a,,,,
3,1,2,1,6,2,6,,2,4,3,1,2,2,,female,20,2,1,2,1,1,1,1,2,1,1,0,4,4,3,3,0,4,4,2,3,3,3,2,3,3,3,3,3,3,3,3,3,3,3,3,3,3,5,3,2,3,2,0,0,0,0,0,0,0,0,0,0,0,0,0,0,1,1,1,1,1,0,0,11,30,29,18,25,5,5,6,0,0,5,a,,,,
3,1,2,1,5,8,5,,1,3,3,1,1,1,,female,18,2,4,4,4,4,3,4,3,4,4,4,2,3,0,2,0,1,1,0,0,0,3,2,1,1,2,4,1,2,2,1,0,0,0,4,1,0,6,7,7,6,7,1,1,1,1,1,1,0,0,0,1,1,1,1,1,1,1,1,1,1,1,1,38,9,19,5,7,18,14,24,6,5,7,a,,,,
3,1,1,3,6,3,6,,2,3,2,2,1,2,3,female,21,2,2,4,4,2,3,2,2,2,4,3,2,3,1,3,1,2,2,1,1,1,4,2,3,2,1,3,1,2,3,2,0,1,0,0,1,0,6,5,5,4,6,1,0,1,0,0,1,1,0,0,1,0,1,0,1,1,0,1,1,1,1,1,28,17,23,2,14,13,9,19,4,3,6,a,,,,
3,1,1,4,5,2,6,,2,2,3,1,1,2,4,male,36,2,1,1,1,0,0,1,1,1,1,1,3,3,3,4,3,4,2,2,3,2,4,4,4,4,4,4,4,4,4,4,3,3,4,3,2,4,6,4,3,5,7,0,0,0,1,0,0,0,0,0,0,0,0,0,0,1,0,1,1,1,1,1,8,29,40,19,15,7,2,6,1,0,6,a,,,,
3,1,2,2,6,3,6,,1,4,2,2,1,4,3,female,20,2,2,1,3,1,2,2,0,0,0,2,4,4,2,3,2,3,4,1,1,1,4,3,4,4,4,4,3,3,3,3,3,3,3,4,2,3,2,2,1,1,1,0,0,1,1,1,1,0,1,1,1,0,0,0,0,0,0,0,1,1,1,1,13,25,35,18,33,11,3,10,4,3,4,a,,,,
3,1,2,1,6,8,6,,1,1,2,2,1,2,,female,20,2,4,4,4,1,3,4,3,3,4,3,4,4,3,4,3,4,4,1,3,3,3,3,3,4,4,4,3,2,3,2,2,4,3,3,3,3,4,5,2,4,4,1,0,1,1,1,1,0,1,1,1,1,1,1,1,0,1,1,1,0,0,1,33,33,31,18,21,16,10,23,5,7,4,a,,,,
3,1,3,5,4,14,"1,6",,1,3,3,1,1,2,2,female,22,2,2,0,2,1,1,1,1,2,2,0,4,4,3,4,3,4,4,1,1,2,3,1,3,3,2,3,2,2,3,3,0,4,3,3,3,3,2,2,2,2,3,1,0,0,0,0,0,0,0,0,0,1,0,0,0,1,0,1,1,1,1,1,12,30,25,16,29,8,5,7,1,1,6,a,,,,
3,"1,5",2,2,6,2,2,,1,3,2,2,1,1,4,female,19,2,2,1,4,2,1,3,0,2,4,2,4,4,3,4,1,3,2,1,1,2,4,4,4,4,4,4,4,4,4,4,4,2,3,2,3,3,4,1,3,4,5,0,0,0,0,1,0,0,0,0,0,0,0,0,0,1,1,0,0,0,0,0,21,25,40,17,23,3,5,16,1,0,2,a,,,,
3,2,1,2,2,8,6,,2,3,3,1,1,3,4,female,34,2,2,2,3,2,2,3,2,2,1,2,3,3,2,3,2,3,3,2,2,2,3,3,3,3,3,4,3,3,3,3,3,2,3,3,4,3,3,3,3,2,4,1,0,1,0,0,0,0,0,0,1,0,0,1,0,1,0,1,1,1,1,1,21,25,31,18,25,10,8,13,2,2,6,a,,,,
3,1,2,1,6,3,1,,1,3,3,1,2,2,,female,18,2,2,3,3,1,2,2,1,3,1,3,4,4,2,2,2,3,3,1,1,2,4,3,3,3,3,3,3,3,3,3,1,3,4,1,3,2,3,2,3,2,2,1,0,0,0,0,0,0,1,0,0,0,0,0,0,1,1,1,1,1,1,1,21,24,31,14,28,9,7,14,1,1,7,a,,,,
3,1,1,4,6,14,"2,6,7",,2,3,2,2,1,3,3,male,23,2,3,2,2,2,3,1,2,2,2,1,3,3,2,3,2,3,3,1,2,2,3,2,2,3,3,3,3,3,3,3,1,2,1,1,1,1,3,4,3,1,3,1,0,0,0,0,0,0,0,0,0,1,0,1,0,0,0,1,1,1,1,1,20,24,28,7,26,8,9,11,1,2,5,a,,,,
3,"1,3",1,1,5,12,6,,2,4,3,1,2,3,,female,19,2,2,1,4,1,1,3,2,3,2,3,4,3,3,3,3,4,4,2,3,3,3,3,4,3,3,4,2,2,3,3,3,2,3,3,3,2,2,1,1,1,2,0,0,0,0,0,0,0,1,0,0,0,1,0,1,0,1,0,0,0,0,0,22,32,30,16,33,4,7,15,0,3,1,a,,,,
3,1,2,2,6,8,6,,2,4,4,1,1,3,3,female,19,2,1,0,3,0,1,1,1,1,0,0,4,4,3,3,3,3,4,3,3,3,4,3,3,3,4,4,4,3,3,4,2,4,3,4,4,2,2,2,2,2,2,1,0,0,0,0,0,0,0,1,0,0,0,0,0,1,0,1,0,1,1,1,8,33,35,19,30,7,3,5,1,1,5,a,,,,
3,1,2,1,6,2,6,,2,4,3,2,1,2,,female,18,2,3,4,3,1,3,2,1,3,3,3,2,3,2,3,0,2,2,0,1,2,4,3,3,4,4,4,4,4,3,3,0,1,0,1,1,3,5,5,5,2,6,1,0,0,1,1,1,1,0,0,0,0,0,0,0,1,0,0,1,1,1,0,26,17,36,6,17,9,8,18,5,0,4,a,,,,
3,1,2,2,6,2,6,,1,3,3,2,1,2,3,male,19,2,2,2,4,1,2,1,1,2,1,2,3,3,2,3,2,3,3,1,1,1,3,3,3,4,3,4,3,3,4,3,3,3,3,1,2,1,3,2,2,3,4,1,0,1,0,0,0,0,0,0,0,0,0,0,0,1,1,0,1,1,1,1,18,22,33,13,26,8,6,12,2,0,6,a,,,,
3,1,2,1,7,12,1,,2,3,2,2,1,3,,female,19,2,3,0,1,1,1,1,0,1,0,0,3,3,3,4,2,3,3,2,2,3,4,4,4,4,4,4,4,4,4,4,4,4,3,3,3,4,2,2,2,1,3,0,0,0,0,1,1,1,0,0,0,0,0,0,0,0,0,1,0,0,0,0,8,28,40,21,30,4,3,5,3,0,1,a,,,,
3,1,2,2,4,7,1,,5,3,3,1,1,2,2,male,21,3,2,2,2,2,2,2,2,2,2,2,2,3,2,3,2,3,2,1,2,1,2,3,2,3,2,3,3,2,3,3,2,2,2,2,2,2,4,4,4,4,4,1,1,0,1,1,0,1,0,1,1,1,0,0,1,1,1,0,1,0,1,0,20,21,26,12,20,13,8,12,5,4,4,a,,,,
3,1,2,4,7,5,6,,4,4,3,1,1,1,3,female,22,2,2,2,2,0,1,3,2,2,3,0,4,4,3,4,3,4,4,2,1,1,3,1,3,3,3,4,4,4,4,4,1,2,3,0,2,2,5,1,2,6,7,1,0,0,0,0,0,0,0,1,1,0,0,0,0,0,0,1,1,0,0,0,17,30,33,10,19,5,5,12,1,2,2,a,,,,
3,1,2,1,6,7,1,,1,2,3,1,1,1,,female,19,2,3,3,3,3,3,3,3,3,0,3,2,4,1,3,1,2,2,0,0,0,1,1,1,1,1,2,2,2,3,1,2,1,0,1,1,4,6,6,6,5,7,1,0,1,0,1,1,0,0,1,1,0,1,1,0,0,1,1,1,1,0,0,27,15,15,9,10,12,12,15,4,4,4,a,,,,
3,1,2,6,6,8,5,,1,3,3,1,1,3,4,female,23,2,0,2,2,1,1,3,1,2,0,2,3,3,2,3,2,3,3,2,1,2,3,3,3,4,3,3,3,3,4,4,4,4,4,4,3,4,3,3,2,1,2,1,0,1,1,1,1,0,0,0,1,0,0,1,0,0,0,0,0,1,1,1,14,24,33,23,29,10,5,9,5,2,3,a,,,,
3,1,1,3,6,2,1,,1,1,2,2,1,2,3,female,21,2,2,2,3,1,2,2,1,2,2,3,3,3,2,3,2,3,2,1,1,2,3,3,2,2,3,3,2,3,3,3,1,2,3,2,2,3,4,4,4,3,4,1,1,1,1,0,0,1,1,0,1,0,0,0,1,0,0,0,1,1,1,1,20,22,27,13,21,12,6,14,5,3,4,a,,,,
3,1,2,1,6,3,5,,1,3,3,2,1,2,,male,18,2,1,1,1,3,3,1,3,3,1,1,2,3,1,2,2,3,3,1,0,0,2,2,2,2,2,3,3,3,3,3,3,2,4,2,2,3,3,2,2,4,6,1,0,0,0,0,0,0,0,0,0,0,0,0,0,1,0,0,1,1,1,1,18,17,25,16,23,6,12,6,1,0,5,a,,,,
3,1,2,1,6,14,1,,1,3,2,1,1,2,,female,19,2,2,1,2,1,1,1,3,1,3,1,3,3,2,3,2,3,3,1,1,2,3,3,2,3,3,3,3,3,3,3,2,2,1,2,2,2,2,2,2,2,1,1,0,0,0,0,0,0,0,0,0,0,0,0,0,0,0,1,1,0,0,1,16,23,29,11,31,4,6,10,1,0,3,a,,,,
3,1,2,1,6,12,9,,1,2,3,2,1,3,,male,19,2,3,3,2,3,2,2,3,3,2,1,2,3,1,2,1,2,2,0,1,1,2,1,2,2,2,3,2,2,2,3,3,1,1,1,1,2,6,5,6,6,7,1,0,1,1,0,1,0,0,0,0,1,1,1,1,1,0,1,1,1,1,1,24,15,21,9,10,14,11,13,4,4,6,a,,,,
3,1,2,4,6,2,1,,1,4,2,2,2,2,4,female,19,1,2,2,3,1,2,3,2,2,3,2,3,3,3,3,3,3,3,2,1,1,3,3,3,2,2,3,3,3,3,3,1,2,3,3,3,3,3,4,2,3,3,1,0,1,1,1,1,1,1,0,1,1,0,1,1,1,0,1,1,1,1,1,22,25,28,15,25,17,7,15,6,5,6,a,,,,
3,1,1,6,6,3,"2,8",Carribean,1,4,2,2,2,3,4,male,24,2,1,1,1,0,1,1,0,3,3,2,2,3,1,2,1,2,3,1,1,1,1,2,2,3,3,2,3,2,3,2,4,4,4,4,4,4,7,5,3,3,4,0,1,0,0,0,0,0,0,0,0,0,0,0,0,1,0,1,1,1,1,1,13,17,23,24,18,7,4,9,1,0,6,a,,,,
3,1,1,2,5,8,1,,1,3,3,1,1,2,3,female,20,2,2,1,2,3,2,2,2,2,1,1,3,3,1,3,1,3,3,1,1,1,3,3,3,3,3,3,3,3,3,3,3,2,3,2,1,3,2,2,2,2,2,1,0,0,0,0,0,0,0,0,0,0,0,0,0,1,0,1,1,1,1,1,18,20,30,14,30,7,9,9,1,0,6,a,,,,
3,1,2,3,6,8,5,,1,3,2,2,1,1,4,female,20,2,2,4,4,3,3,3,2,3,1,3,2,2,1,3,1,2,2,2,1,0,3,3,1,2,2,3,2,2,3,2,0,2,1,3,1,2,7,6,6,6,6,1,0,1,0,0,0,0,0,0,1,0,0,1,1,1,1,1,1,1,1,1,28,16,23,9,9,12,11,17,2,3,7,a,,,,
3,1,2,2,6,3,5,,1,3,2,1,1,2,3,female,20,2,3,2,4,2,3,2,4,3,2,2,3,3,2,2,1,2,2,1,0,0,3,2,2,2,3,3,1,3,3,3,1,1,2,1,1,2,6,2,4,4,5,1,0,0,0,1,1,0,1,1,0,1,0,1,1,1,0,1,1,1,1,1,27,16,25,8,19,14,12,15,3,5,6,a,,,,
3,1,2,3,5,8,6,,2,4,2,2,2,2,2,female,20,2,0,0,2,1,2,1,0,2,0,1,4,3,3,4,3,3,3,1,2,3,4,3,3,3,4,4,4,3,4,3,2,3,3,4,2,3,5,2,2,6,2,1,0,1,1,0,0,0,0,0,0,0,0,0,0,0,0,1,1,1,1,1,9,29,35,17,23,8,5,4,3,0,5,a,,,,
3,1,2,2,6,8,5,,1,3,2,2,1,3,2,female,20,2,2,2,2,2,2,2,2,2,2,2,3,4,2,3,2,3,2,1,1,2,3,3,2,3,3,3,2,3,2,3,3,1,3,3,1,3,6,6,6,3,7,0,0,0,0,0,0,0,1,1,0,0,0,0,0,1,0,1,0,1,0,1,20,23,27,14,12,6,8,12,0,2,4,a,,,,
3,1,2,3,6,12,6,,2,4,3,1,2,3,3,female,20,2,2,2,3,2,2,1,1,2,2,1,3,3,2,3,2,3,3,2,2,2,3,1,4,3,2,4,2,3,3,3,2,2,3,3,3,1,3,3,3,3,4,1,0,0,0,0,0,0,0,0,0,0,0,0,0,1,0,0,0,0,0,0,18,25,28,14,24,2,7,11,1,0,1,a,,,,
3,1,2,2,6,8,5,,2,2,1,2,1,3,3,female,19,2,2,1,4,1,2,2,2,1,3,2,3,3,2,3,3,3,3,2,1,1,3,3,3,3,3,4,3,2,3,4,4,2,4,2,3,3,6,3,2,2,2,1,0,0,1,1,1,0,0,0,0,0,0,0,0,0,1,0,0,1,1,1,20,24,31,18,25,8,6,14,4,0,4,a,,,,
3,1,1,1,6,12,5,,1,4,2,2,2,3,,female,18,2,1,3,1,1,0,3,0,1,0,1,4,4,3,3,1,4,3,1,1,3,4,3,2,3,4,4,4,4,4,4,4,4,4,4,3,4,2,1,2,2,1,0,0,0,0,0,0,0,0,0,0,0,0,1,0,0,0,0,0,0,0,0,11,27,36,23,32,1,2,9,0,1,0,a,,,,
3,1,2,1,4,3,5,,1,4,2,2,1,3,,female,19,3,4,4,4,4,4,4,3,4,4,4,4,4,2,2,0,4,2,3,0,0,1,2,1,2,3,1,3,3,3,2,3,1,4,1,3,3,7,4,4,6,7,1,0,1,1,1,1,1,1,0,1,1,1,1,1,0,1,1,1,1,1,1,39,21,21,15,12,18,15,24,6,6,6,a,,,,
3,1,1,1,6,8,8,Hispanic,1,2,2,2,1,2,,female,22,2,2,1,2,1,2,2,1,2,1,2,4,3,3,3,3,3,3,3,3,3,3,2,3,3,3,3,3,3,3,3,4,1,4,2,1,3,3,4,3,2,3,1,0,0,0,1,0,0,0,0,0,0,0,0,0,1,0,0,0,1,1,0,16,31,29,15,25,5,6,10,2,0,3,a,,,,
3,1,2,1,5,14,1,,1,2,2,2,1,2,,male,18,2,2,4,4,3,4,2,3,3,1,3,1,3,1,3,1,1,1,0,0,0,3,2,1,1,1,2,1,2,2,2,0,1,0,1,0,1,7,7,7,7,7,1,0,1,1,1,1,0,1,0,1,0,1,1,1,1,1,1,1,1,1,1,29,11,17,3,5,17,13,16,5,5,7,a,,,,
3,1,2,4,5,8,6,,2,4,2,2,3,3,3,male,24,2,2,2,2,2,2,2,2,2,2,2,3,3,1,3,3,4,3,3,3,3,3,3,3,3,3,3,3,3,3,3,2,1,3,1,1,3,5,2,2,2,2,0,1,0,0,0,0,0,1,1,1,0,0,0,0,1,1,1,0,0,0,0,20,29,30,11,27,7,8,12,1,3,3,a,,,,
3,1,2,2,6,3,5,,1,3,3,1,1,2,3,female,20,2,2,2,3,1,1,3,1,1,1,1,3,3,3,3,3,3,3,2,3,3,3,3,3,3,3,3,3,3,3,4,3,3,2,4,4,4,3,2,2,2,5,1,0,0,0,0,0,0,0,0,0,0,0,0,0,1,0,1,1,1,1,1,16,29,31,20,26,7,4,12,1,0,6,a,,,,
3,1,1,2,8,3,5,,1,4,3,1,1,2,4,female,19,2,2,2,2,1,1,1,2,1,3,1,3,3,3,3,3,3,3,1,3,3,3,3,3,3,3,4,4,3,3,3,3,2,3,3,3,3,3,3,2,3,5,0,0,0,0,0,0,0,0,0,0,0,0,0,0,1,0,1,1,1,1,0,16,28,32,17,24,5,5,11,0,0,5,a,,,,
3,1,2,5,7,6,5,,1,3,3,2,1,3,4,female,23,2,2,2,2,1,1,2,2,3,1,1,4,4,2,3,2,4,4,1,3,2,4,2,3,4,4,4,3,3,3,3,1,4,3,2,4,4,5,3,2,2,3,1,1,1,1,1,0,0,0,1,0,1,0,0,0,0,0,1,1,1,0,1,17,29,33,18,25,11,7,10,5,2,4,a,,,,
3,1,2,2,5,8,6,,1,2,2,2,1,3,4,female,19,2,1,1,3,2,2,1,0,2,0,1,3,3,2,3,2,3,3,1,2,2,4,1,4,2,3,4,3,3,3,3,1,4,3,3,4,3,3,2,3,3,5,1,0,1,0,1,1,0,0,0,1,0,0,1,1,0,1,0,0,0,1,1,13,24,30,18,24,10,6,7,4,3,3,a,,,,
3,1,1,1,4,1,1,,1,4,4,2,2,3,,male,18,2,4,3,3,0,0,3,0,1,2,3,4,3,0,4,0,3,4,1,1,1,1,2,2,2,2,2,2,1,2,2,4,2,3,3,0,4,2,2,1,1,2,0,1,1,1,1,1,1,1,1,1,1,1,1,1,0,0,1,0,0,0,0,19,21,18,16,32,14,1,18,6,7,1,a,,,,
3,"1,5",2,2,7,1,5,,2,3,2,1,1,2,4,female,21,2,2,3,2,1,1,3,1,2,2,2,3,2,1,3,2,3,3,1,1,1,2,3,2,2,3,3,2,2,3,2,2,2,2,2,1,3,4,4,5,5,4,0,0,0,1,0,0,0,1,0,0,0,0,1,1,0,0,0,0,0,1,0,19,20,24,12,18,5,5,14,1,3,1,a,,,,
3,1,2,3,5,8,2,,2,1,2,2,1,2,2,male,23,2,1,2,3,2,2,2,3,2,3,3,3,3,1,3,2,2,2,1,1,1,3,1,3,3,2,3,3,3,3,3,1,1,2,1,3,2,6,5,5,4,6,1,0,1,1,0,0,0,1,0,1,0,1,1,1,0,1,1,1,1,1,1,23,19,27,10,14,14,9,14,3,5,6,a,,,,
3,1,1,1,6,12,"1,2",,1,4,2,2,2,3,,unknown,18,2,3,2,4,2,2,1,3,2,3,3,4,3,0,4,1,2,4,1,2,0,4,3,2,4,4,4,4,3,2,4,1,1,4,2,2,4,5,3,3,4,4,1,1,0,0,1,0,1,1,0,0,1,1,1,1,0,1,0,0,0,0,1,25,21,34,14,21,11,9,16,4,5,2,a,,,,
3,"1,5",2,3,2,14,1,,2,3,2,2,1,2,3,female,20,2,1,2,2,1,2,2,2,3,2,2,3,3,2,3,2,3,3,1,1,1,4,3,3,3,2,4,3,3,3,3,1,3,2,2,2,2,3,3,5,3,5,1,0,1,0,0,0,0,0,0,1,0,1,1,1,0,0,1,1,1,1,1,19,22,31,12,21,11,8,11,2,4,5,a,,,,
3,1,2,4,5,14,1,,2,3,2,2,1,1,3,female,21,2,2,2,3,2,2,3,2,2,3,3,4,4,2,3,2,3,3,2,1,1,3,3,3,3,2,3,3,2,3,3,4,2,3,2,3,4,4,4,3,7,6,1,0,1,1,1,1,0,0,0,1,1,0,0,1,0,1,1,0,1,1,0,24,25,28,18,16,12,8,16,5,3,4,a,,,,
3,1,2,2,6,2,5,,1,3,2,2,1,2,3,female,19,2,2,2,2,2,2,2,2,2,2,2,3,3,3,3,3,3,3,1,2,2,2,2,3,3,3,3,3,3,3,3,2,1,1,1,2,1,4,4,5,5,5,0,0,0,0,0,0,0,0,0,0,0,0,0,0,1,0,1,1,1,1,1,20,26,28,8,17,6,8,12,0,0,6,a,,,,
3,1,2,4,6,2,6,,1,3,2,2,1,1,3,female,22,1,4,3,4,2,3,2,3,3,2,3,3,2,1,2,1,2,2,0,0,0,3,3,2,2,3,3,3,3,3,2,2,1,2,1,1,1,6,6,6,6,6,1,0,1,1,1,1,1,1,1,1,1,1,1,1,1,1,1,1,1,1,1,29,13,27,8,10,20,11,18,6,7,7,a,,,,
3,1,2,1,6,4,5,,2,4,3,2,1,2,,unknown,19,2,3,2,1,2,1,2,2,3,2,3,3,2,1,3,2,3,2,2,2,2,3,2,3,2,3,2,3,3,3,2,1,2,3,2,2,3,6,5,3,5,4,0,0,1,0,0,0,1,1,0,1,0,0,0,1,0,0,0,1,1,0,0,21,22,26,13,17,7,8,13,2,3,2,a,,,,
3,"1,5",2,3,5,8,5,,1,3,3,1,1,1,2,female,26,2,3,3,3,1,3,3,3,3,3,3,2,2,0,2,0,2,2,0,0,0,3,3,3,3,3,3,2,3,3,3,1,0,0,0,0,1,6,6,6,5,7,1,1,0,1,1,1,0,1,1,1,1,1,1,1,0,1,1,1,1,1,1,28,10,29,2,10,18,10,18,5,7,6,a,,,,
1,1,3,1,6,3,6,,2,2,3,1,1,2,,female,18,2,3,3,3,4,3,3,1,1,3,2,3,3,2,3,1,3,3,1,1,1,4,3,2,2,2,4,3,3,3,3,3,3,1,1,1,2,5,3,3,5,6,1,0,1,1,0,0,0,1,0,0,0,0,0,0,0,0,0,0,0,0,1,26,21,29,11,18,5,9,17,3,1,1,b,,,,
1,1,1,1,6,2,"6,8",Latino,1,2,2,2,1,2,,female,18,2,2,2,3,2,2,3,2,2,3,2,3,3,2,3,2,3,3,1,1,1,3,2,2,3,3,3,2,3,3,3,2,2,3,2,2,3,6,6,5,5,5,1,0,0,1,0,1,0,1,1,0,1,0,0,1,1,1,1,1,1,1,1,23,22,27,14,13,14,8,15,3,4,7,b,,,,
1,1,2,1,7,6,1,,1,3,2,2,1,2,,female,18,2,3,0,3,1,2,1,2,2,1,1,3,2,1,3,1,2,2,1,1,0,3,3,2,3,2,4,3,2,2,4,1,0,1,1,3,3,3,2,5,6,6,1,0,1,0,0,0,0,0,0,0,1,0,1,0,1,0,1,1,1,1,1,16,16,28,9,18,10,7,9,2,2,6,b,,,,
1,1,1,1,5,3,5,,2,3,3,2,1,2,,female,18,2,3,3,3,1,3,3,1,3,3,3,2,2,1,2,1,2,3,1,2,1,2,3,2,1,1,2,3,2,3,2,2,1,1,1,1,3,7,7,7,7,7,1,0,1,1,1,1,1,1,0,1,1,1,1,1,0,1,1,0,1,0,1,26,17,21,9,5,16,8,18,6,6,4,b,,,,
1,1,3,2,6,3,6,,1,2,2,2,1,2,4,female,19,2,3,4,4,2,2,3,2,3,2,3,2,3,1,2,1,2,2,0,1,1,3,3,2,2,3,3,2,2,3,3,2,1,1,1,2,1,7,5,5,6,6,1,0,0,0,0,0,0,0,0,1,0,1,1,1,1,1,1,1,1,1,1,28,15,26,8,11,12,9,19,1,4,7,b,,,,
1,1,2,1,6,3,"6,8",Jewish,1,3,3,2,1,3,,female,18,2,3,4,3,2,2,2,3,1,3,2,4,4,2,3,3,4,3,2,1,1,3,2,3,3,3,4,3,2,2,3,2,1,3,2,1,3,2,2,2,2,1,1,0,1,1,0,1,1,1,0,1,0,0,0,0,0,1,1,1,0,0,0,25,27,28,12,31,10,8,17,5,2,3,b,,,,
1,1,2,1,6,2,"1,6",,1,3,3,1,1,2,,female,18,2,1,1,2,1,2,3,1,3,2,1,4,3,2,2,1,3,3,0,0,1,3,2,2,3,3,3,2,2,2,2,0,2,1,3,1,2,3,3,2,3,5,0,0,1,0,0,0,0,0,0,0,0,0,0,0,1,0,1,1,1,0,1,17,19,24,9,24,6,7,10,1,0,5,b,,,,
1,1,2,1,6,3,1,,1,3,3,2,1,2,,female,18,2,2,2,3,1,2,1,1,2,1,2,3,3,2,3,2,3,2,2,3,3,3,2,2,3,3,3,3,2,3,3,1,0,1,0,3,3,5,5,5,3,6,1,0,0,0,0,0,0,0,0,0,0,0,0,0,1,0,1,1,0,1,1,17,26,27,8,16,6,6,11,1,0,5,b,,,,
1,1,1,1,6,2,6,,1,3,3,1,1,2,,female,18,2,2,2,4,3,2,2,1,3,0,3,3,3,2,2,1,2,2,1,2,2,2,3,2,2,2,3,2,3,3,2,0,3,1,2,3,1,3,2,3,2,5,1,0,1,0,1,1,0,1,1,1,0,1,1,1,1,0,0,1,1,0,1,22,20,24,10,25,14,9,13,4,6,4,b,,,,
1,1,2,1,6,6,4,,2,3,2,2,1,2,,female,18,2,3,3,3,3,2,3,2,2,3,2,3,3,0,3,2,3,2,0,1,1,3,2,3,2,2,3,2,3,2,2,0,2,2,1,1,2,3,3,4,2,3,1,0,0,0,0,0,0,0,0,1,1,1,1,1,0,1,0,0,1,1,0,26,18,24,8,25,9,9,17,1,5,3,b,,,,
1,1,1,2,5,2,5,,1,3,3,1,1,1,2,female,21,2,2,2,4,2,2,3,2,1,2,2,3,4,2,3,2,3,3,1,2,2,3,3,3,3,3,3,3,3,3,3,2,2,2,2,2,4,4,4,3,3,4,1,0,0,1,1,1,0,1,0,1,0,1,1,1,0,1,0,0,0,0,0,22,25,30,14,22,10,7,15,4,5,1,b,,,,
1,1,3,1,6,3,5,,1,4,2,2,1,3,,female,19,2,3,1,2,2,2,2,2,2,2,2,3,3,1,2,1,2,2,1,1,1,3,2,2,3,2,3,3,3,3,2,2,0,1,1,1,1,6,6,5,4,4,0,1,0,0,0,0,0,0,0,0,0,0,0,0,1,0,1,0,0,1,0,20,17,26,6,15,4,8,12,1,0,3,b,,,,
1,1,2,1,6,6,6,,1,3,2,1,1,3,,female,18,2,3,2,3,2,3,2,1,2,2,1,3,3,1,2,2,3,3,1,1,2,3,2,4,2,2,3,2,3,2,3,1,1,2,1,2,3,3,2,2,3,2,1,0,1,1,0,1,1,1,0,0,1,0,0,0,1,1,1,1,0,1,1,21,21,26,10,28,13,8,13,5,2,6,b,,,,
1,1,1,1,6,3,"1,5",,1,3,2,1,1,2,,male,18,2,2,3,3,2,2,1,3,2,3,3,3,3,3,3,2,3,4,0,1,2,3,2,3,3,4,4,3,3,4,3,4,3,3,3,2,1,4,5,3,6,4,0,0,0,0,0,0,0,0,0,1,1,1,1,1,1,1,1,1,1,0,1,24,24,32,16,18,11,9,15,0,5,6,b,,,,
1,1,1,1,6,3,4,,2,4,3,1,1,1,,female,18,2,1,2,4,3,1,3,2,4,0,1,2,1,1,1,2,2,3,1,2,3,2,3,2,2,2,3,3,1,4,2,3,2,2,3,0,0,4,3,3,2,5,1,0,0,1,0,0,0,0,0,0,0,0,1,0,0,0,0,0,0,1,1,21,18,24,10,23,5,10,11,2,1,2,b,,,,
1,1,1,1,6,3,4,,2,4,3,1,1,1,,female,18,2,4,3,3,2,0,4,3,3,2,3,2,3,1,3,2,2,4,0,2,2,4,4,3,4,2,3,3,2,2,3,2,1,3,1,1,4,4,5,3,3,2,0,0,1,1,0,1,0,0,0,0,0,0,1,1,0,1,0,0,0,0,0,27,21,30,12,23,6,8,19,3,2,1,b,,,,
1,1,1,1,6,3,5,,1,3,4,1,1,2,,female,18,2,3,3,4,2,3,2,2,2,3,3,3,2,2,3,1,2,3,1,1,1,3,2,2,3,3,3,3,3,3,3,1,2,1,2,3,2,3,3,2,2,3,1,1,1,1,0,0,0,1,1,1,1,1,1,1,0,1,1,1,1,1,1,27,19,28,11,27,17,9,18,4,7,6,b,,,,
1,1,2,1,6,3,6,,6,3,2,2,1,2,,female,18,2,3,2,4,1,2,3,1,2,2,3,3,3,2,3,2,3,3,0,1,1,3,3,2,3,3,2,2,2,3,3,3,2,3,3,3,3,2,2,2,3,4,1,0,1,0,1,1,0,0,0,1,1,1,1,1,0,1,0,0,0,0,1,23,21,26,17,27,11,6,17,4,5,2,b,,,,
1,1,1,3,6,6,2,,1,3,1,1,1,2,3,female,27,3,3,3,3,3,3,2,2,2,2,2,3,3,2,4,2,3,3,1,1,1,4,3,4,3,4,4,4,4,4,4,1,2,3,2,3,2,4,6,4,6,6,1,1,1,0,1,1,0,1,0,1,0,1,1,1,0,1,1,1,0,0,1,25,23,38,13,14,14,10,15,5,5,4,b,,,,
1,1,1,1,6,3,"1,6",,1,3,3,1,1,2,,female,18,2,3,3,4,2,3,2,2,2,3,3,4,4,1,3,1,2,2,0,1,1,3,2,3,3,3,3,2,2,3,2,1,0,1,0,2,2,5,5,3,5,5,1,0,0,0,0,0,1,1,1,1,1,0,0,0,1,1,1,1,1,1,1,27,19,26,6,17,13,9,18,2,4,7,b,,,,
1,1,2,1,6,7,"4,6",,2,3,2,1,1,2,,female,18,2,4,4,4,1,3,1,1,1,4,3,3,2,2,3,2,2,3,1,1,2,3,2,3,3,3,3,3,3,3,3,0,1,1,1,1,0,2,2,3,2,3,1,0,1,1,1,0,0,0,1,0,1,0,1,0,0,0,1,1,1,1,1,26,21,29,4,28,12,6,20,4,3,5,b,,,,
1,1,2,1,6,2,6,,2,3,3,1,1,1,,female,18,2,3,4,4,3,3,4,3,3,3,4,2,2,2,3,1,2,1,1,1,1,3,3,2,1,2,3,1,2,2,2,0,1,1,1,1,1,3,3,5,5,6,1,1,1,1,1,1,1,1,0,1,1,1,1,1,1,1,1,1,1,1,1,34,16,21,5,18,20,12,22,7,6,7,b,,,,
1,1,2,1,6,3,1,,1,3,4,1,1,2,,male,18,2,2,2,1,1,1,3,2,0,3,3,3,3,3,4,3,4,4,2,3,3,4,3,4,2,3,4,4,3,4,4,4,3,4,0,3,3,1,2,1,1,2,0,1,0,0,0,0,0,0,1,0,0,0,0,0,0,0,0,0,0,0,0,18,32,35,17,33,2,4,14,1,1,0,b,,,,
1,1,2,2,6,3,5,,2,4,2,1,1,2,3,female,19,2,3,2,3,0,2,3,1,2,1,2,3,3,1,3,2,3,2,1,0,1,3,3,3,3,4,4,4,4,4,3,3,1,1,0,1,2,3,3,5,2,5,1,1,1,1,1,1,1,0,0,1,1,0,1,1,0,0,1,1,1,1,1,19,19,35,8,22,16,5,14,7,4,5,b,,,,
1,1,1,1,6,3,1,,1,3,3,1,1,3,,female,19,2,2,2,3,2,4,2,2,2,2,3,2,2,1,1,0,2,2,1,1,1,2,1,3,3,3,3,2,2,3,3,1,1,1,0,1,1,5,4,6,7,7,0,0,0,0,0,0,0,1,0,1,0,0,0,1,0,1,1,0,1,0,1,24,13,25,5,11,7,10,14,0,3,4,b,,,,
1,1,2,1,6,3,8,Latino,2,4,2,2,1,2,,female,18,2,1,2,3,2,2,1,1,1,3,3,3,3,2,3,2,3,3,2,2,2,3,3,3,3,3,3,3,3,3,3,3,3,3,3,1,3,3,2,3,5,3,1,1,1,1,0,0,0,1,0,1,0,1,1,1,1,0,1,1,1,1,1,19,25,30,16,24,15,6,13,4,5,6,b,,,,
1,1,2,1,6,2,6,,2,3,2,1,2,3,,female,18,2,3,2,4,1,2,1,3,1,0,0,1,1,2,1,2,1,1,2,2,2,4,3,4,4,4,4,4,4,4,4,2,1,2,2,2,2,2,2,1,3,3,1,0,0,0,0,0,0,0,0,0,0,0,1,0,1,0,1,1,1,1,1,17,15,39,11,29,8,7,10,1,1,6,b,,,,
1,1,2,1,7,3,2,,1,4,2,2,1,2,,female,18,2,2,2,3,1,3,2,2,2,1,1,3,4,2,3,3,3,3,1,2,2,3,1,3,3,3,3,3,3,3,3,1,2,2,2,3,2,4,4,3,4,6,0,0,0,0,0,0,0,0,0,0,0,0,0,0,0,0,1,0,0,0,0,19,26,28,12,19,1,8,11,0,0,1,b,,,,
1,1,2,1,6,3,5,,1,3,3,1,1,2,,female,18,2,3,4,3,1,2,3,2,1,4,2,2,3,2,3,1,2,2,1,0,1,3,3,4,3,4,4,3,3,4,3,0,3,2,2,1,2,5,2,3,3,7,0,0,0,0,0,1,0,1,0,1,0,1,1,1,0,0,0,0,1,1,0,25,17,34,10,20,8,6,19,1,5,2,b,,,,
1,1,2,1,6,2,6,,1,3,2,2,2,4,,female,18,2,2,4,4,2,1,2,1,2,1,1,4,4,3,4,3,3,4,1,2,3,4,3,3,3,3,4,3,3,4,4,0,1,4,3,3,3,2,2,1,3,2,1,0,0,0,0,0,0,0,0,0,0,0,0,0,0,0,1,1,1,1,0,20,31,34,14,30,5,6,14,1,0,4,b,,,,
1,1,2,1,6,3,2,,1,4,2,2,1,2,,female,18,2,1,3,3,1,2,1,2,1,2,2,4,4,2,4,2,4,4,2,2,2,4,3,3,3,3,4,3,3,3,3,3,3,4,4,4,4,4,4,4,5,4,1,0,0,0,0,0,0,0,0,0,0,1,0,1,1,0,1,0,1,1,1,18,30,32,22,19,8,6,12,1,2,5,b,,,,
1,1,2,1,6,12,6,,2,4,2,2,2,1,,female,19,2,4,2,4,3,2,4,2,1,4,4,3,3,2,3,2,3,3,1,1,1,4,4,4,4,4,4,4,4,4,4,3,0,4,2,1,3,2,2,2,2,2,1,0,1,0,0,0,0,1,0,1,0,1,1,1,1,0,0,1,1,1,1,30,22,40,13,30,12,8,22,2,5,5,b,,,,
1,1,2,1,6,3,1,,1,3,3,2,1,2,,female,18,2,2,2,2,2,2,2,2,2,1,2,3,3,2,3,3,3,3,1,1,1,3,3,2,3,3,4,3,3,3,3,2,2,2,2,3,3,4,2,2,2,2,1,0,0,0,0,0,0,1,1,0,0,0,0,0,1,0,1,1,1,1,1,19,23,30,14,28,9,8,11,1,2,6,b,,,,
1,1,2,1,6,3,1,,1,1,3,1,1,1,,female,18,2,0,2,2,2,2,1,2,3,2,1,2,3,2,2,1,2,1,1,1,1,2,3,2,2,2,3,2,2,3,2,3,1,1,3,2,3,1,2,2,3,6,0,0,0,0,0,0,0,0,0,0,0,0,0,0,0,1,1,1,1,1,1,17,16,23,13,26,6,9,8,0,0,6,b,,,,
1,"1,5",1,1,6,3,1,,1,3,2,2,1,1,,female,18,2,3,2,3,3,3,2,1,2,0,3,3,3,2,2,2,3,3,0,1,1,3,2,3,2,2,4,2,2,3,2,3,0,2,0,1,0,6,4,3,4,7,1,0,1,0,1,1,0,1,0,1,0,0,0,0,0,1,1,1,1,1,1,22,20,25,6,16,12,9,13,4,2,6,b,,,,
1,1,2,1,6,7,1,,1,3,3,1,1,2,,female,18,2,1,2,4,2,2,2,3,2,1,1,2,1,1,2,1,2,2,0,1,1,4,2,3,3,3,4,3,4,4,3,1,2,1,1,1,1,3,3,3,2,2,1,0,0,0,0,0,0,0,0,0,0,0,0,0,1,0,1,1,1,1,1,20,13,33,7,27,7,9,11,1,0,6,b,,,,
1,1,2,1,6,3,6,,2,3,2,2,1,2,,female,18,2,4,3,3,1,3,2,2,4,3,2,4,4,2,3,2,2,3,1,0,2,3,1,3,2,1,3,1,3,2,1,1,0,2,1,1,1,6,5,5,3,5,1,0,1,1,1,1,0,1,0,1,0,1,1,1,0,0,1,1,1,0,0,27,23,20,6,16,13,10,17,5,5,3,b,,,,
1,1,2,1,6,3,6,,2,2,2,2,1,1,,female,18,2,4,4,4,2,4,4,3,2,3,3,3,3,0,3,1,2,2,1,0,1,3,3,3,2,2,3,1,2,3,2,1,0,1,0,0,0,6,6,6,6,4,1,0,1,1,1,1,0,1,0,1,0,0,1,1,1,1,1,1,1,1,1,33,16,24,2,12,16,11,22,5,4,7,b,,,,
1,1,2,1,6,7,1,,1,3,3,1,1,2,,female,18,2,1,3,4,2,2,1,3,2,1,1,2,2,1,2,1,2,2,1,1,1,4,2,3,3,3,3,3,4,4,3,0,2,1,1,1,1,3,3,4,4,3,1,0,0,0,0,0,0,0,0,0,0,0,0,0,1,0,1,1,1,1,1,20,15,32,6,23,7,9,11,1,0,6,b,,,,
1,1,2,1,6,2,6,,2,4,1,2,1,2,,female,18,2,1,4,4,2,3,3,2,3,4,2,4,4,0,3,1,1,2,0,0,0,4,4,3,3,3,4,3,4,4,3,0,1,0,0,1,0,6,3,6,7,7,1,0,0,1,0,0,0,1,0,0,0,0,0,0,0,0,1,0,1,0,1,28,15,35,2,11,6,10,18,2,1,3,b,,,,
1,1,2,1,6,3,6,,1,3,3,1,2,3,,female,18,2,1,1,2,1,1,3,0,1,1,1,4,4,3,4,3,4,4,3,3,3,4,4,3,4,4,4,4,4,4,4,3,4,4,4,2,4,1,1,1,1,1,0,0,0,0,0,0,0,0,0,0,0,0,0,0,1,0,1,1,1,1,1,12,35,39,21,35,6,3,9,0,0,6,b,,,,
1,"1,7",1,1,4,3,6,,1,3,3,1,1,3,,female,20,2,2,2,4,1,2,2,2,2,3,3,3,3,3,3,3,3,3,1,2,2,3,3,3,2,2,3,2,3,3,3,2,3,3,3,3,3,2,2,2,3,2,1,0,1,1,1,1,0,0,0,0,1,1,1,1,1,0,1,1,1,0,1,23,26,27,17,29,14,7,16,5,4,5,b,,,,
1,1,2,1,6,3,"4,6",,2,4,3,1,1,2,,female,18,2,2,3,2,0,1,1,1,1,1,2,4,4,2,3,2,3,3,2,1,1,4,3,3,3,3,4,3,4,4,4,1,1,1,1,1,1,3,2,3,2,5,0,0,0,0,1,1,0,0,0,0,0,0,0,0,0,1,1,0,0,1,0,14,25,35,6,25,5,3,11,2,0,3,b,,,,
1,1,2,1,6,2,5,,2,3,3,2,1,2,,female,19,2,3,3,4,0,2,1,1,2,3,2,4,4,2,3,2,4,2,1,2,2,4,3,4,3,4,4,4,4,4,4,2,1,3,2,2,2,3,4,3,5,5,1,0,0,1,0,0,0,0,0,0,1,0,1,1,1,1,1,0,0,0,1,21,26,38,12,20,9,5,16,2,3,4,b,,,,
1,1,2,1,6,6,1,,1,3,3,2,2,3,,unknown,18,2,2,3,3,2,2,1,1,1,3,0,4,4,1,3,2,3,2,0,1,1,3,2,3,3,3,4,3,2,2,3,1,1,1,1,1,2,3,1,3,3,5,1,0,1,0,0,0,0,0,0,0,0,0,0,0,0,0,1,1,1,1,0,18,21,28,7,25,6,6,12,2,0,4,b,,,,
1,1,2,1,6,3,1,,2,3,3,2,1,2,,female,18,2,4,4,4,2,1,3,2,1,2,3,3,3,1,3,2,3,3,1,1,1,3,2,2,3,3,3,2,2,2,2,3,1,2,2,1,3,2,1,2,2,3,0,0,1,0,0,0,0,1,0,1,0,1,1,1,0,1,0,1,1,0,0,26,21,24,12,30,9,6,20,1,5,3,b,,,,
1,1,2,1,6,2,6,,1,3,3,2,1,2,,female,18,2,0,4,3,2,2,2,1,3,2,4,4,3,2,3,2,3,3,2,1,1,2,2,2,3,3,2,3,2,3,3,4,2,3,2,3,3,2,2,2,2,2,1,0,1,0,1,1,0,1,0,0,0,0,1,0,1,1,1,1,1,1,1,23,24,25,17,30,13,8,15,4,2,7,b,,,,
1,1,2,1,6,3,5,,1,4,3,1,1,2,,female,18,2,2,2,4,1,2,1,0,2,0,0,4,4,3,3,1,3,2,3,2,2,3,3,3,3,3,4,4,4,3,3,1,2,3,3,3,2,2,2,3,2,3,0,1,0,0,0,0,0,0,0,1,0,0,0,0,0,0,1,1,1,0,0,14,27,33,14,28,5,5,9,1,1,3,b,,,,
1,1,2,1,6,12,1,,1,3,2,2,1,2,,female,19,2,3,3,4,2,2,3,3,3,4,4,3,3,1,3,2,2,3,0,0,0,3,4,3,2,3,3,2,2,3,2,1,0,1,1,1,3,2,5,2,2,5,0,1,1,1,1,1,0,1,1,1,1,1,1,1,0,1,0,0,0,0,1,31,17,27,7,24,14,10,21,5,7,2,b,,,,
1,1,2,1,6,2,3,,1,2,2,2,1,1,,unknown,18,2,2,4,4,3,3,3,2,3,1,4,1,1,0,2,0,1,1,0,0,0,3,2,1,1,1,4,1,2,1,1,0,1,0,3,2,0,7,3,6,7,3,1,0,1,1,1,0,0,1,1,1,1,1,1,1,1,1,1,1,1,1,1,29,6,17,6,14,18,11,18,4,7,7,b,,,,
1,1,2,1,6,3,1,,1,3,3,2,2,2,,male,18,2,3,2,3,2,2,1,1,3,2,1,3,3,2,3,2,2,3,1,1,1,3,2,1,2,2,3,2,3,3,3,1,2,1,3,2,3,4,3,3,5,6,1,0,0,0,0,0,0,1,1,1,0,1,0,0,1,0,1,1,1,1,0,20,21,24,12,19,10,8,12,1,4,5,b,,,,
1,1,2,1,6,3,6,,1,3,2,2,2,2,,female,18,2,3,3,4,3,3,4,3,0,4,4,2,2,1,2,1,2,2,1,1,1,3,2,2,2,3,3,3,3,3,2,1,1,3,1,1,2,3,2,3,3,4,1,0,1,1,1,1,1,1,0,1,1,1,1,1,1,1,1,1,1,1,1,31,15,26,9,25,19,9,22,6,6,7,b,,,,
1,1,2,1,6,3,6,,1,3,2,2,1,2,,female,18,1,3,3,4,3,3,3,3,4,4,4,3,2,0,1,0,1,2,2,0,0,2,1,3,1,1,3,2,1,3,1,2,4,1,0,0,0,3,5,5,3,3,1,0,1,1,1,1,0,1,1,1,0,1,1,1,0,0,1,1,1,1,1,34,11,18,7,21,16,13,21,5,6,5,b,,,,
1,1,2,1,6,3,5,,1,1,2,2,1,2,,female,19,2,3,3,4,3,2,4,2,4,3,4,3,3,3,3,1,2,1,1,1,0,3,2,3,3,2,3,3,3,2,3,3,2,0,2,4,2,3,4,2,3,3,0,1,1,0,1,1,1,1,1,1,1,1,1,1,0,0,1,1,1,1,1,32,18,27,13,25,17,11,21,5,7,5,b,,,,
1,1,2,1,6,3,6,,1,4,3,2,1,3,,female,18,2,1,1,2,1,0,1,0,1,1,1,3,3,2,3,2,3,3,1,2,2,3,2,3,4,4,4,4,4,4,4,1,3,4,4,4,4,2,1,2,2,5,0,0,1,0,1,1,0,1,0,0,0,0,1,1,0,0,0,0,0,0,0,9,24,36,20,28,6,2,7,3,3,0,b,,,,
1,1,2,1,7,5,6,,1,3,2,2,2,2,,female,18,2,4,4,4,0,3,4,4,4,2,4,2,2,1,1,1,2,1,2,0,0,2,1,2,2,3,2,2,3,3,1,1,2,2,1,1,1,3,5,4,4,3,1,1,1,1,1,1,0,1,1,1,0,1,1,1,0,1,1,1,1,1,1,33,12,21,8,21,18,11,22,6,6,6,b,,,,
1,1,1,1,6,3,1,,1,2,3,2,1,2,,female,18,2,2,1,3,1,2,1,1,1,2,1,3,3,1,4,2,2,2,0,1,1,3,2,3,3,4,4,4,3,3,4,0,0,0,1,1,0,4,3,5,5,6,0,1,1,0,0,0,0,0,0,0,1,0,0,0,0,0,1,1,1,1,1,15,19,33,2,17,8,5,10,2,1,5,b,,,,
1,1,2,1,6,3,6,,1,1,3,2,1,2,,female,18,2,4,4,4,2,2,3,2,2,2,1,3,3,1,3,2,3,2,1,1,1,3,3,3,2,3,3,4,4,4,3,2,1,1,2,2,2,5,6,4,5,7,1,1,1,1,1,1,1,1,1,1,1,1,1,1,0,1,1,1,1,1,1,26,20,32,10,13,20,8,18,7,7,6,b,,,,
1,1,2,1,6,6,6,,1,4,4,1,1,2,,female,18,2,3,1,4,0,1,1,1,1,4,1,4,4,2,3,3,3,3,1,2,2,3,4,4,4,4,4,4,4,4,4,1,3,3,3,3,3,2,2,2,2,2,0,0,1,0,0,0,0,0,0,0,1,0,0,0,0,0,0,0,0,0,0,17,27,39,16,30,2,3,14,1,1,0,b,,,,
1,1,2,1,6,12,6,,2,4,3,1,1,2,,female,18,2,3,3,3,2,1,4,1,2,1,1,3,3,1,3,1,3,3,1,1,1,4,4,3,3,4,3,3,3,3,3,3,2,4,2,3,2,5,3,3,2,5,0,0,1,1,0,0,0,1,1,1,1,0,0,0,0,0,1,1,1,1,1,21,20,33,16,22,11,6,15,2,4,5,b,,,,
1,1,2,1,6,12,6,,2,3,3,1,1,2,,female,18,2,3,2,2,2,2,1,3,3,1,2,3,3,1,3,3,3,3,1,2,2,3,2,3,3,3,3,3,3,3,3,3,2,3,1,1,3,3,3,2,3,5,0,1,0,1,0,0,0,1,0,1,0,1,1,1,0,0,1,0,0,0,0,21,24,29,13,24,8,10,11,2,5,1,b,,,,
1,1,2,1,6,3,5,,2,2,2,2,1,2,,female,18,2,3,2,4,1,3,4,1,3,3,3,3,3,2,3,1,2,2,0,1,1,3,3,3,3,3,3,3,2,3,3,2,0,3,1,1,1,3,3,4,5,5,1,0,1,1,0,0,1,1,0,1,1,1,1,1,0,1,1,1,1,1,1,27,18,29,8,20,16,8,19,4,6,6,b,,,,
1,1,1,1,6,3,1,,1,4,2,2,1,2,,female,18,2,3,3,4,1,2,3,1,1,3,3,3,3,2,4,3,2,3,1,1,1,4,4,3,3,3,4,3,2,3,3,1,2,3,1,3,3,1,1,1,1,1,0,0,1,1,1,1,0,0,1,1,1,1,1,1,0,1,0,0,0,0,0,24,23,32,13,35,11,5,19,4,6,1,b,,,,
1,1,2,1,6,6,5,,1,3,2,2,1,2,,female,18,1,3,4,4,0,2,3,3,2,3,3,2,2,1,2,2,2,2,1,1,0,2,2,2,2,2,2,3,2,2,2,3,0,2,1,2,2,6,6,6,4,6,1,0,1,1,1,1,0,1,1,1,1,1,1,1,1,1,1,1,1,1,1,27,15,21,10,12,19,7,20,5,7,7,b,,,,
1,1,2,2,6,2,6,,1,3,2,2,3,2,3,female,20,2,1,3,4,2,2,3,3,4,1,1,3,3,1,2,1,2,1,0,1,2,3,3,2,2,3,2,2,1,3,2,1,1,1,1,1,1,6,3,5,3,5,0,0,1,1,1,1,0,0,1,1,1,1,1,1,1,1,1,1,1,1,0,24,16,23,6,18,16,11,13,4,6,6,b,,,,
1,1,2,1,7,6,1,,1,3,2,1,1,1,,female,18,2,2,2,3,2,2,3,1,2,2,4,3,3,1,3,1,3,3,0,0,0,3,2,3,2,2,3,2,2,2,2,2,2,1,2,1,2,4,3,4,3,5,1,0,1,0,1,1,0,0,1,1,0,1,1,1,1,1,0,1,1,1,1,23,17,23,10,21,15,7,16,4,5,6,b,,,,
1,1,2,1,6,3,"6,8",South-Eastern European,1,3,3,2,1,2,,male,18,2,0,0,2,1,2,1,2,2,1,0,3,3,2,3,2,3,3,1,1,2,4,3,3,3,3,4,4,4,3,4,2,1,4,2,3,3,3,2,2,5,2,1,0,0,1,0,0,1,0,0,0,0,0,0,1,0,0,1,0,1,0,1,11,23,35,15,26,7,7,4,3,1,3,b,,,,
1,1,2,1,6,2,6,,2,3,3,2,1,2,,female,18,2,2,2,3,3,3,1,3,3,3,3,3,2,0,3,2,2,2,0,0,1,3,3,2,2,3,3,3,3,3,3,3,1,2,3,2,1,5,3,3,3,7,1,0,1,0,0,0,0,1,0,1,1,0,1,1,1,1,1,1,1,1,1,26,15,28,12,19,14,12,14,2,5,7,b,,,,
1,1,2,1,6,7,6,,1,4,3,2,1,2,,female,18,2,1,1,2,1,1,2,1,1,1,0,4,4,2,3,2,3,3,2,1,3,3,3,3,3,3,3,2,3,4,3,3,4,4,3,3,3,2,2,2,2,3,0,0,0,0,0,0,0,0,1,0,0,0,0,0,0,0,0,0,1,1,0,11,27,30,20,29,3,4,7,0,1,2,b,,,,
1,1,1,1,6,6,6,,1,3,3,1,1,3,,female,18,2,4,4,4,2,3,3,3,2,4,3,4,4,3,3,2,3,3,2,2,2,3,3,3,3,3,3,2,3,3,3,3,2,3,3,3,3,3,3,2,1,3,1,0,1,1,0,0,1,1,1,1,1,1,1,1,0,1,1,1,1,1,1,32,28,29,17,28,17,10,22,4,7,6,b,,,,
1,1,2,1,6,3,6,,2,3,2,1,1,3,,female,18,2,2,3,3,1,1,2,1,1,2,2,3,3,2,3,2,3,3,1,1,2,3,3,3,3,3,4,4,3,3,4,3,1,3,1,2,3,2,2,2,2,3,0,0,0,0,0,0,0,0,1,0,1,1,1,0,0,0,0,0,0,0,0,18,23,33,13,29,4,4,14,0,4,0,b,,,,
1,1,2,1,7,5,6,,1,3,2,2,1,1,,unknown,19,2,3,4,4,2,2,2,2,2,3,3,3,4,2,3,2,2,2,1,1,2,3,2,2,3,3,3,2,3,3,3,1,1,2,1,2,3,1,2,2,2,6,1,0,1,0,1,1,0,1,0,1,0,0,1,0,1,0,1,1,1,1,1,27,22,27,10,27,13,8,19,4,3,6,b,,,,
1,1,1,1,6,3,5,,1,3,3,1,1,2,,female,18,2,3,2,3,3,1,3,3,2,3,1,3,3,2,2,2,3,3,2,1,1,2,2,2,3,3,3,3,3,2,3,1,1,2,1,1,1,3,3,2,5,4,1,0,1,0,1,1,1,1,0,1,0,0,1,1,1,0,1,1,1,0,1,24,22,26,7,23,14,9,15,5,4,5,b,,,,
1,1,2,1,6,3,6,,2,4,3,2,1,2,,female,19,2,2,2,4,1,2,1,2,2,2,2,3,3,1,3,1,3,3,1,1,1,3,3,3,2,2,2,2,2,2,2,3,1,3,1,2,2,3,3,3,3,3,1,0,1,1,1,1,1,1,1,1,1,1,1,1,1,0,1,0,0,0,1,20,20,23,12,25,16,7,13,6,7,3,b,,,,
1,1,2,1,6,1,6,,1,3,3,2,1,3,,female,18,2,2,2,3,2,1,2,2,1,2,3,4,4,3,4,3,3,3,1,1,2,3,3,3,2,3,3,2,3,3,3,4,4,4,4,4,4,1,1,1,2,1,0,0,0,0,0,0,0,0,0,0,0,0,0,1,0,1,0,0,0,0,0,20,28,28,24,34,2,6,14,0,1,1,b,,,,
1,1,2,1,6,3,5,,1,2,2,2,1,1,,female,19,2,2,3,4,3,3,3,3,3,4,4,2,3,1,2,1,2,2,1,1,1,3,2,2,2,2,3,3,3,3,3,3,1,3,1,1,1,6,5,5,6,6,1,1,1,1,1,1,0,1,1,1,1,1,1,1,1,1,1,1,1,1,1,32,16,26,10,12,20,12,20,6,7,7,b,,,,
1,1,2,1,6,3,1,,1,1,3,2,1,2,,female,19,1,2,2,2,3,2,2,2,2,1,1,3,3,1,3,1,2,3,2,1,2,2,3,3,2,3,3,3,2,2,2,3,1,2,2,2,2,3,4,2,1,1,0,0,0,0,0,0,0,0,0,0,0,0,0,0,1,0,1,1,1,1,0,19,21,25,12,29,5,9,10,0,0,5,b,,,,
1,1,2,1,6,3,6,,2,3,3,1,2,3,,female,18,2,3,2,4,1,2,1,2,2,3,2,3,3,2,2,2,3,3,1,1,1,3,3,4,3,3,3,3,2,3,3,1,2,2,2,2,2,3,3,3,4,3,1,0,1,0,0,1,0,0,0,0,0,0,0,0,1,0,1,1,1,1,1,22,21,30,11,24,9,7,15,3,0,6,b,,,,
1,1,3,1,4,2,8,West Indian or Caribbean,1,2,2,2,1,1,,female,19,1,2,4,4,3,3,4,3,3,2,4,2,2,1,2,1,1,1,1,0,0,3,2,3,3,2,3,3,2,2,3,1,1,1,1,1,1,6,6,6,6,6,1,0,1,1,1,1,1,1,1,1,0,1,1,1,1,1,1,1,1,1,1,32,11,26,6,10,19,12,20,6,6,7,b,,,,
1,1,1,1,6,3,1,,2,3,1,2,1,1,,female,19,3,3,3,3,1,1,2,1,1,2,3,1,2,0,3,0,1,1,1,3,3,4,2,3,4,3,4,4,4,4,4,0,0,0,0,0,0,6,6,7,4,7,1,1,1,1,0,0,1,1,1,1,1,1,1,1,0,1,1,1,1,1,1,20,15,36,0,10,18,4,16,5,7,6,b,,,,
1,1,2,1,6,2,5,,1,4,2,1,1,2,,female,18,2,3,4,3,2,3,3,1,1,4,4,3,2,0,2,0,3,3,1,1,0,3,3,3,3,3,3,3,3,3,3,1,0,1,0,0,0,6,5,5,5,6,1,1,1,0,1,1,0,1,0,1,1,0,1,1,0,1,1,1,1,1,1,28,15,30,2,13,16,7,21,5,5,6,b,,,,
1,1,1,1,6,3,1,,1,3,3,2,1,2,,male,18,2,2,1,3,2,2,2,4,3,0,0,3,3,2,2,1,3,3,2,1,1,3,2,3,2,1,3,2,3,3,1,3,1,2,3,1,4,5,4,4,4,5,1,0,0,0,0,0,0,1,0,0,0,0,0,0,1,1,1,1,1,1,1,19,21,23,14,18,9,11,8,1,1,7,b,,,,
1,1,2,1,7,6,8,European,2,4,1,2,1,1,,female,18,2,2,3,3,0,2,4,1,1,4,4,1,1,0,1,0,1,1,0,0,0,4,4,3,3,2,4,2,3,3,3,2,3,4,4,3,4,1,1,1,1,1,0,1,0,0,0,0,0,0,0,0,1,1,1,1,1,0,0,0,0,0,1,24,5,31,20,35,7,4,20,1,4,2,b,,,,
1,1,2,1,6,3,4,,1,4,2,2,2,2,,female,18,3,2,2,3,2,1,2,1,2,1,3,4,4,2,4,2,3,3,1,1,1,4,3,3,3,3,4,2,3,3,3,4,4,3,3,3,4,2,1,1,2,2,1,0,1,0,1,1,0,0,1,1,1,1,0,0,1,1,1,1,1,1,1,19,25,31,21,32,15,6,13,4,4,7,b,,,,
1,1,2,1,6,3,4,,1,3,2,2,2,3,,female,19,2,1,2,3,1,1,1,2,1,1,0,3,3,2,3,2,3,3,1,0,0,4,3,4,3,4,4,3,4,4,3,2,1,2,3,1,3,4,3,2,6,2,0,0,0,0,0,0,1,0,0,0,0,0,0,0,1,0,1,1,1,0,1,13,20,36,12,23,6,5,8,1,0,5,b,,,,
1,1,1,1,6,1,1,,2,4,1,1,1,1,,male,18,2,2,3,3,3,3,2,2,3,2,2,2,2,1,2,1,2,2,0,1,1,3,2,3,3,3,3,2,3,3,3,2,1,2,0,0,2,6,5,6,6,7,1,0,1,1,1,1,1,0,1,1,1,1,1,1,1,0,1,1,1,0,1,25,14,28,7,10,17,11,14,6,6,5,b,,,,
1,1,2,1,6,3,6,,2,3,2,2,3,4,,female,18,2,4,3,4,2,2,3,2,3,2,1,4,3,3,3,3,4,3,1,2,2,3,3,3,4,3,4,2,3,3,4,2,3,3,4,4,4,2,1,2,4,5,0,0,1,0,0,0,0,1,1,1,1,1,1,1,0,1,0,1,1,1,1,26,28,32,20,26,13,9,17,1,7,5,b,,,,
1,1,2,1,8,6,1,,1,4,2,2,2,1,,female,18,2,4,4,4,4,3,4,3,4,4,4,2,3,0,3,0,1,1,1,0,0,4,3,4,3,3,4,3,3,4,2,4,2,0,0,0,0,6,6,6,6,7,1,1,1,1,1,1,0,1,0,1,1,1,1,1,0,1,1,1,1,1,1,38,11,33,6,9,18,14,24,6,6,6,b,,,,
1,1,2,1,7,6,8,European,2,4,1,2,1,1,,female,18,2,3,3,4,0,1,4,2,1,4,4,1,1,0,1,0,1,1,1,1,0,4,3,3,4,3,4,3,4,4,4,3,4,4,3,3,4,3,3,1,1,1,1,0,0,0,0,0,0,0,0,1,0,0,1,1,0,0,0,0,0,0,1,26,7,36,21,31,5,4,22,1,3,1,b,,,,
1,1,2,1,6,3,1,,1,1,4,1,1,2,,female,18,3,2,3,0,2,2,0,2,3,3,3,3,2,1,2,0,3,2,1,1,1,3,3,2,2,2,3,3,3,3,3,2,1,3,3,3,2,5,3,3,2,3,1,1,1,1,1,1,1,0,0,0,0,0,0,0,1,0,1,0,1,0,0,20,16,27,14,24,10,9,11,7,0,3,b,,,,
1,"1,5,6",2,2,5,1,1,,1,3,2,2,3,3,3,female,19,2,4,4,4,2,2,3,2,2,4,4,3,2,1,2,1,3,2,1,1,1,3,2,2,2,3,3,2,2,3,1,3,1,1,2,2,2,4,5,4,5,5,0,0,0,0,1,1,0,1,1,1,0,1,1,1,0,1,0,1,0,1,0,31,17,23,11,17,11,8,23,2,6,3,b,,,,
1,1,2,1,6,3,5,,1,3,1,2,1,1,,male,18,2,2,1,3,3,4,0,1,1,2,2,4,4,3,4,2,4,3,2,2,2,3,4,4,3,3,3,3,3,3,3,2,1,4,4,0,4,6,6,7,7,7,0,0,1,0,0,0,0,0,0,0,0,0,0,0,1,0,1,1,1,1,1,19,30,32,15,7,7,9,10,1,0,6,b,,,,
1,1,2,1,5,3,1,,2,4,2,2,1,2,,female,17,2,2,1,4,2,2,1,3,2,4,4,3,3,1,3,2,3,2,0,0,0,4,3,4,3,3,4,3,4,3,3,1,3,1,1,1,2,2,2,1,2,1,0,1,1,1,1,1,0,1,0,1,1,1,1,1,0,1,0,0,0,0,1,25,17,34,9,32,13,9,16,5,6,2,b,,,,
1,1,1,3,6,3,5,,1,4,2,2,1,2,4,female,20,2,2,2,3,1,2,2,1,2,2,1,3,3,2,3,2,3,2,1,1,2,3,3,3,3,2,4,3,2,3,3,2,2,1,1,2,2,5,4,5,3,2,0,0,0,0,0,0,0,0,0,0,1,0,0,0,1,1,1,1,1,1,1,18,22,29,10,21,8,6,12,0,1,7,b,,,,
1,1,1,1,5,4,5,,4,4,3,2,1,2,,female,19,1,2,3,4,3,3,3,4,2,3,4,3,2,0,2,1,1,1,0,2,1,2,2,2,1,3,3,1,3,2,1,0,1,1,2,1,2,5,1,5,3,7,1,0,1,1,1,1,1,1,1,1,0,1,1,0,1,1,1,1,1,1,1,31,13,20,7,19,18,12,19,6,5,7,b,,,,
1,1,1,1,6,2,6,,1,3,3,1,1,3,,female,19,2,3,2,3,2,2,1,2,1,2,1,3,3,1,3,2,3,3,1,1,1,4,3,3,3,3,3,3,3,4,3,1,1,2,2,3,2,3,2,2,2,5,0,0,0,0,0,0,0,0,0,0,1,1,0,0,0,0,0,0,0,0,0,19,21,32,11,26,2,7,12,0,2,0,b,,,,
1,1,2,1,6,3,5,,1,3,3,2,1,3,,female,18,2,1,4,2,2,2,3,1,2,2,3,3,4,2,4,2,4,4,1,2,1,3,3,2,3,3,3,3,3,3,3,2,4,1,3,2,4,4,3,6,6,4,1,0,0,0,0,0,0,0,0,0,0,0,0,0,1,0,1,1,1,1,1,22,27,29,16,17,7,7,15,1,0,6,b,,,,
1,1,2,1,6,2,6,,2,4,3,1,1,3,,female,18,2,3,2,3,2,2,2,1,2,2,1,3,3,2,3,2,3,3,1,1,2,3,3,3,3,3,3,3,3,3,3,2,2,2,2,2,2,2,3,3,2,3,1,0,0,0,0,0,0,0,0,0,0,0,0,0,1,0,1,1,1,1,1,20,23,30,12,27,7,7,13,1,0,6,b,,,,
1,1,2,1,6,3,1,,2,4,3,2,1,3,,female,18,2,4,4,4,1,1,4,1,1,2,3,3,2,1,3,1,2,3,1,1,1,3,2,2,3,2,3,2,2,3,3,3,1,3,2,2,2,2,2,3,3,3,0,1,1,0,0,1,0,1,0,1,0,1,1,1,1,0,1,1,1,0,0,25,18,25,13,27,12,4,21,3,5,4,b,,,,
1,1,2,1,6,4,9,,2,3,2,1,1,3,,female,18,2,2,2,4,2,1,2,2,1,2,2,3,2,2,2,1,2,2,1,1,1,3,3,3,3,3,3,2,2,4,3,2,1,2,2,3,3,3,2,2,4,6,1,0,0,0,0,0,0,0,0,0,0,0,0,0,1,1,1,1,1,1,0,20,17,29,13,23,7,6,14,1,0,6,b,,,,
1,1,2,1,6,5,5,,1,3,3,1,1,2,,male,18,2,3,3,4,2,2,3,2,2,3,3,3,3,2,3,2,3,3,1,1,1,3,3,3,3,3,3,3,2,3,3,4,2,2,3,2,2,2,3,2,1,4,0,0,0,0,0,0,1,1,0,0,0,0,1,0,0,1,1,1,1,1,1,27,22,29,15,28,9,8,19,1,2,6,b,,,,
1,1,3,1,6,3,1,,1,3,2,2,2,3,,female,18,2,0,2,3,1,2,2,0,1,1,2,3,3,1,3,1,2,4,1,1,1,4,3,3,3,3,3,4,3,3,3,3,2,3,3,2,3,5,2,2,2,5,1,1,1,0,1,1,0,1,0,0,0,0,0,0,0,1,1,1,1,1,1,14,20,32,16,24,12,4,10,5,1,6,b,,,,
1,1,2,1,6,3,5,,1,3,1,2,1,1,,female,18,2,1,1,2,1,2,2,2,3,3,4,2,1,2,2,2,2,2,0,1,1,3,2,4,3,3,4,3,2,3,3,4,2,1,1,1,2,6,5,5,3,7,1,0,0,0,0,0,0,0,0,0,1,0,1,0,0,0,1,1,1,0,1,21,15,30,11,14,7,8,13,1,2,4,b,,,,
1,1,2,1,6,3,"6,8",Jewish,2,3,2,2,1,2,,female,19,2,2,3,4,2,2,4,2,3,2,4,4,4,3,4,2,2,2,0,1,1,3,3,3,3,3,4,4,4,4,2,1,1,2,2,3,2,5,1,4,4,6,1,1,1,0,1,1,0,1,1,1,1,1,1,1,0,0,1,1,1,1,1,28,23,33,11,20,17,9,19,5,7,5,b,,,,
1,1,1,1,8,6,6,,2,4,3,1,2,2,,female,18,2,2,3,4,1,3,3,2,2,2,2,3,3,1,3,1,3,3,1,1,1,3,2,2,3,3,3,2,3,2,3,3,1,3,1,1,2,2,2,3,3,3,0,1,0,0,1,1,1,0,0,1,0,0,0,1,1,1,1,1,0,0,0,24,20,26,11,27,10,8,16,4,2,4,b,,,,
1,1,2,1,7,6,1,,2,3,2,2,2,3,,female,18,2,3,4,4,2,2,2,3,3,2,4,4,4,3,4,1,3,3,1,1,2,3,2,3,3,2,4,4,2,3,3,3,2,4,2,3,3,3,3,2,3,4,1,0,1,0,0,0,0,1,0,0,0,0,1,1,0,1,1,1,1,1,1,29,26,29,17,25,11,10,19,2,3,6,b,,,,
1,1,2,1,6,2,6,,2,4,3,2,1,3,,female,18,2,2,1,3,2,1,2,1,2,1,2,3,3,2,3,2,3,3,2,1,1,3,2,3,3,3,3,2,3,2,3,3,3,3,2,4,3,3,2,2,3,3,1,0,1,0,0,0,0,0,0,0,0,1,0,1,1,1,1,1,1,1,0,17,23,27,18,27,10,6,11,2,2,6,b,,,,
1,1,2,1,7,6,5,,1,3,3,1,1,2,,female,19,1,2,2,3,1,2,2,2,3,2,1,3,4,2,3,2,3,4,2,2,3,3,3,4,3,3,3,2,2,2,3,2,1,3,1,3,3,4,3,2,1,5,0,0,0,0,0,0,0,0,0,1,0,1,0,0,0,0,1,1,1,0,1,20,28,28,13,25,6,8,12,0,2,4,b,,,,
1,1,2,1,6,3,1,,1,1,4,1,1,2,,female,18,3,1,2,2,2,3,2,2,1,2,3,2,1,3,3,1,2,3,1,2,1,2,2,3,2,2,2,3,3,3,2,2,2,2,1,3,1,4,2,7,6,3,1,0,0,1,1,0,0,1,0,0,0,0,1,1,0,0,1,0,1,0,0,20,19,24,11,18,8,8,12,3,3,2,b,,,,
1,1,1,1,7,12,6,,1,4,3,1,1,2,,female,18,2,2,2,2,1,2,3,3,2,1,1,3,4,2,3,2,4,3,1,2,2,3,3,3,4,4,4,3,4,3,3,3,2,3,1,2,2,2,2,3,2,3,0,0,0,0,1,1,1,0,0,0,0,0,0,0,1,1,1,1,1,0,1,19,26,34,13,28,9,8,11,3,0,6,b,,,,
1,1,1,1,6,3,6,,1,3,3,1,1,2,,female,19,1,3,2,2,1,2,1,3,1,2,1,3,3,2,4,2,3,3,0,2,2,3,3,3,3,3,3,3,4,3,3,2,3,2,2,1,2,4,4,3,4,6,1,0,1,0,1,1,1,0,1,1,0,0,0,0,0,1,1,1,1,1,1,18,24,31,12,19,13,7,11,5,2,6,b,,,,
1,1,1,2,6,3,1,,2,3,3,1,1,3,4,male,19,2,1,1,1,1,1,0,0,1,1,0,3,3,3,3,2,2,2,1,3,2,3,2,3,3,3,3,3,2,3,3,1,2,1,2,1,1,3,2,4,6,5,0,0,0,0,0,0,0,0,0,0,0,0,0,0,1,0,1,1,0,1,1,7,24,28,8,20,5,3,4,0,0,5,b,,,,
1,1,2,1,6,2,6,,2,3,2,2,1,2,,female,18,2,1,1,1,1,1,0,1,0,0,0,3,3,3,3,3,4,4,3,2,3,3,4,3,4,4,4,4,4,4,4,4,4,4,4,4,4,1,1,1,1,2,0,0,1,0,0,0,0,0,0,0,0,0,0,0,0,0,0,0,0,0,0,6,31,38,24,34,1,3,3,1,0,0,b,,,,
1,1,1,1,6,3,4,,2,4,3,1,1,3,,female,18,2,0,1,4,3,1,2,1,2,1,3,3,3,0,3,3,3,2,1,1,1,3,3,4,2,1,3,3,4,3,4,1,1,2,0,1,1,4,4,4,3,1,0,0,0,0,0,0,0,0,0,0,0,0,0,1,0,0,0,1,0,1,1,18,20,30,6,24,4,7,11,0,1,3,b,,,,
1,1,2,1,6,3,6,,2,4,3,2,2,3,,female,18,2,2,2,3,2,2,2,1,2,2,2,3,3,2,3,2,3,2,1,2,2,3,2,3,3,3,3,3,3,3,2,1,1,1,1,2,2,3,2,4,2,3,1,0,1,1,1,0,0,0,0,1,0,0,1,0,0,1,1,1,1,0,1,20,23,28,8,26,11,7,13,4,2,5,b,,,,
1,1,2,1,6,3,6,,2,4,2,2,1,2,,female,18,2,4,4,4,2,3,2,3,3,3,4,4,4,1,3,1,2,3,0,0,0,3,4,3,4,4,4,2,3,4,4,0,0,1,0,1,0,5,6,2,2,3,0,1,0,0,0,0,0,1,1,1,1,1,1,1,0,1,1,1,1,1,1,32,18,35,2,22,14,11,21,1,7,6,b,,,,
1,1,2,1,6,2,6,,2,3,2,2,1,1,,female,18,2,2,3,4,2,3,3,2,3,2,3,4,3,2,3,2,3,3,0,1,2,3,2,2,2,3,4,3,3,3,3,2,0,1,2,2,3,5,3,2,4,2,1,0,1,1,0,0,1,1,0,1,1,0,1,0,1,0,1,1,1,1,1,27,23,28,10,24,14,10,17,4,4,6,b,,,,
1,1,2,1,6,1,"1,6",,1,3,3,2,1,2,,female,18,2,2,2,3,2,3,2,2,3,1,2,3,3,2,3,1,3,2,1,1,1,4,3,4,3,4,4,3,3,3,3,2,3,4,3,3,1,3,5,4,3,2,1,1,1,0,1,1,0,1,0,1,0,0,0,0,0,0,1,1,0,0,1,22,20,34,16,23,10,10,12,5,2,3,b,,,,
1,1,1,1,6,3,6,,1,2,3,2,2,2,,female,18,2,2,3,4,2,3,4,2,3,2,3,2,2,1,2,1,2,2,0,0,0,2,1,2,1,2,3,1,1,2,1,3,1,0,2,1,1,4,5,6,5,7,1,0,1,0,1,1,0,0,1,0,1,0,0,0,1,1,1,1,1,1,1,28,12,16,8,13,13,10,18,4,2,7,b,,,,
1,1,2,1,6,5,5,,1,3,2,2,1,4,,male,18,2,2,1,4,1,1,2,2,1,0,1,3,4,3,3,3,3,3,1,1,2,4,2,4,3,3,4,2,3,3,3,2,3,3,3,3,4,3,2,2,1,6,1,0,1,0,1,0,0,0,0,1,0,1,1,1,1,1,1,1,1,1,1,15,26,31,18,26,14,5,10,3,4,7,b,,,,
1,1,2,1,6,3,6,,2,4,3,1,1,2,,female,19,2,2,2,3,2,2,1,2,3,2,2,3,3,2,3,2,3,3,1,2,2,3,3,3,3,3,3,2,3,3,3,1,1,2,2,2,2,3,3,3,4,4,1,0,1,1,0,1,0,0,1,0,1,1,1,1,0,1,1,1,1,1,1,21,24,29,10,23,15,9,12,4,5,6,b,,,,
1,1,2,1,6,3,5,,1,4,2,2,1,2,,female,18,2,2,2,3,1,2,1,2,1,3,2,4,4,3,3,3,3,3,2,2,2,3,3,3,3,3,3,4,3,4,3,1,1,4,3,3,4,3,3,3,3,6,1,0,1,1,1,0,0,0,0,0,1,1,1,1,0,1,1,1,1,0,0,19,29,32,16,22,12,6,13,4,4,4,b,,,,
1,1,2,1,6,2,6,,2,4,3,2,1,3,,female,18,2,2,2,2,1,2,1,1,1,2,1,4,3,2,3,3,3,3,2,1,1,3,2,3,3,2,3,2,3,3,3,1,2,3,3,3,3,2,3,3,3,6,1,0,0,1,0,0,0,0,0,0,0,0,0,0,1,0,0,0,0,0,0,15,25,27,15,23,3,5,10,2,0,1,b,,,,
1,1,2,1,6,6,6,,1,2,3,2,1,2,,female,28,1,2,3,3,1,1,1,3,1,1,2,3,3,3,3,2,2,2,0,3,2,2,2,2,3,2,2,2,2,2,2,1,2,4,1,1,1,6,6,6,3,6,1,0,1,1,0,0,0,0,0,0,1,0,0,0,0,0,1,1,1,1,1,18,23,21,10,13,9,6,12,3,1,5,b,,,,
1,1,2,4,6,2,6,,2,4,2,2,1,2,3,female,21,2,2,3,2,1,2,1,2,1,3,1,4,4,2,3,2,3,3,3,2,2,3,3,2,3,3,3,2,2,3,3,2,1,4,1,1,4,2,2,3,3,6,1,0,1,0,0,0,0,1,0,0,1,0,0,0,0,0,1,1,0,1,0,18,28,27,13,24,7,6,12,2,2,3,b,,,,
1,1,2,1,6,2,"6,8",Spanish,1,3,3,1,1,2,,female,18,2,2,2,2,2,2,1,1,3,2,1,3,3,2,3,2,2,2,0,2,1,3,4,3,3,3,4,3,3,4,3,3,0,2,2,3,3,3,3,2,2,1,1,0,1,1,1,0,1,0,0,0,0,0,0,0,0,0,1,1,0,0,0,18,20,33,13,29,7,8,10,5,0,2,b,,,,
1,1,2,1,6,3,6,,2,4,2,2,1,3,,female,18,2,2,3,3,2,2,2,3,2,2,2,4,4,2,4,3,3,3,1,2,3,3,3,3,3,3,4,2,3,3,3,1,2,2,2,2,2,3,2,2,2,3,1,1,1,1,0,0,1,1,1,1,1,1,0,1,0,0,0,0,0,1,1,23,29,30,11,28,13,9,14,5,6,2,b,,,,
1,1,2,1,6,3,5,,1,4,2,2,1,2,,female,19,2,2,4,2,4,4,4,1,2,1,2,3,3,0,2,0,1,1,1,0,0,2,3,2,2,3,3,3,3,3,2,3,0,0,1,1,1,6,5,6,4,7,1,0,0,0,1,1,0,0,0,0,1,1,1,0,1,1,1,1,1,1,1,26,11,26,6,12,13,11,15,3,3,7,b,,,,
1,1,2,1,6,3,5,,1,3,3,1,1,3,,female,18,2,3,2,3,2,2,2,2,2,2,1,3,3,2,3,1,2,3,1,1,1,3,2,2,3,3,3,2,2,3,3,1,2,1,2,3,2,1,1,1,4,2,1,0,0,0,0,0,0,0,0,0,0,0,0,0,0,0,1,1,1,1,1,21,20,26,11,31,6,8,13,1,0,5,b,,,,
1,1,2,1,6,2,4,,1,3,2,2,1,1,,female,19,2,2,3,4,2,3,2,2,3,3,3,3,3,2,3,2,2,2,0,0,1,3,3,2,3,3,3,2,2,3,3,1,0,0,1,1,0,6,7,6,6,3,1,0,1,1,1,1,1,1,1,1,1,0,1,0,1,0,1,1,1,1,1,27,18,27,3,12,17,10,17,6,5,6,b,,,,
1,1,1,1,6,3,5,,1,3,3,2,1,2,,female,19,2,1,2,3,2,2,4,3,2,1,1,2,2,1,3,1,2,1,2,0,0,4,2,2,2,3,4,3,4,4,4,2,2,4,4,2,2,6,5,6,7,4,1,0,0,0,0,1,1,0,0,1,1,0,0,0,1,0,1,1,1,1,1,21,14,32,16,12,11,9,12,3,2,6,b,,,,
1,1,2,1,6,3,6,,2,3,2,2,2,1,,female,18,2,2,2,3,1,2,1,1,2,1,2,3,3,2,2,2,2,2,1,2,2,2,2,3,3,3,3,3,2,3,3,1,4,1,2,2,3,4,3,3,3,3,1,0,1,1,1,0,0,1,0,1,1,1,1,0,0,1,1,1,1,1,0,17,21,27,13,24,14,6,11,4,5,5,b,,,,
1,1,2,1,6,3,5,,1,3,2,2,1,1,,female,19,2,2,3,4,2,2,3,2,3,1,4,3,3,2,2,1,3,3,2,1,1,3,2,2,3,3,3,3,3,3,3,3,1,4,2,3,4,4,4,2,3,5,1,0,0,0,0,0,0,0,0,1,0,0,1,0,0,0,1,1,1,1,1,26,21,28,17,22,8,9,17,1,2,5,b,,,,
1,1,2,1,6,3,6,,2,3,2,2,2,1,,female,18,2,3,3,4,2,2,4,3,2,2,2,3,2,2,3,1,3,2,0,0,0,3,3,3,3,2,3,2,2,3,3,1,0,2,3,2,2,3,1,2,2,4,0,1,1,1,1,1,1,1,1,1,1,1,1,1,0,1,1,1,1,0,0,27,16,27,10,28,17,9,18,6,7,4,b,,,,
1,1,1,1,6,3,6,,2,3,2,2,1,2,,female,18,2,3,2,3,2,2,1,1,1,3,3,3,3,2,3,3,3,3,1,2,3,3,3,3,3,3,3,3,3,4,4,1,1,2,3,3,4,2,2,2,2,3,1,1,1,1,1,1,1,1,0,1,1,1,1,1,0,1,0,1,1,1,1,21,26,32,14,29,18,6,15,7,6,5,b,,,,
1,1,2,1,6,3,1,,1,3,2,2,1,1,,female,18,2,1,1,3,2,2,3,2,2,1,2,2,3,2,3,1,2,2,1,0,0,2,2,3,2,2,3,3,2,2,2,2,1,1,3,3,3,4,5,4,5,5,1,0,1,1,1,1,0,0,1,0,0,1,0,1,1,0,1,1,1,1,1,19,16,23,13,17,14,8,11,5,3,6,b,,,,
1,1,2,1,6,2,5,,1,4,3,2,1,2,,female,18,2,4,4,4,3,3,4,0,0,4,4,2,2,1,2,1,2,2,1,1,1,2,2,2,2,2,2,2,2,2,2,2,2,1,2,2,4,6,6,6,5,5,1,1,1,1,1,1,0,1,1,1,1,1,1,1,0,1,1,1,1,1,1,30,15,20,13,12,19,6,24,6,7,6,b,,,,
1,1,2,2,6,1,6,,2,3,3,2,1,1,3,female,20,2,4,4,4,3,4,1,3,3,3,4,2,1,1,2,0,1,1,1,0,0,2,3,2,1,2,2,1,2,2,2,1,0,2,1,1,1,7,6,6,6,6,1,1,1,1,1,0,0,1,1,1,1,1,1,1,1,1,1,1,1,1,1,33,9,19,6,9,19,13,20,5,7,7,b,,,,
1,1,2,1,6,3,5,,6,3,3,1,1,3,,female,18,2,2,3,2,1,1,3,1,1,2,1,3,3,2,3,2,3,3,1,1,2,4,3,3,3,3,3,3,2,3,3,3,2,3,2,3,3,3,2,2,2,2,0,1,0,0,0,0,0,0,0,1,0,0,0,1,0,1,0,1,0,0,0,17,23,30,16,29,5,4,13,1,2,2,b,,,,
1,1,2,1,6,2,1,,1,4,1,2,1,1,,female,18,2,4,4,4,3,3,2,2,0,4,4,2,3,1,2,1,3,2,1,1,1,2,2,2,2,2,2,2,2,2,2,2,2,2,1,1,4,4,6,6,6,6,1,1,1,1,1,1,1,1,1,1,1,1,1,1,1,1,1,1,1,1,1,30,17,20,12,12,21,8,22,7,7,7,b,,,,
1,1,3,1,6,6,2,,1,4,2,2,1,2,,female,18,2,2,2,3,2,2,2,3,1,2,2,3,3,3,4,3,3,3,2,3,3,3,2,3,2,3,3,2,3,3,3,3,1,3,1,1,3,3,3,3,3,3,0,0,0,0,0,0,0,1,0,0,0,0,0,1,0,0,0,0,0,0,1,21,30,27,12,25,3,8,13,0,2,1,b,,,,
1,1,2,1,7,6,"1,6,7",,2,4,3,1,1,2,,female,19,2,3,2,4,2,3,3,2,2,4,2,4,4,3,4,3,3,3,1,1,3,3,4,3,2,2,3,2,2,3,3,4,1,1,2,3,3,2,2,2,2,3,1,1,1,1,0,0,0,0,0,1,1,0,1,1,1,0,1,1,1,1,1,27,29,27,14,29,14,9,18,4,4,6,b,,,,
1,1,2,1,6,5,4,,1,3,3,2,1,2,,male,20,2,2,2,3,3,3,1,3,3,2,1,2,4,1,3,1,3,3,1,1,1,3,2,2,2,1,1,2,2,2,2,3,1,3,1,2,2,3,3,4,4,4,1,1,1,0,0,0,0,0,0,0,0,0,0,0,1,0,1,1,1,1,1,23,20,19,12,22,9,12,11,3,0,6,b,,,,
1,1,2,3,5,1,"2,7",,1,3,3,1,1,2,2,female,20,2,2,2,2,0,2,2,1,1,1,1,4,4,2,3,3,3,3,0,0,2,3,3,3,3,2,4,4,2,3,3,2,3,4,3,4,2,5,2,2,3,6,1,1,1,0,0,0,0,1,0,0,0,0,0,0,1,1,1,1,1,1,1,14,24,30,18,22,11,4,10,3,1,7,b,,,,
3,1,2,1,7,12,6,,2,4,3,1,2,2,,male,19,2,2,2,3,1,2,2,1,1,3,3,3,3,3,3,2,3,3,1,1,2,4,3,3,3,3,4,4,3,3,3,2,3,1,3,1,4,5,4,3,2,5,1,0,1,0,0,0,0,0,1,0,0,1,0,0,0,0,1,1,0,1,1,20,24,33,14,21,8,5,15,2,2,4,b,,,,
3,1,2,1,6,12,5,,1,4,2,2,1,2,,female,18,2,3,2,3,1,2,2,1,1,2,2,3,3,2,3,3,3,3,1,2,2,3,3,3,3,2,3,3,3,3,3,1,1,3,2,2,1,4,5,2,3,4,1,0,0,0,1,1,0,0,0,0,0,1,1,0,0,1,0,0,0,0,1,19,25,29,10,22,7,5,14,3,2,2,b,,,,
3,1,2,1,6,12,6,,1,3,4,1,1,3,,female,18,2,2,2,3,2,2,2,2,1,3,2,3,3,3,4,2,3,3,1,2,3,3,2,3,3,3,4,3,2,3,4,2,2,2,2,2,3,3,3,3,4,4,1,0,0,0,0,0,0,0,0,1,1,1,1,0,1,0,1,1,1,1,1,21,27,30,13,23,11,7,14,1,4,6,b,,,,
3,1,2,1,7,12,6,,1,2,3,1,1,2,,female,19,2,2,2,3,2,1,1,1,1,2,2,3,3,2,3,1,2,3,0,1,1,3,2,3,2,2,3,2,2,2,3,1,2,1,2,1,3,1,2,2,5,6,1,0,0,1,0,0,0,0,1,0,1,0,0,0,1,0,1,1,1,1,1,17,19,24,10,24,10,5,12,2,2,6,b,,,,
3,1,2,4,6,3,1,,1,1,2,2,1,1,3,female,21,2,0,1,3,3,2,2,2,3,2,3,3,2,1,2,0,2,2,1,0,0,3,2,3,1,2,3,2,3,3,2,0,1,1,0,1,1,3,2,3,5,5,1,0,0,0,0,0,0,0,0,1,0,1,1,1,0,0,1,1,1,1,1,21,13,24,4,22,10,10,11,1,4,5,b,,,,
3,1,1,1,6,12,6,,1,3,2,1,1,3,,female,18,2,1,1,3,1,1,2,1,2,1,2,3,2,2,4,0,2,3,1,1,2,4,3,2,2,3,4,3,3,4,3,1,4,3,3,4,4,2,2,1,3,2,1,0,0,0,0,0,0,0,0,0,0,0,0,0,1,0,1,1,1,1,1,15,20,31,19,30,7,5,10,1,0,6,b,,,,
3,1,1,5,6,12,6,,2,3,2,2,1,2,4,male,22,2,2,2,4,2,2,2,3,2,1,1,3,2,2,3,1,2,3,0,1,1,4,3,3,3,3,4,3,3,2,3,0,1,0,0,0,2,3,6,5,4,7,1,0,1,0,0,0,0,1,1,0,0,0,0,0,0,0,1,1,1,1,1,21,18,31,3,15,9,9,12,2,2,5,b,,,,
3,1,2,2,5,3,1,,1,3,4,1,2,2,3,female,19,2,2,2,3,2,3,3,2,2,1,0,3,3,1,3,1,2,3,0,1,1,3,2,3,3,3,3,3,2,3,4,2,3,3,1,2,3,3,3,3,5,7,1,0,1,0,0,0,0,0,0,0,0,0,0,1,1,0,0,1,1,1,0,20,18,29,14,19,7,9,11,2,1,4,b,,,,
3,1,2,3,6,8,6,,2,3,3,1,1,3,3,male,20,2,2,2,2,1,2,2,2,2,2,2,3,3,2,2,1,3,3,1,1,1,3,3,3,2,2,3,3,3,3,3,3,2,3,2,1,3,3,4,3,5,5,1,0,0,0,0,0,0,0,0,0,0,1,0,1,1,0,1,1,1,1,1,19,20,28,14,20,9,7,12,1,2,6,b,,,,
3,1,1,2,4,8,6,,2,3,3,2,3,2,2,female,19,2,2,3,2,1,2,2,3,2,2,1,3,3,2,3,2,3,3,1,1,2,3,3,2,3,3,3,2,2,2,3,0,1,1,1,1,1,3,3,3,3,5,1,0,0,1,0,0,0,0,0,1,0,0,1,0,1,0,0,0,1,1,1,20,23,26,5,23,8,8,12,2,2,4,b,,,,
3,1,1,1,7,12,5,,1,4,3,1,1,2,,female,18,2,3,3,4,0,2,1,2,3,3,4,3,3,1,3,1,2,2,0,0,0,3,3,2,3,3,3,4,3,2,2,3,1,3,1,2,1,5,5,5,6,7,1,0,0,0,0,0,0,0,0,0,0,0,0,0,0,0,1,1,1,1,1,25,15,28,11,12,6,7,18,1,0,5,b,,,,
3,1,2,1,6,12,"1,6",,2,3,3,1,1,2,,female,19,2,3,1,3,1,2,2,2,3,2,3,3,4,2,3,2,3,3,1,2,2,3,3,3,3,3,3,3,2,3,3,3,1,3,2,2,3,2,2,2,1,2,1,0,0,0,0,0,0,0,0,0,0,0,1,1,1,1,1,1,1,1,1,22,25,29,14,31,10,8,14,1,2,7,b,,,,
3,1,1,1,6,1,5,,2,2,2,2,1,2,,female,18,2,3,3,3,1,1,3,1,1,3,3,3,2,1,2,1,3,2,1,2,1,3,3,2,3,2,3,2,3,2,3,1,0,1,1,2,1,3,3,3,4,4,1,1,1,0,1,1,1,1,1,1,1,1,1,1,0,1,1,0,1,0,1,22,18,26,6,23,17,4,18,6,7,4,b,,,,
3,1,1,1,7,12,8,Latina,2,3,2,2,1,2,,female,18,2,2,2,4,2,1,3,0,0,3,4,2,2,1,3,1,3,4,1,0,0,2,2,2,2,2,3,3,2,2,2,2,1,2,1,1,3,7,6,5,6,6,1,0,1,0,0,0,0,1,1,1,1,1,1,1,1,1,0,1,1,1,1,21,17,22,10,10,15,3,18,2,7,6,b,,,,
3,1,2,1,6,3,1,,2,3,3,1,1,2,,female,18,2,3,2,3,1,1,3,3,2,3,3,3,3,2,3,3,4,3,1,3,1,3,3,4,3,2,3,2,2,2,3,3,2,3,1,1,3,3,3,3,3,2,1,1,1,0,1,1,1,0,1,0,0,0,1,1,1,1,0,1,0,0,1,24,26,27,13,26,13,7,17,6,3,4,b,,,,
3,1,1,4,6,2,6,,2,3,3,1,1,2,3,female,21,2,3,2,4,1,1,0,1,1,2,2,4,4,3,4,3,4,4,3,1,2,3,2,3,2,2,4,2,2,2,3,4,3,4,4,4,4,2,2,2,2,5,1,1,0,0,1,0,1,0,0,0,1,1,1,1,0,0,0,0,0,1,0,17,32,25,23,27,9,4,13,4,4,1,b,,,,
3,1,1,4,6,8,1,,1,3,2,2,1,2,3,female,21,2,1,1,2,2,2,1,2,3,2,2,3,3,2,3,2,3,3,1,1,2,3,3,2,2,2,2,3,2,2,3,3,3,2,2,1,4,3,3,3,3,3,0,0,0,0,0,0,0,0,0,0,0,0,0,0,1,0,0,1,1,1,0,18,23,24,15,25,4,9,9,0,0,4,b,,,,
3,1,2,1,6,12,5,,1,4,3,1,1,2,,female,18,2,1,1,2,2,1,2,1,1,3,2,3,3,2,2,1,3,2,1,1,2,4,2,4,2,2,3,2,3,3,3,3,2,2,1,1,1,1,1,1,1,1,0,0,0,0,0,0,0,0,0,0,0,0,0,0,1,0,1,1,1,1,0,16,20,28,10,35,5,5,11,0,0,5,b,,,,
3,1,2,3,6,3,6,,2,3,3,1,3,3,3,female,20,2,1,1,2,1,5,1,1,2,2,2,4,4,3,3,3,4,4,2,3,3,4,3,4,4,4,4,4,3,4,4,3,2,2,1,1,3,1,1,1,1,1,0,0,0,0,0,0,0,0,0,0,0,0,0,0,0,0,1,1,0,0,0,18,33,38,12,35,2,9,9,0,0,2,b,,,,
3,1,2,3,6,7,1,,1,3,3,2,1,2,4,female,21,2,2,1,2,1,1,1,1,1,2,2,3,3,2,3,2,3,3,1,2,1,3,3,3,2,3,3,3,2,3,3,1,1,2,3,2,1,2,1,1,4,3,0,0,0,0,0,0,0,0,0,0,0,0,0,0,1,1,0,0,0,0,0,14,23,28,10,29,2,4,10,0,0,2,b,,,,
3,1,2,2,3,8,1,,1,2,3,1,2,4,4,female,19,2,4,2,2,2,3,2,3,3,4,0,2,2,1,2,0,1,1,3,1,1,3,1,3,1,2,3,1,3,2,3,4,0,0,0,0,2,6,6,6,6,6,1,0,0,0,0,0,0,0,0,0,0,0,0,0,0,0,1,1,1,0,1,25,14,22,6,10,5,11,14,1,0,4,b,,,,
3,"1,5",2,2,7,3,1,,1,3,3,1,1,3,4,female,20,2,2,2,1,1,1,2,1,2,1,1,4,4,3,4,2,3,4,1,2,2,4,3,4,3,3,4,3,2,3,3,1,2,3,3,2,3,2,2,2,3,3,1,1,1,1,0,0,0,0,0,1,0,0,0,0,1,0,1,1,1,0,1,14,29,32,14,28,10,5,9,4,1,5,b,,,,
3,1,1,1,6,12,5,,1,4,2,2,1,2,,female,18,2,3,3,4,2,4,1,2,2,2,3,2,3,1,2,1,4,2,0,2,2,2,3,3,2,2,2,2,4,3,2,2,2,4,2,1,2,4,4,4,4,4,1,1,1,1,1,1,0,1,0,1,0,1,1,1,0,1,1,0,0,0,0,26,19,25,13,20,13,10,16,6,5,2,b,,,,
3,1,2,1,7,12,6,,2,3,3,1,1,2,,male,19,2,2,2,2,1,1,1,2,2,1,2,4,4,3,3,1,3,4,2,2,2,3,3,3,3,3,3,3,3,3,3,3,2,3,2,3,3,3,3,2,3,5,0,0,0,0,0,0,0,0,0,0,0,0,0,0,1,0,0,0,1,0,0,16,28,30,16,24,2,6,10,0,0,2,b,,,,
3,1,2,5,7,14,1,,1,3,3,2,1,2,4,male,23,2,2,2,4,1,2,2,1,2,2,2,2,2,0,3,1,2,2,0,1,1,3,2,3,3,3,3,4,3,3,3,1,1,1,1,1,2,4,3,4,3,7,1,1,1,0,0,0,0,1,1,1,0,0,1,1,0,1,1,1,1,0,1,20,14,30,7,19,13,6,14,3,5,5,b,,,,
3,6,2,3,5,2,6,,2,4,3,1,1,2,3,female,20,2,1,3,2,2,1,3,1,2,1,3,3,3,2,3,2,2,3,1,2,2,3,2,2,3,3,3,2,2,3,3,1,3,2,2,2,3,3,3,2,3,2,1,0,0,1,0,0,1,1,1,0,0,1,1,1,1,0,0,1,1,0,0,19,23,26,13,27,11,6,13,3,5,3,b,,,,
3,1,2,1,7,12,6,,1,4,2,2,1,2,,female,18,2,2,2,3,1,2,2,1,1,2,1,4,3,3,3,2,3,3,3,2,1,4,3,3,4,3,3,3,3,3,3,1,2,3,3,3,2,1,1,2,2,2,1,0,1,0,1,1,0,1,0,0,0,0,0,0,0,0,1,1,1,1,1,17,27,32,14,32,10,5,12,4,1,5,b,,,,
3,1,2,1,6,3,8,Hispanic,1,3,2,2,1,3,,female,18,2,3,2,2,3,3,3,2,2,0,0,4,4,2,4,2,3,3,1,1,2,4,3,3,3,3,4,4,4,4,4,3,4,3,2,3,4,2,2,3,2,5,1,0,0,0,1,0,0,1,0,0,0,0,0,0,1,1,1,1,1,1,1,20,26,36,19,26,10,10,10,2,1,7,b,,,,
3,1,2,2,6,3,1,,1,3,2,2,1,2,3,female,19,2,2,3,3,2,3,2,2,4,2,2,3,3,1,3,2,2,1,1,1,1,3,3,3,2,3,3,3,3,3,3,1,1,1,1,3,3,3,5,6,6,7,0,1,1,1,0,1,0,0,0,1,0,0,0,0,0,1,1,1,1,0,0,25,18,29,10,13,9,11,14,4,1,4,b,,,,
3,1,2,1,6,8,6,,1,4,2,2,1,2,,female,19,2,2,2,3,2,2,3,2,2,3,3,4,4,3,3,3,4,4,2,2,2,3,3,3,3,2,3,3,3,3,3,2,1,3,2,2,2,2,2,2,2,2,0,0,0,0,0,0,0,0,0,0,0,1,1,1,0,0,0,0,0,0,0,24,31,29,12,30,3,8,16,0,3,0,b,,,,
3,1,2,1,8,3,2,,1,1,2,2,3,2,,female,18,2,3,4,4,3,3,4,3,3,3,4,3,3,2,3,1,2,2,1,1,1,3,2,3,3,3,3,3,3,3,3,1,1,1,0,1,1,5,5,5,5,6,1,0,0,0,0,0,0,1,1,0,1,1,0,1,1,1,1,1,1,1,1,34,19,29,5,14,13,12,22,1,5,7,b,,,,
3,1,1,1,6,12,6,,1,3,3,1,1,3,,female,18,2,2,2,4,2,3,0,2,0,2,0,3,3,2,3,3,2,3,1,1,1,4,3,4,3,3,4,2,3,4,4,2,4,1,3,3,3,3,3,3,2,5,1,0,0,0,0,0,1,0,0,0,0,0,0,0,1,0,1,1,1,1,1,17,22,34,16,24,8,7,10,2,0,6,b,,,,
3,1,2,3,7,3,6,,1,3,3,2,1,2,4,female,20,2,3,2,3,2,2,1,1,2,3,1,3,3,2,3,2,2,2,1,1,1,3,2,3,3,2,3,2,3,3,3,1,3,2,3,3,2,5,3,3,3,5,1,0,1,0,1,1,0,1,1,1,1,0,1,1,0,1,1,1,1,1,1,20,20,27,14,21,16,7,13,4,6,6,b,,,,
3,1,2,3,6,8,6,,1,4,3,1,1,2,2,female,21,2,2,3,3,2,2,1,2,2,2,1,4,4,3,3,3,3,3,3,2,2,3,2,3,3,3,3,3,3,3,3,3,1,1,3,3,3,4,4,2,4,6,1,0,0,0,0,0,0,0,0,0,0,0,0,0,1,0,1,1,1,0,0,20,30,29,14,20,5,8,12,1,0,4,b,,,,
3,1,2,1,7,12,6,,3,4,2,2,3,2,,female,18,1,3,4,4,2,3,1,2,2,3,3,3,3,2,3,1,3,3,1,2,2,3,3,2,3,3,3,4,2,3,2,2,1,3,2,2,2,2,3,2,3,4,0,0,0,0,0,0,0,1,1,1,1,1,1,1,1,1,0,1,1,0,1,27,23,28,12,26,12,9,18,0,7,5,b,,,,
3,1,2,1,8,12,1,,1,3,3,2,1,1,,female,18,2,2,3,3,2,1,2,2,1,3,2,3,3,2,3,2,3,3,0,0,0,3,3,3,3,3,3,3,3,3,3,2,3,3,3,2,3,6,3,3,4,6,0,0,0,0,1,1,0,1,1,0,0,0,0,0,0,1,0,0,0,0,0,21,19,30,16,18,5,6,15,2,2,1,b,,,,
3,1,2,1,8,5,1,,1,2,2,2,1,2,,female,18,2,2,1,1,1,2,2,2,2,1,0,4,4,3,4,3,3,3,2,2,3,3,3,3,3,3,4,3,3,3,4,1,3,2,2,2,4,2,2,2,2,2,1,0,0,0,0,0,0,0,0,0,1,0,0,0,0,0,0,0,0,0,0,14,31,32,14,30,2,7,7,1,1,0,b,,,,
3,"1,5",2,1,5,8,5,,1,2,2,2,1,1,,female,19,2,2,2,2,2,2,2,2,2,2,2,2,2,2,2,1,3,3,1,1,1,2,3,3,3,3,3,3,3,3,3,2,2,2,2,2,2,4,4,4,4,4,1,0,0,0,1,1,0,0,1,1,1,0,1,0,1,1,0,1,1,0,0,20,18,29,12,20,11,8,12,3,4,4,b,,,,
3,1,2,4,5,3,8,Caribbean ,1,3,3,1,1,2,2,female,21,2,3,3,3,1,1,3,2,1,3,3,3,3,2,3,1,3,3,1,1,2,3,3,3,3,3,3,3,3,3,3,1,1,1,1,2,2,3,3,3,3,5,0,1,1,1,1,1,1,1,0,1,1,1,1,1,1,0,0,0,0,0,0,23,22,30,8,23,13,5,18,6,6,1,b,,,,
3,1,2,1,7,12,6,,2,3,3,2,1,2,,female,18,2,4,3,4,2,2,3,3,3,3,3,3,4,1,2,1,3,3,1,1,2,3,3,2,3,3,3,2,3,4,4,3,4,4,4,0,4,3,3,3,2,1,1,0,1,0,1,1,0,1,0,1,1,1,1,1,1,0,1,1,0,1,1,30,21,30,19,28,15,10,20,4,6,5,b,,,,
3,1,2,2,6,8,6,,2,3,3,2,2,3,3,female,19,2,3,2,4,1,2,4,3,3,2,3,3,3,3,3,2,2,3,0,2,3,3,3,3,3,3,3,3,3,3,3,1,2,2,1,1,1,5,5,4,3,2,1,0,1,0,1,1,1,1,0,1,0,1,1,1,1,0,1,1,1,1,1,27,24,30,8,21,16,9,18,5,5,6,b,,,,
3,1,1,4,4,8,6,,3,3,2,1,1,2,2,male,21,3,3,2,3,2,2,1,1,1,2,3,3,3,2,3,1,3,2,1,1,1,2,2,2,3,4,2,3,2,3,3,3,1,5,2,1,1,4,5,5,5,5,1,0,1,0,0,0,1,1,1,1,1,1,1,1,1,0,1,1,1,1,1,20,20,26,13,16,16,6,14,3,7,6,b,,,,
3,1,2,1,6,12,6,,1,3,3,2,3,3,,male,18,2,0,0,0,2,2,1,1,1,2,1,3,3,3,3,2,3,3,2,2,3,3,3,3,3,3,3,3,3,3,3,1,2,3,2,2,2,5,5,5,5,4,0,1,0,0,0,0,0,0,0,0,0,0,0,0,0,1,0,0,0,0,0,10,27,30,12,16,2,6,4,1,0,1,b,,,,
3,1,3,3,6,3,1,,1,4,2,2,1,2,3,female,20,2,2,3,3,2,2,1,2,2,1,1,3,3,1,3,2,3,3,0,1,1,3,2,3,3,3,3,3,3,3,3,3,1,3,3,2,3,3,2,2,2,3,1,0,0,0,0,0,0,0,0,0,0,0,0,0,1,1,1,1,1,1,1,19,20,29,15,28,8,8,11,1,0,7,b,,,,
3,2,1,2,2,12,6,,2,1,3,2,1,2,3,male,19,2,0,0,1,0,2,0,0,0,0,0,4,4,3,4,3,4,4,3,3,3,4,3,3,4,4,4,4,4,4,4,2,3,4,2,4,3,2,2,2,1,2,0,0,0,0,0,0,0,0,0,0,0,0,0,0,0,1,0,0,0,0,0,3,35,38,18,31,1,2,1,0,0,1,b,,,,
3,1,1,1,6,12,5,,2,3,2,1,1,2,,female,19,1,2,2,3,2,2,3,2,3,2,3,2,2,1,2,1,2,2,1,1,1,2,3,3,2,3,2,2,2,2,3,1,3,1,0,0,1,5,5,5,5,5,1,0,1,1,1,0,0,1,1,1,0,1,1,1,1,1,1,1,1,1,1,24,15,24,6,15,17,9,15,4,6,7,b,,,,
3,"1,7",2,4,6,2,1,,1,4,2,1,2,2,3,female,19,2,3,3,4,3,3,4,2,1,3,4,3,4,1,3,1,2,3,1,1,1,3,3,3,3,2,3,3,2,4,3,4,0,1,1,1,3,4,5,3,3,5,1,1,1,1,1,0,0,1,1,1,1,1,1,1,0,1,1,1,1,1,1,30,20,29,10,20,18,9,21,5,7,6,b,,,,
3,1,2,1,8,12,6,,1,3,2,2,2,1,,male,19,2,1,1,4,2,2,1,1,2,3,1,3,2,2,3,1,2,2,1,1,2,3,2,1,3,2,2,3,3,3,2,3,1,1,1,1,2,6,4,6,7,6,0,0,0,0,0,1,0,0,0,0,0,0,0,1,0,1,1,1,1,1,1,18,19,24,9,11,8,7,11,1,1,6,b,,,,
3,1,1,4,5,3,8,N/A,2,4,2,2,2,2,3,female,21,2,2,2,3,0,1,2,2,2,4,1,4,4,2,3,2,3,3,2,1,1,3,3,3,3,3,4,3,3,3,3,4,2,3,2,3,3,5,5,4,5,6,1,0,0,0,0,0,0,0,0,0,0,0,0,0,1,0,0,0,1,0,1,19,25,31,17,15,4,5,14,1,0,3,b,,,,
3,1,2,1,6,6,6,,2,3,3,1,1,2,,female,18,2,2,3,2,1,1,1,1,1,3,2,4,4,2,4,2,3,3,2,2,2,4,3,3,3,4,4,3,3,4,4,4,1,3,2,3,3,2,3,2,3,3,0,0,0,0,0,1,0,1,1,1,1,1,0,1,1,0,0,0,0,0,0,17,28,35,16,27,8,4,13,1,6,1,b,,,,
3,1,1,2,6,3,6,,1,3,2,2,1,2,2,female,19,2,1,1,3,2,2,1,2,2,2,1,3,3,2,2,2,3,3,1,2,1,3,3,3,2,2,3,3,2,2,2,2,1,1,3,3,4,2,2,2,2,2,1,0,1,1,1,1,0,1,1,1,0,1,0,1,1,0,0,0,0,0,0,17,22,25,14,30,11,8,9,5,5,1,b,,,,
3,1,2,4,6,12,6,,2,3,3,2,1,2,3,female,21,2,1,1,2,1,2,3,1,1,1,1,3,3,2,3,2,3,3,2,2,2,3,2,3,3,3,3,3,3,3,3,3,2,1,2,1,1,4,4,3,5,5,0,1,0,1,1,1,0,0,0,0,0,0,0,0,1,0,1,1,1,0,0,14,25,29,10,19,8,5,9,4,0,4,b,,,,
3,1,2,2,6,3,6,,1,4,3,2,1,3,3,female,19,2,2,0,2,1,1,1,1,1,2,2,4,4,2,3,3,3,3,3,3,3,3,3,3,4,3,3,3,3,3,3,1,1,4,3,3,4,3,2,2,2,2,1,0,0,0,0,0,0,0,0,0,0,0,0,0,0,0,0,0,1,1,1,13,31,31,16,29,4,4,9,1,0,3,b,,,,
3,1,2,2,8,3,6,,2,2,3,2,1,2,3,female,19,2,3,3,4,3,3,3,3,3,2,3,2,2,1,2,1,1,1,0,3,2,2,2,2,1,1,3,2,2,2,2,1,1,1,1,0,2,6,3,5,5,6,1,0,1,1,0,1,0,1,1,1,1,1,1,1,0,1,1,1,1,1,1,30,15,19,6,15,17,12,18,4,7,6,b,,,,
3,1,2,1,7,5,6,,1,4,2,2,1,1,,male,17,2,1,4,2,2,2,1,2,1,0,1,3,3,2,3,2,3,3,1,1,2,3,3,3,3,3,3,3,2,3,3,2,3,3,3,2,2,3,2,2,5,1,1,0,0,0,1,1,0,0,1,0,0,0,0,0,1,0,0,1,0,1,1,16,23,29,15,27,8,7,9,3,1,4,b,,,,
3,1,1,2,6,8,6,,1,3,3,2,2,3,4,female,19,2,2,2,3,2,2,1,2,1,2,0,4,4,3,3,3,3,3,2,3,3,3,3,4,3,3,4,3,3,3,3,2,2,3,1,2,2,2,2,2,2,2,0,0,0,0,1,1,0,0,0,0,0,0,0,0,0,0,0,0,1,0,0,17,31,32,12,30,3,7,10,2,0,1,b,,,,
3,1,2,2,8,3,5,,1,4,3,2,1,2,4,male,19,2,2,0,1,1,2,0,1,2,1,4,4,4,3,3,3,4,3,0,2,3,4,4,3,3,2,4,4,3,3,3,4,4,4,2,1,4,4,3,3,3,5,0,0,0,0,0,0,0,0,0,0,0,0,1,0,1,0,0,1,1,1,1,14,29,33,19,22,6,6,8,0,1,5,b,,,,
3,1,2,3,2,14,1,,1,3,3,2,1,1,4,male,20,2,2,2,2,1,2,2,1,2,2,1,4,4,3,4,3,4,3,2,3,1,3,3,3,3,3,3,3,3,3,3,3,1,3,3,4,4,3,3,3,4,7,0,0,0,0,0,0,0,0,0,0,0,0,0,0,0,0,0,0,0,0,0,17,31,30,18,20,0,6,11,0,0,0,b,,,,
3,1,2,4,6,3,6,,1,4,4,1,2,3,4,female,21,2,2,2,3,2,2,3,1,2,2,2,4,4,3,4,3,4,4,2,2,3,3,2,3,3,3,3,2,2,3,3,2,3,4,3,3,3,2,2,2,2,6,1,1,1,1,1,1,1,1,1,1,1,0,1,1,0,0,1,1,1,1,1,21,33,27,18,26,18,7,14,7,6,5,b,,,,
3,1,2,5,5,14,1,,2,3,3,2,1,3,3,female,22,2,2,1,3,2,1,1,1,1,1,1,3,3,2,2,1,2,3,3,3,3,3,2,3,2,2,4,3,3,3,3,1,1,1,1,1,3,5,5,3,6,3,1,0,1,0,0,0,0,1,0,0,0,0,1,1,0,0,1,1,1,1,1,14,25,28,8,18,10,5,9,2,3,5,b,,,,
3,1,2,3,6,8,1,,2,2,5,1,1,1,4,female,20,1,4,4,4,4,4,4,4,4,1,4,4,4,2,3,2,3,2,2,2,2,3,3,2,3,3,3,4,3,3,2,1,2,3,1,3,2,7,7,7,7,1,1,1,1,1,0,0,0,0,0,0,0,0,1,0,1,1,1,1,1,1,1,37,26,29,12,11,12,16,21,4,1,7,b,,,,
3,1,2,2,7,3,7,,2,3,3,1,1,2,4,female,19,2,1,1,1,1,4,0,1,1,2,0,4,4,3,4,3,4,4,2,3,3,4,3,3,3,3,4,4,3,4,4,2,4,3,2,3,4,3,1,1,1,1,1,0,0,0,0,0,0,1,0,0,0,0,0,0,1,0,1,1,1,1,1,12,34,35,18,33,8,7,5,1,1,6,b,,,,
3,1,2,1,6,8,1,,2,3,3,2,1,2,,male,18,2,1,1,2,1,1,1,1,2,1,0,3,3,2,3,2,3,3,2,2,3,3,2,2,3,3,4,3,3,3,3,3,4,3,3,3,3,3,2,3,4,3,1,0,0,0,0,0,0,0,0,0,0,0,0,0,0,0,1,1,1,1,0,11,26,29,19,25,5,5,6,1,0,4,b,,,,
3,1,1,1,6,6,5,,1,3,3,1,1,1,,female,18,2,2,1,2,1,1,2,2,2,2,1,4,4,3,4,3,3,3,3,3,3,3,3,3,3,3,3,3,3,3,3,3,3,3,3,3,3,3,3,4,3,5,1,0,0,0,0,0,0,0,0,0,0,0,0,0,1,0,1,0,1,1,1,16,33,30,18,22,6,6,10,1,0,5,b,,,,
3,1,2,1,7,6,1,,1,3,2,2,1,2,,female,18,2,3,4,3,2,2,2,2,3,2,3,3,3,1,3,1,3,3,1,1,1,3,2,2,3,3,3,3,3,3,3,2,1,3,1,1,2,5,4,4,4,5,0,1,1,0,0,0,0,1,1,1,1,1,1,1,0,1,0,1,1,0,1,26,20,28,10,18,13,9,17,2,7,4,b,,,,
3,1,2,1,6,8,"2,6",,1,4,2,2,1,2,,female,18,2,2,2,3,2,2,1,1,1,2,1,4,4,2,3,1,2,3,0,0,2,3,4,3,3,3,3,3,3,3,3,3,2,0,3,2,3,6,2,2,3,6,1,0,0,0,0,0,0,1,0,1,1,1,0,1,0,0,1,1,1,1,0,17,21,31,13,21,10,6,11,1,5,4,b,,,,
3,1,2,1,6,12,6,,1,3,3,2,1,2,,female,18,2,2,2,4,2,1,3,1,3,3,3,3,3,2,2,2,3,3,1,1,1,3,2,2,3,3,3,2,2,3,3,1,2,1,2,2,3,3,2,3,3,3,0,0,0,0,0,0,1,0,0,1,0,1,1,1,0,1,1,1,0,1,0,24,21,26,11,26,9,7,17,1,4,4,b,,,,
3,1,2,1,6,8,"4,5",,1,3,3,1,1,1,,female,18,2,4,4,4,2,2,4,2,2,4,4,2,2,0,2,1,2,1,0,0,0,2,2,2,2,2,3,2,2,2,2,3,1,2,1,1,1,7,6,6,5,5,1,0,0,0,0,0,0,1,1,1,1,0,0,0,1,0,1,1,1,1,1,32,10,21,9,11,11,8,24,1,4,6,b,,,,
3,1,2,3,6,2,5,,1,3,2,2,1,3,3,female,20,2,1,1,3,0,0,4,1,2,2,1,4,4,3,3,3,4,4,3,3,3,3,4,3,3,4,3,3,3,3,3,2,3,3,3,4,2,6,5,4,6,4,1,1,1,0,0,0,0,1,1,1,0,0,0,0,1,1,1,0,1,0,1,15,34,32,17,15,11,3,12,3,3,5,b,,,,
3,1,1,1,6,8,1,,1,3,3,2,1,2,,female,18,2,2,3,2,2,1,1,0,2,0,1,3,3,3,3,2,3,3,1,1,1,2,2,3,4,3,3,3,4,4,3,1,2,1,1,1,1,3,4,3,4,4,0,0,0,0,0,0,0,0,0,0,0,0,0,0,0,0,0,0,0,0,0,14,23,31,7,22,0,5,9,0,0,0,b,,,,
3,1,2,3,6,6,"1,6",,1,3,3,2,3,3,4,female,20,2,3,3,3,2,2,3,1,2,2,3,4,4,2,3,2,3,3,2,2,2,3,3,3,4,3,3,3,3,3,3,1,3,4,1,3,3,2,1,1,2,6,1,0,1,1,1,1,0,1,1,1,1,1,1,1,1,0,1,1,1,1,1,24,27,31,15,28,18,7,17,5,7,6,b,,,,
3,1,2,4,6,3,5,,1,3,2,2,1,2,4,male,21,2,1,1,3,1,1,1,1,1,1,2,3,3,3,3,2,3,3,2,2,2,3,3,3,4,3,3,3,3,3,3,4,2,3,3,3,3,3,4,4,6,6,1,0,1,1,0,0,0,0,1,0,1,0,0,0,1,0,1,0,1,0,0,13,26,31,18,17,8,4,9,3,2,3,b,,,,
3,1,2,4,6,8,5,,1,3,3,1,1,2,3,female,22,2,1,3,3,3,3,2,2,2,1,2,3,3,2,2,2,3,2,1,2,2,3,2,3,2,2,3,2,2,3,2,1,2,2,2,2,2,3,3,3,5,5,1,0,1,1,0,0,0,1,1,0,0,0,1,0,1,1,1,1,1,1,1,22,22,24,11,21,13,10,12,3,3,7,b,,,,
3,1,1,1,6,12,1,,2,4,3,2,1,2,,female,19,2,2,2,3,1,1,1,1,1,2,1,4,4,3,3,2,4,3,2,3,3,4,3,3,3,3,3,3,3,3,3,2,3,2,3,4,3,2,2,3,3,4,0,0,0,0,1,0,0,1,0,0,0,0,0,0,0,0,0,0,0,0,0,15,31,31,17,26,2,4,11,1,1,0,b,,,,
3,1,1,4,6,2,7,,2,3,3,1,2,3,3,female,21,2,1,0,2,1,2,3,2,1,1,0,3,3,3,3,1,3,3,2,3,3,3,3,3,4,3,3,3,3,2,3,2,4,3,3,2,2,2,3,2,2,5,1,0,0,0,1,1,0,0,0,0,0,0,0,0,0,0,0,0,1,1,1,13,27,30,16,26,6,6,7,3,0,3,b,,,,
3,1,1,4,5,8,6,,2,4,3,1,1,3,3,female,21,2,1,3,3,2,2,3,2,2,1,3,3,4,1,2,2,3,3,1,1,1,3,1,3,3,2,3,3,3,3,3,1,3,3,1,1,1,3,3,2,2,2,1,0,0,1,1,1,0,0,0,1,0,1,1,1,0,1,1,1,1,0,1,22,21,27,10,28,13,8,14,4,4,5,b,,,,
3,"1,5",2,3,5,3,1,,1,3,3,1,1,2,2,female,20,2,2,3,2,3,2,3,1,2,2,2,4,3,1,3,1,3,2,2,1,2,4,3,3,4,4,3,3,2,2,3,1,2,2,2,2,1,6,5,4,4,5,0,1,1,0,0,1,0,0,0,1,0,0,0,0,1,0,0,1,1,1,1,22,22,31,10,16,9,8,14,3,1,5,b,,,,
3,1,2,5,3,7,6,,1,1,2,2,2,2,3,male,22,2,1,2,3,1,1,2,1,1,2,1,3,3,2,3,2,2,3,0,2,2,3,3,3,4,4,4,4,4,4,3,0,2,1,2,1,2,4,3,3,5,6,1,0,1,0,0,0,0,0,0,0,0,0,0,0,1,0,1,1,1,1,1,15,22,36,8,19,8,4,11,2,0,6,b,,,,
3,1,1,1,6,12,5,,1,2,2,2,1,1,,female,18,2,4,4,4,2,2,1,3,4,4,4,2,2,0,2,0,2,2,0,0,0,2,2,2,2,1,2,1,2,2,2,4,0,1,0,0,1,7,7,7,7,7,1,1,1,1,1,1,1,1,1,1,1,1,1,1,1,1,1,1,1,1,1,32,10,18,6,5,21,11,21,7,7,7,b,,,,
3,1,2,1,6,3,1,,1,3,2,1,1,1,,male,18,2,1,2,3,2,2,1,3,4,1,3,3,3,2,2,2,4,3,2,2,2,3,3,2,3,3,2,3,3,3,3,3,1,2,2,2,3,4,2,3,3,4,1,0,1,1,0,0,0,1,0,0,0,0,1,0,1,1,1,1,1,0,0,22,25,28,13,24,10,11,11,3,2,5,b,,,,
3,1,2,5,6,12,1,,2,2,2,2,1,2,4,female,22,1,3,4,4,2,2,4,2,3,3,4,2,2,1,3,2,1,2,1,1,0,3,2,3,2,3,3,3,3,3,3,4,0,0,0,0,0,6,6,6,6,6,1,1,1,1,1,1,1,1,1,1,1,1,1,1,0,1,1,1,1,1,1,31,15,28,4,10,20,9,22,7,7,6,b,,,,
3,1,2,1,6,7,2,,1,3,3,1,2,2,,female,38,2,1,0,1,1,1,3,1,1,0,0,4,4,3,4,3,4,4,3,3,3,4,4,4,4,4,4,4,4,4,4,2,2,4,4,4,4,1,2,1,1,2,1,0,0,0,0,0,0,0,0,0,0,0,0,0,1,0,1,1,1,1,1,9,35,40,20,33,7,4,5,1,0,6,b,,,,
3,1,2,1,7,12,6,,2,3,3,1,2,3,,male,18,2,2,3,3,2,2,3,1,2,3,1,3,3,2,4,1,3,3,0,1,2,2,3,3,3,3,2,1,3,3,2,3,3,3,3,2,3,2,3,3,2,5,0,0,1,1,0,0,0,0,0,0,0,0,0,1,1,0,0,1,0,0,0,22,22,25,17,25,5,7,15,2,1,2,b,,,,
3,"1,7",2,1,7,12,6,,1,2,2,2,1,2,,female,19,1,3,3,3,2,1,3,3,2,3,3,2,3,2,2,2,2,2,0,0,1,3,2,3,2,3,3,2,3,3,2,1,3,1,0,0,0,6,5,7,6,7,1,0,1,1,1,1,0,1,1,1,0,0,1,0,1,1,0,1,1,0,1,26,16,26,5,9,14,8,18,5,4,5,b,,,,
3,1,1,1,6,12,7,,2,4,3,1,2,2,,female,18,2,2,2,2,2,2,2,2,2,1,1,3,3,1,2,2,3,2,1,1,1,3,2,3,3,3,3,3,3,3,3,3,1,3,1,1,2,3,4,3,4,4,1,0,0,0,0,0,1,0,0,0,0,0,0,0,0,0,0,0,1,1,1,18,19,29,11,22,5,8,10,2,0,3,b,,,,
3,1,2,1,6,12,5,,1,3,2,2,1,2,,female,19,2,1,1,3,2,3,1,3,2,2,2,2,2,2,3,1,2,2,1,1,1,3,2,4,2,3,3,2,3,3,3,1,1,2,1,1,2,5,4,4,5,6,1,0,1,1,1,1,0,1,0,1,1,1,1,1,1,0,1,0,1,1,0,20,17,28,8,16,15,10,10,5,6,4,b,,,,
3,1,2,3,6,12,6,,1,3,3,1,2,3,3,female,20,2,1,1,3,1,2,1,2,1,2,1,4,3,3,3,3,3,3,2,3,3,4,3,3,3,3,3,4,3,3,3,3,3,3,3,1,1,3,3,3,3,4,0,1,0,0,0,0,0,0,0,0,0,0,0,0,0,0,1,1,1,1,1,15,30,32,14,24,6,6,9,1,0,5,b,,,,
3,2,2,4,2,8,8,West Indian,1,3,3,2,2,3,3,male,39,2,0,0,0,0,0,0,0,0,0,0,4,4,3,4,3,4,4,3,3,3,4,3,4,4,4,4,4,4,4,4,2,2,4,3,4,4,2,2,2,1,1,1,0,0,0,0,0,0,0,0,0,0,0,0,0,1,0,1,1,1,1,1,0,35,39,19,32,7,0,0,1,0,6,b,,,,
3,1,2,2,7,8,7,,2,1,2,2,1,2,3,female,19,2,2,3,3,3,3,3,2,3,2,3,2,2,2,2,2,2,2,1,1,1,3,3,3,3,3,3,3,3,3,3,1,1,1,1,1,1,6,6,6,6,6,1,0,0,0,0,0,0,1,0,1,0,1,1,1,1,0,1,1,1,1,1,27,17,30,6,10,12,11,16,1,5,6,b,,,,
3,1,1,1,6,12,5,,1,3,2,1,2,4,,female,18,2,3,4,4,0,3,3,1,3,4,4,3,3,1,2,1,2,3,0,1,3,4,3,2,4,3,4,4,3,4,4,0,1,4,0,3,2,6,4,5,3,6,0,1,1,1,1,1,1,1,0,1,1,1,1,1,0,1,1,1,1,1,0,29,19,35,10,16,17,7,22,6,6,5,b,,,,
3,1,2,2,6,12,6,,3,4,2,2,3,3,3,female,19,2,2,1,3,2,1,1,2,1,2,1,4,4,2,4,3,3,3,3,3,3,4,3,3,2,2,3,3,3,3,3,3,3,1,3,3,3,3,3,2,2,2,1,0,0,0,1,1,0,0,0,0,0,0,0,0,1,0,1,1,1,1,1,16,32,29,16,28,9,6,10,3,0,6,b,,,,
3,1,1,1,6,8,5,,1,3,3,1,1,1,,female,18,2,2,2,3,2,2,3,1,3,1,1,3,3,2,3,2,3,3,1,1,2,3,3,2,3,3,3,3,3,3,3,2,3,1,3,3,2,3,4,3,5,4,0,1,0,0,0,0,0,0,0,0,0,0,0,0,0,1,0,0,0,0,0,20,23,29,14,21,2,8,12,1,0,1,b,,,,
3,1,2,2,6,3,1,,2,3,2,2,1,1,3,female,20,2,2,2,2,2,2,2,2,2,2,2,4,4,0,4,0,4,4,0,0,0,3,3,3,3,2,3,3,3,3,3,1,1,3,1,2,3,3,2,3,3,3,1,1,1,1,0,0,0,0,1,1,1,0,0,0,0,0,1,1,1,1,1,20,20,29,11,26,12,8,12,4,3,5,b,,,,
3,1,2,1,5,13,7,,2,3,3,1,1,2,,male,18,2,1,2,1,1,0,1,1,2,1,0,4,4,3,4,3,4,4,2,3,3,4,3,3,4,4,4,3,3,3,3,4,0,4,3,4,4,2,2,3,2,2,1,1,1,0,1,0,0,0,0,0,0,0,0,0,1,1,1,1,1,1,1,10,34,34,19,29,11,4,6,4,0,7,b,,,,
3,1,2,3,6,8,4,,1,2,3,1,1,2,3,male,20,3,3,2,2,2,2,1,3,3,0,2,3,4,1,3,2,3,2,0,2,1,3,2,2,3,3,4,3,3,3,4,2,3,3,2,3,2,5,5,5,5,6,1,1,1,1,0,0,0,1,0,0,0,0,1,1,1,0,0,1,1,1,1,20,21,30,15,14,12,10,10,4,3,5,b,,,,
3,1,1,3,6,3,5,,1,4,2,2,1,3,3,female,21,2,3,3,3,2,2,3,2,2,2,2,4,4,2,3,3,2,2,2,2,2,3,3,3,3,3,3,3,3,3,3,3,1,3,1,1,3,4,4,4,4,3,0,0,0,0,1,1,1,1,1,1,1,1,1,1,0,1,0,0,0,0,0,24,26,30,12,21,11,8,16,3,7,1,b,,,,
3,1,2,1,7,5,1,,1,1,3,2,1,3,,female,18,2,2,2,3,2,3,2,2,1,1,2,4,4,2,3,2,3,4,3,2,2,4,3,4,3,2,4,3,2,2,2,4,2,3,3,3,3,2,2,1,1,2,1,1,1,0,0,1,0,0,1,1,0,0,1,0,1,1,1,1,1,1,1,20,29,29,18,32,14,8,12,4,3,7,b,,,,
3,1,2,2,6,8,6,,1,3,3,2,1,2,3,female,19,2,3,3,4,1,3,2,3,2,3,3,2,3,2,2,1,1,2,0,1,1,3,2,2,3,3,2,3,3,3,3,1,1,1,1,1,1,5,7,4,5,6,0,0,1,0,1,0,0,0,0,1,0,0,1,1,0,1,1,1,1,0,1,27,15,27,6,13,10,9,18,2,3,5,b,,,,
3,1,2,1,6,8,1,,1,3,2,2,1,2,,male,18,2,2,3,2,2,3,2,3,3,1,2,2,2,1,2,1,2,2,0,1,1,3,3,2,2,2,3,3,2,3,3,2,1,2,1,1,2,6,2,4,4,7,1,0,0,0,0,0,0,0,0,0,0,0,0,0,1,0,1,1,1,1,1,23,14,26,9,17,7,11,12,1,0,6,b,,,,
3,"1,5",2,3,6,1,4,,2,1,2,1,2,2,3,male,20,2,2,2,1,1,2,1,1,2,1,1,3,3,2,2,1,2,2,1,1,2,3,3,2,3,3,4,4,3,3,2,3,2,2,1,3,2,5,4,5,6,3,0,0,0,1,1,0,0,0,1,0,0,0,0,1,0,0,0,0,1,0,1,14,19,30,13,17,6,6,8,2,2,2,b,,,,
3,1,2,1,6,14,6,,1,3,3,2,1,1,,female,18,2,2,2,3,1,1,3,2,3,2,2,3,3,2,3,2,3,2,0,1,1,3,2,3,4,3,3,2,1,3,4,0,1,3,2,0,2,5,2,3,4,2,1,0,0,1,0,0,1,0,1,0,0,1,0,0,1,1,0,0,1,0,0,21,20,28,8,24,8,7,14,3,2,3,b,,,,
3,1,2,3,6,12,6,,2,3,3,2,1,3,4,female,21,2,2,1,3,2,1,1,2,1,2,3,4,4,2,3,2,3,3,1,1,1,3,3,4,3,2,3,2,4,3,3,1,3,3,4,4,3,2,1,1,1,2,1,0,0,0,0,0,0,0,0,0,0,0,0,0,0,0,0,1,1,1,1,18,24,30,18,33,5,6,12,1,0,4,b,,,,
3,1,2,2,6,3,"1,5",,1,3,3,1,1,2,3,female,19,2,2,3,3,2,3,3,2,3,2,2,3,3,2,3,1,3,3,2,1,1,3,2,2,3,3,3,3,2,3,3,1,2,1,1,1,1,4,5,3,5,5,1,1,1,1,0,0,1,0,0,1,0,1,1,1,1,1,1,1,1,1,1,25,22,27,7,18,16,10,15,5,4,7,b,,,,
3,"1,3,5",2,2,7,3,1,,1,3,2,1,1,2,4,female,19,2,2,2,3,2,2,2,2,3,3,2,2,2,1,2,1,2,2,0,0,0,3,3,2,3,3,3,3,3,3,3,4,1,0,0,1,2,4,4,4,5,4,1,0,1,0,0,0,1,0,0,1,0,1,1,1,1,0,1,1,1,1,1,23,12,29,8,19,13,9,14,3,4,6,b,,,,
3,1,2,4,6,4,6,,1,3,3,2,1,2,4,female,22,2,2,4,4,2,2,4,2,2,1,4,3,3,1,3,2,2,2,1,1,1,3,3,2,2,2,3,2,3,3,3,3,4,4,2,2,3,6,5,3,3,7,1,0,1,1,1,1,0,0,1,1,0,0,1,0,0,0,1,1,1,1,1,27,19,26,18,16,13,8,19,5,3,5,b,,,,
3,1,2,1,8,5,1,,1,3,2,2,1,2,,female,18,2,2,3,4,1,2,3,1,2,2,3,3,3,2,3,2,2,3,0,1,1,3,2,4,3,3,3,3,3,3,3,4,2,3,2,2,3,3,2,3,3,5,1,0,1,0,0,1,0,1,0,1,0,0,0,0,0,1,1,1,1,0,1,23,20,30,16,24,10,6,17,3,2,5,b,,,,
3,1,2,4,3,5,6,,2,3,3,2,2,2,4,female,21,2,3,3,3,2,3,2,3,2,3,3,2,3,2,3,1,2,2,1,1,1,2,2,2,2,2,2,2,3,3,2,1,3,2,2,3,1,6,6,6,6,7,1,1,1,0,0,0,1,1,1,1,0,1,1,1,0,1,1,1,1,1,1,27,18,22,12,9,16,10,17,4,6,6,b,,,,
3,1,2,3,6,8,1,,1,3,3,2,1,3,4,female,23,2,3,2,2,1,1,3,1,2,2,2,3,4,2,3,2,3,3,1,0,1,4,3,3,4,3,4,4,3,3,4,0,2,4,3,2,4,2,2,2,2,6,1,1,0,1,0,1,0,0,1,1,0,0,0,0,1,0,1,1,1,1,1,19,22,35,15,26,12,5,14,4,2,6,b,,,,
3,1,1,4,6,2,1,,2,4,3,2,2,2,4,female,32,2,1,2,2,1,1,2,2,1,0,0,3,3,2,3,2,3,3,1,3,3,4,3,3,4,4,3,4,3,3,4,3,2,4,2,1,2,3,2,3,3,2,1,0,1,1,1,1,0,0,1,1,1,1,1,1,1,1,1,1,1,1,1,12,26,35,14,27,18,5,7,5,6,7,b,,,,
3,1,1,3,4,3,"1,6",,1,3,2,2,1,2,3,female,23,1,2,4,2,2,2,3,0,2,2,2,2,3,2,4,1,2,4,1,0,0,3,3,4,3,3,3,4,2,3,3,3,3,1,3,1,1,5,6,4,4,3,1,0,1,1,1,1,0,1,1,1,1,1,1,1,1,1,1,0,0,0,0,21,19,31,12,18,15,6,15,5,7,3,b,,,,
3,1,2,1,7,12,6,,2,1,4,1,2,3,,female,18,2,1,1,3,1,1,1,1,1,1,0,3,3,2,3,2,3,3,2,1,2,3,3,3,3,3,3,3,3,3,3,0,2,3,3,3,2,5,4,5,5,3,1,0,0,0,0,0,0,0,0,0,0,0,0,0,1,0,1,1,1,1,1,11,24,30,13,18,7,4,7,1,0,6,b,,,,
3,1,2,4,7,3,6,,1,3,1,2,1,3,4,female,21,1,4,4,4,2,3,2,2,3,4,2,3,3,1,3,2,2,2,1,1,1,4,3,3,4,4,3,4,3,3,2,1,2,2,1,2,1,3,4,4,7,6,1,0,1,1,1,1,0,0,0,1,1,1,1,1,0,1,0,1,0,0,1,30,19,33,9,16,13,10,20,5,5,3,b,,,,
3,1,2,1,6,12,"4,6",,1,4,3,1,1,2,,female,18,2,3,3,3,1,2,4,2,2,2,3,3,3,3,4,3,3,3,1,3,3,3,3,3,3,4,4,2,2,3,3,2,1,3,1,2,3,2,1,1,1,4,1,0,0,1,1,1,0,1,0,0,1,1,1,0,0,1,1,0,0,0,0,25,29,30,12,31,10,7,18,4,4,2,b,,,,
3,1,1,3,6,2,6,,1,4,3,1,2,1,3,female,20,1,2,2,2,1,1,1,2,1,1,1,3,3,2,3,2,3,3,1,2,2,3,3,3,2,3,3,3,3,3,3,2,1,2,2,2,3,3,3,3,3,4,1,0,0,0,0,0,0,0,0,0,0,0,0,0,1,0,1,0,1,1,1,14,24,29,12,24,6,5,9,1,0,5,b,,,,
3,1,3,1,6,8,5,,1,3,3,1,2,3,,male,18,2,1,0,2,1,1,1,1,2,2,1,4,3,1,3,2,3,3,0,1,1,4,3,3,3,3,4,4,4,3,4,2,1,3,2,3,2,2,1,2,2,1,0,0,0,0,0,0,0,0,0,0,0,0,0,0,0,1,0,0,0,0,0,12,21,35,13,32,1,5,7,0,0,1,b,,,,
3,1,2,1,7,12,6,,1,3,3,1,1,3,,female,19,2,2,1,3,2,2,3,2,2,2,2,3,2,2,2,1,2,2,1,1,2,3,2,3,3,3,3,2,2,3,3,3,1,2,1,2,2,3,3,3,2,3,0,0,0,0,0,0,0,0,1,0,0,0,0,0,0,0,1,1,1,1,1,21,18,27,11,26,6,8,13,0,1,5,b,,,,
3,1,2,1,6,3,5,,1,2,2,2,1,1,,female,18,2,2,3,4,3,3,2,2,4,4,4,2,2,1,2,1,2,2,0,1,1,2,3,2,1,2,3,2,2,3,2,3,4,1,4,4,1,2,3,3,5,6,1,1,1,1,1,1,0,1,1,1,1,1,1,1,1,1,1,1,1,1,1,31,14,22,17,21,20,12,19,6,7,7,b,,,,
3,1,3,4,5,8,5,,1,3,3,1,1,3,4,female,21,2,2,3,3,3,2,3,3,4,2,3,3,3,2,3,3,3,3,0,1,1,3,2,3,3,4,4,3,3,3,3,2,1,3,3,1,3,4,3,5,6,4,1,0,0,0,0,0,0,0,0,0,0,0,0,0,1,1,1,1,1,1,1,28,22,31,13,18,8,12,16,1,0,7,b,,,,
3,1,2,1,6,12,"1,5",,1,2,2,2,1,1,,male,18,2,3,3,3,2,3,2,2,3,2,3,3,3,2,3,1,3,2,0,1,1,3,3,2,2,2,3,2,3,3,3,1,2,1,1,1,1,2,3,3,3,7,1,1,1,1,0,0,0,1,1,1,1,1,1,1,1,1,1,1,1,1,1,26,19,26,7,22,18,10,16,4,7,7,b,,,,
3,1,2,4,2,12,1,,1,4,3,2,2,2,4,female,21,2,2,2,3,2,2,2,1,3,1,2,3,3,2,3,2,2,2,1,1,1,3,2,2,2,2,4,2,3,3,3,1,2,1,1,1,2,7,4,5,5,4,1,0,0,0,0,0,0,0,0,1,0,0,1,0,0,0,1,1,1,1,1,20,20,26,8,15,8,8,12,1,2,5,b,,,,
2,1,2,1,6,6,"4,7",,1,2,2,2,2,4,,male,18,2,1,2,4,2,2,2,1,3,3,2,4,3,3,4,3,3,1,2,2,1,4,3,2,2,2,4,2,3,3,4,,,,,,,7,2,6,6,5,0,0,0,0,0,0,0,1,0,1,1,1,1,1,1,0,1,1,1,1,1,22,26,29,NA,14,12,8,14,0,6,6,a,,,,
2,1,2,1,6,8,6,,1,3,2,2,1,1,,female,18,2,2,1,3,2,1,3,0,1,3,3,4,3,2,3,2,3,3,1,1,1,2,3,2,2,2,3,2,2,3,3,,,,,,,5,6,5,5,6,1,1,1,0,1,0,0,0,0,1,1,1,1,0,1,1,0,0,1,1,0,19,23,24,NA,13,12,4,15,4,4,4,a,,,,
2,1,2,1,6,1,6,,1,4,3,2,2,2,,female,18,2,4,3,4,2,2,3,2,3,3,4,4,4,2,3,3,3,2,2,1,3,3,2,3,2,2,3,2,2,2,3,,,,,,,3,2,3,2,2,1,0,1,1,0,0,0,0,0,0,1,0,0,0,0,1,1,1,1,1,1,30,27,24,NA,28,10,9,21,3,1,6,a,,,,
2,1,2,1,6,8,1,,1,1,2,2,1,3,,male,18,2,2,1,2,1,1,1,1,1,1,1,3,3,3,3,2,3,3,2,2,2,3,3,3,2,2,3,3,3,3,3,,,,,,,5,3,3,3,7,1,0,0,0,0,0,0,0,0,0,0,0,0,0,1,0,1,1,1,1,1,12,26,28,NA,19,7,4,8,1,0,6,a,,,,
2,1,1,1,6,1,6,,2,4,2,2,2,2,,female,18,2,3,3,4,2,3,4,3,3,3,3,3,3,2,3,2,3,3,1,2,2,2,2,2,2,2,3,2,2,3,2,,,,,,,3,4,3,2,3,1,0,1,1,1,1,1,1,1,1,1,1,1,1,1,1,1,1,1,1,1,31,24,22,NA,25,20,11,20,6,7,7,a,,,,
2,1,2,2,5,8,6,,2,3,2,2,1,3,2,female,20,2,3,4,4,2,1,2,1,3,2,3,3,3,2,3,3,3,2,2,1,1,3,2,3,4,3,4,2,3,3,3,,,,,,,2,2,3,5,3,1,0,1,1,1,1,1,1,0,1,1,1,1,1,0,1,1,1,1,1,1,25,23,30,NA,25,18,7,18,6,6,6,a,,,,
2,1,1,1,6,1,6,,2,3,2,2,1,1,,female,19,2,2,3,3,2,1,3,2,2,1,2,3,3,1,3,2,2,2,1,2,1,3,2,3,3,2,3,2,3,3,3,,,,,,,3,2,1,3,2,0,0,0,0,0,0,0,0,0,1,1,0,0,0,1,1,1,1,1,1,1,21,20,27,NA,29,9,7,14,0,2,7,a,,,,
2,1,1,1,6,1,6,,2,3,2,2,1,1,,female,19,2,2,1,3,2,1,2,2,2,3,2,4,3,1,3,2,3,3,2,1,2,3,2,3,3,3,3,2,3,3,2,,,,,,,2,2,2,2,2,0,0,0,0,0,0,0,0,0,0,1,0,1,1,1,0,1,1,1,1,1,20,24,27,NA,30,9,7,13,0,3,6,a,,,,
2,1,2,2,7,8,2,,2,4,3,2,1,3,3,female,19,2,3,3,4,2,2,3,1,2,2,3,3,3,2,3,2,3,3,1,1,1,3,3,3,3,3,4,3,3,3,3,,,,,,,5,3,4,2,6,1,1,1,1,0,0,0,0,0,1,1,0,1,1,0,1,1,1,1,1,1,25,22,31,NA,20,14,7,18,4,4,6,a,,,,
2,1,2,1,5,8,6,,2,3,2,2,1,2,,male,18,2,2,2,1,3,2,3,2,2,3,1,3,3,1,4,1,2,1,1,1,0,3,3,2,2,3,4,4,3,3,3,,,,,,,6,1,4,7,1,1,0,1,0,0,0,0,1,0,0,1,0,1,0,1,0,1,1,1,1,1,21,17,30,NA,21,11,9,12,2,3,6,a,,,,
2,1,2,1,6,8,2,,1,3,2,2,1,2,,female,18,2,3,3,4,3,2,3,2,3,1,3,3,2,2,3,1,2,2,0,1,1,2,3,3,2,2,3,1,2,3,2,,,,,,,6,5,3,3,6,1,0,1,1,0,0,1,1,0,0,1,1,1,1,0,1,1,1,1,1,1,27,17,23,NA,17,15,10,17,4,5,6,a,,,,
2,1,1,1,6,7,6,,2,3,2,2,1,2,,female,19,2,2,2,4,1,3,3,2,3,2,3,3,3,2,3,2,3,3,0,1,1,4,3,3,3,3,4,3,3,3,4,,,,,,,3,3,2,3,3,1,1,1,0,0,0,0,1,0,1,1,0,1,1,1,1,1,1,1,0,0,25,21,33,NA,26,13,9,16,3,5,5,a,,,,
2,1,2,1,6,8,4,,1,3,3,1,1,3,,female,19,2,3,2,3,1,1,3,1,2,3,3,3,3,2,3,1,3,3,2,1,1,3,2,3,3,2,3,3,3,3,3,,,,,,,6,3,3,3,6,0,0,0,0,0,0,0,0,0,0,0,0,0,0,0,0,1,1,1,1,1,22,22,28,NA,19,5,5,17,0,0,5,a,,,,
2,1,2,1,5,4,1,,1,3,3,1,1,3,,female,20,2,2,1,2,2,2,2,2,2,1,2,3,3,1,3,2,2,3,0,1,1,2,2,2,3,2,3,2,3,3,3,,,,,,,5,3,3,2,5,0,0,0,0,0,0,0,0,0,0,0,0,1,0,1,1,1,1,1,0,0,18,19,25,NA,22,6,8,10,0,1,5,a,,,,
2,1,2,1,6,7,6,,2,3,2,2,1,1,,unknown,unknown,2,4,4,4,3,1,3,3,2,4,4,3,3,1,2,1,2,2,1,1,1,2,3,2,2,2,3,2,2,3,3,,,,,,,4,4,3,5,3,0,0,1,0,0,1,1,0,0,1,0,1,0,1,0,0,0,1,1,1,1,32,17,24,NA,21,10,9,23,3,3,4,a,,,,
2,1,1,6,5,1,2,,1,3,3,1,2,3,1,male,unknown,2,2,1,2,1,2,1,0,1,1,1,3,3,2,3,3,3,3,1,1,1,3,3,3,,2,3,3,3,3,3,,,,,,,3,5,3,3,6,0,0,0,0,0,0,0,1,0,0,0,1,0,0,1,0,1,1,1,1,1,12,23,26,NA,20,8,4,8,0,2,6,a,,,,
2,1,2,2,6,8,6,,2,2,2,2,1,2,3,female,19,2,2,1,3,1,1,2,1,2,3,1,4,3,3,3,2,3,3,2,1,1,3,3,3,3,3,4,3,3,3,3,,,,,,,4,3,4,3,6,1,0,0,0,0,0,0,0,0,0,0,0,0,0,1,0,1,1,1,1,1,17,25,31,NA,20,7,5,12,1,0,6,a,,,,
2,1,2,1,6,4,6,,2,4,3,2,2,3,,female,18,2,1,1,2,1,2,2,1,2,2,2,4,4,1,3,2,4,4,2,1,1,3,4,3,3,3,3,3,3,3,3,,,,,,,1,1,2,2,3,1,0,0,0,1,1,0,0,0,0,0,0,0,0,1,0,1,1,1,1,0,16,26,31,NA,31,8,6,10,3,0,5,a,,,,
2,1,2,1,6,7,6,,1,3,3,2,1,3,,female,18,1,2,2,3,2,1,3,2,2,3,2,3,4,2,2,2,3,3,1,1,1,3,3,3,3,3,3,3,3,4,3,,,,,,,3,2,2,3,2,1,1,1,1,1,0,1,1,0,1,1,0,1,1,1,1,1,1,1,0,1,22,22,31,NA,28,17,7,15,6,5,6,a,,,,
2,1,2,1,5,1,"1,5",,1,1,2,2,1,1,,female,19,1,3,3,4,3,3,1,3,3,1,1,2,2,1,2,1,2,2,2,2,2,2,2,2,2,2,2,2,2,2,2,,,,,,,6,6,6,6,6,1,0,0,0,0,0,0,0,1,1,1,1,1,1,0,1,1,0,0,1,1,25,18,20,NA,10,11,12,13,1,6,4,a,,,,
2,1,2,1,6,4,4,,1,4,2,2,2,3,,female,18,2,3,3,4,0,2,3,1,2,3,4,4,4,2,4,2,3,3,2,2,1,4,4,4,4,4,4,4,4,4,4,,,,,,,2,2,1,3,3,0,0,1,1,1,1,0,1,0,1,1,1,1,1,0,1,0,0,0,0,1,25,27,40,NA,29,12,5,20,4,6,2,a,,,,
2,1,2,1,6,1,6,,2,1,2,1,1,2,,female,19,2,1,3,2,2,3,1,2,3,1,2,3,3,2,2,1,2,2,1,1,1,3,3,2,2,2,3,3,2,3,3,,,,,,,2,2,2,1,3,1,0,0,0,1,0,0,0,1,0,0,0,0,0,0,0,1,1,1,1,1,20,18,26,NA,30,8,10,10,2,1,5,a,,,,
2,1,2,2,6,8,6,,2,3,3,1,1,2,2,female,21,2,1,1,3,1,1,1,1,1,1,0,3,3,3,3,2,4,3,2,2,3,3,3,3,3,3,3,4,3,4,3,,,,,,,3,2,2,3,2,1,0,0,0,0,0,0,0,0,0,0,0,0,0,1,0,0,1,1,1,1,11,28,32,NA,28,6,4,7,1,0,5,a,,,,
2,1,2,1,6,1,5,,1,4,3,1,2,2,,unknown,19,2,1,1,2,1,1,0,2,1,2,2,4,3,2,4,2,3,3,2,2,2,4,3,3,3,2,4,3,3,3,3,,,,,,,2,2,2,3,3,0,0,0,0,0,0,0,0,0,0,0,0,0,0,1,0,1,0,0,0,0,13,27,31,NA,28,2,5,8,0,0,2,a,,,,
2,1,2,1,6,7,6,,1,2,3,1,1,2,,female,18,2,3,2,4,3,3,3,2,1,2,3,3,3,2,2,1,1,2,0,1,1,3,3,3,2,2,3,2,3,3,3,,,,,,,2,2,5,5,5,1,1,1,1,1,1,0,1,1,1,1,0,1,1,1,0,1,1,1,1,1,26,16,27,NA,21,18,9,17,6,6,6,a,,,,
2,1,1,1,6,1,"8,9",Why?,1,4,2,2,1,1,,female,18,2,2,2,3,2,1,3,4,2,2,2,3,2,1,3,1,3,3,3,1,1,2,3,2,3,3,2,2,3,3,2,,,,,,,4,4,4,4,4,0,0,1,0,1,0,1,0,0,0,0,1,0,0,1,0,1,0,1,0,1,23,21,25,NA,20,8,9,14,3,1,4,a,,,,
2,1,2,1,6,1,"3,6",,2,3,2,2,2,4,,female,18,2,3,2,3,1,2,1,1,2,2,2,4,4,3,4,3,4,4,3,2,2,4,3,3,2,2,3,2,2,2,2,,,,,,,4,4,3,3,4,1,0,1,0,0,0,0,1,1,0,0,1,1,1,1,0,1,1,1,0,0,19,33,25,NA,22,11,6,13,2,5,4,a,,,,
2,1,2,2,4,4,6,,2,4,3,1,3,3,2,female,20,2,1,2,2,2,2,2,2,2,2,2,4,4,2,4,3,4,3,1,1,1,3,3,3,4,4,4,4,4,4,4,,,,,,,2,3,2,2,3,1,0,0,1,1,0,0,0,1,0,0,0,0,0,1,0,1,1,1,1,1,19,27,37,NA,28,10,8,11,3,1,6,a,,,,
2,1,2,1,6,1,6,,1,2,3,2,2,3,,female,18,2,4,2,3,2,2,3,3,4,4,3,3,3,2,3,1,2,3,2,2,2,3,3,2,1,1,4,3,2,4,4,,,,,,,6,5,5,7,5,1,0,0,0,0,0,0,0,0,1,0,0,1,0,1,0,1,1,1,1,1,30,23,27,NA,12,9,11,19,1,2,6,a,,,,
2,1,2,2,6,4,6,,2,4,3,2,1,3,3,female,20,2,2,1,3,1,1,3,2,2,1,2,4,4,3,4,3,3,3,3,3,3,3,3,3,3,3,4,3,4,4,4,,,,,,,2,2,1,1,2,0,0,0,0,0,0,0,0,0,1,0,0,0,1,0,1,0,0,0,0,0,18,33,34,NA,32,3,6,12,0,2,1,a,,,,
2,1,2,1,6,4,2,,1,4,3,1,1,2,,female,18,2,0,4,1,2,3,2,3,3,2,2,2,1,2,3,2,1,2,1,2,2,1,2,2,3,2,2,3,2,3,3,,,,,,,2,3,3,5,4,1,1,0,0,1,0,0,0,0,0,1,0,1,0,1,0,0,1,1,0,1,22,18,23,NA,23,9,11,11,3,2,4,a,,,,
2,1,1,1,6,1,8,arab,1,2,3,1,3,2,,female,19,2,4,4,4,2,4,4,3,4,4,4,3,3,2,2,2,3,2,2,1,2,2,2,2,2,2,2,2,2,2,2,,,,,,,5,5,5,5,5,1,0,0,0,0,0,0,0,0,0,0,0,0,0,1,0,1,1,1,1,1,37,22,20,NA,15,7,13,24,1,0,6,a,,,,
2,1,1,1,6,1,8,arab,1,2,2,1,3,2,,female,19,2,2,2,2,2,2,2,2,2,2,2,3,3,1,3,1,3,3,1,1,1,3,3,3,3,3,3,3,3,3,3,,,,,,,4,4,4,4,4,0,1,1,1,1,1,1,1,1,1,1,1,1,1,0,1,0,0,0,0,0,20,20,30,NA,20,14,8,12,6,7,1,a,,,,
2,1,2,2,6,8,5,,1,4,1,2,1,4,4,female,19,2,2,2,3,1,1,0,2,1,2,1,3,4,2,3,2,3,3,2,3,1,3,2,3,3,3,4,3,3,4,3,,,,,,,4,2,2,4,3,1,0,0,0,1,1,0,0,0,1,0,0,1,0,0,1,0,0,1,1,0,15,26,31,NA,25,8,5,10,3,2,3,a,,,,
2,1,1,1,6,1,2,,1,3,3,1,1,3,,female,19,1,4,2,3,0,2,3,2,1,2,3,2,3,4,2,0,3,2,1,1,1,1,3,2,3,2,3,3,3,3,3,,,,,,,6,6,5,5,5,0,1,1,1,1,1,1,1,1,1,1,1,1,1,0,1,0,1,1,1,0,22,19,26,NA,13,17,5,17,6,7,4,a,,,,
2,1,1,1,6,3,6,,3,4,3,2,3,2,,male,18,2,2,3,4,1,1,2,1,2,2,3,4,4,3,4,2,3,2,1,1,1,3,3,2,3,3,3,3,3,3,3,,,,,,,6,6,5,6,6,1,0,0,0,0,0,0,0,0,0,0,0,0,0,0,0,0,0,1,0,0,21,25,29,NA,11,2,5,16,1,0,1,a,,,,
2,1,3,2,5,8,2,,1,3,2,2,1,2,4,female,19,2,1,0,3,0,2,3,0,2,0,1,4,4,3,4,3,4,4,0,3,2,3,3,3,4,2,4,4,4,4,4,,,,,,,1,1,1,1,1,1,1,1,0,0,0,0,0,0,1,1,0,1,0,1,0,1,0,0,0,0,12,31,35,NA,35,8,4,8,3,3,2,a,,,,
2,1,2,1,5,7,6,,1,2,3,1,1,1,,female,18,2,2,2,1,1,5,3,1,0,4,1,4,4,3,3,2,4,3,3,2,3,4,1,3,3,3,3,4,4,4,3,,,,,,,2,2,2,2,5,0,0,0,0,1,0,0,0,0,0,0,0,0,0,0,0,0,0,0,0,0,20,31,32,NA,27,1,7,13,1,0,0,a,,,,
2,1,1,2,6,8,4,,2,4,2,2,1,2,3,female,19,2,2,2,2,2,3,2,2,1,2,2,2,3,2,3,1,2,3,2,3,1,3,3,3,2,2,3,2,2,2,2,,,,,,,4,4,4,4,4,0,1,1,1,1,1,1,0,1,1,1,1,1,1,1,0,1,1,1,1,1,20,22,24,NA,20,18,8,12,6,6,6,a,,,,
2,1,3,1,5,8,1,,1,3,2,2,2,2,,male,19,2,2,1,3,2,3,2,2,3,2,3,3,4,3,3,3,3,3,2,3,3,2,3,3,2,2,3,3,3,3,2,,,,,,,3,2,2,6,4,0,0,0,0,0,0,0,0,0,1,0,0,0,0,0,1,1,1,1,0,0,23,30,26,NA,23,5,10,13,0,1,4,a,,,,
2,"1,5",1,1,6,1,2,,2,3,1,2,2,3,,female,19,2,3,4,3,3,3,3,3,3,3,2,2,3,2,3,2,2,2,2,1,2,3,3,3,3,3,3,3,1,3,1,,,,,,,5,5,5,5,5,0,1,0,0,0,0,0,0,0,0,0,0,0,0,1,0,1,1,1,1,1,30,21,26,NA,15,7,12,18,1,0,6,a,,,,
2,1,1,2,5,1,1,,1,3,3,1,2,4,2,male,20,2,0,0,0,4,0,4,3,3,2,4,3,3,2,4,0,4,2,0,2,1,3,3,3,3,3,4,3,3,3,2,,,,,,,4,1,2,3,3,0,0,0,0,1,1,1,0,0,1,1,1,0,1,1,0,0,0,0,0,0,20,21,30,NA,27,8,10,10,3,4,1,a,,,,
2,1,1,1,5,4,6,,2,3,3,1,2,2,,unknown,18,2,3,4,3,1,2,2,1,1,4,3,3,3,2,3,3,3,3,0,1,1,3,4,2,3,3,4,4,4,3,3,,,,,,,3,4,2,2,2,1,0,1,1,1,0,0,0,0,0,1,1,0,0,0,1,1,0,0,0,0,24,22,33,NA,27,8,5,19,4,2,2,a,,,,
2,1,2,1,6,4,6,,2,3,3,1,2,3,,male,19,2,3,1,2,1,2,1,2,1,3,1,3,4,3,3,2,3,3,1,2,2,3,3,3,3,3,4,3,2,3,3,,,,,,,3,2,2,5,4,0,0,0,0,0,0,0,0,0,1,1,0,0,0,0,1,0,0,0,0,0,17,26,30,NA,24,3,6,11,0,2,1,a,,,,
2,1,2,1,5,1,6,,1,3,4,1,3,2,,male,21,2,2,2,2,2,2,2,2,3,2,2,2,3,1,2,2,3,3,2,2,1,2,2,3,4,3,2,2,2,3,2,,,,,,,4,3,3,4,3,1,0,0,0,0,0,0,0,0,0,0,0,0,0,1,0,1,1,1,1,1,21,21,25,NA,23,7,9,12,1,0,6,a,,,,
2,1,1,1,5,1,2,,5,3,1,1,2,2,,male,20,2,0,1,1,1,3,2,2,3,3,4,2,2,2,3,1,4,1,2,1,1,2,2,2,3,3,2,2,4,3,3,,,,,,,4,3,6,3,5,1,0,1,0,1,1,0,0,1,1,0,1,1,0,1,1,1,0,0,1,0,20,19,26,NA,19,12,9,11,4,4,4,a,,,,
2,1,2,1,6,1,6,,2,3,3,1,2,2,,female,19,2,3,3,4,3,3,4,3,2,2,4,3,3,2,3,1,2,2,1,1,1,3,4,3,2,2,3,2,2,3,2,,,,,,,5,3,5,5,5,1,0,1,1,1,1,1,0,0,1,1,1,1,1,1,1,1,1,1,1,1,31,19,26,NA,17,18,11,20,6,5,7,a,,,,
2,1,2,2,5,1,4,,1,4,1,2,2,2,1,unknown,19,2,3,4,4,1,3,3,3,4,3,4,2,3,1,2,0,2,2,2,1,0,3,3,3,2,3,3,3,3,4,4,,,,,,,6,3,4,5,3,1,1,1,1,1,1,1,1,1,1,1,1,1,1,0,1,1,1,0,0,1,32,15,31,NA,19,18,11,21,7,7,4,a,,,,
2,"1,7",2,2,5,1,2,,1,2,2,2,1,1,2,female,20,2,2,4,4,2,4,1,3,4,0,0,2,2,0,3,1,3,2,0,0,0,2,2,3,2,3,2,3,3,2,3,,,,,,,1,4,5,6,5,0,1,0,1,0,0,1,1,0,0,1,0,1,0,1,1,1,0,1,0,0,24,13,25,NA,19,10,13,11,3,3,4,a,,,,
2,1,2,1,6,1,6,,2,3,3,2,1,1,,female,18,2,2,3,4,2,3,2,3,4,1,2,3,3,2,3,2,2,2,0,1,2,4,3,2,3,2,4,3,3,3,3,,,,,,,3,3,4,2,2,1,0,1,0,1,1,1,1,0,0,0,0,1,1,1,1,1,1,1,1,1,26,20,30,NA,26,15,12,14,5,3,7,a,,,,
2,1,2,1,5,8,5,,1,3,3,1,1,3,,unknown,unknown,2,2,1,2,1,2,2,2,3,1,1,3,3,2,3,2,4,4,3,3,3,4,3,3,3,3,3,3,3,3,3,,,,,,,2,2,2,2,2,0,0,1,0,0,0,0,0,0,0,0,0,0,0,0,0,0,0,0,0,0,17,30,31,NA,30,1,8,9,1,0,0,a,,,,
2,1,2,2,5,1,2,,1,2,2,,1,2,2,female,20,2,3,3,3,2,3,1,4,4,0,1,2,3,0,2,1,2,2,0,0,0,2,2,2,3,3,3,1,4,3,2,,,,,,,7,6,6,6,7,1,1,1,1,1,1,1,0,0,1,0,0,1,1,1,1,0,1,1,1,1,24,12,25,NA,8,16,13,11,7,3,6,a,,,,
2,2,1,3,,7,2,,1,3,4,2,1,1,1,female,22,2,1,1,1,4,2,0,0,2,4,1,4,4,3,4,3,4,4,1,3,3,4,4,2,4,4,4,1,3,4,4,,,,,,,4,5,7,7,1,1,0,0,0,0,0,0,0,0,0,0,0,0,0,0,1,0,0,0,0,0,16,33,34,NA,16,2,8,8,1,0,1,a,,,,
2,1,1,2,5,4,6,,1,3,4,1,3,4,4,female,18,2,1,0,1,0,0,0,0,2,1,0,4,4,3,4,3,4,4,3,3,3,4,4,4,4,4,4,4,4,4,4,,,,,,,1,1,1,1,2,1,0,0,0,0,0,0,0,0,0,0,0,0,0,1,0,1,1,1,1,1,5,35,40,NA,34,7,2,3,1,0,6,a,,,,
2,,3,2,6,10,8,north african ,1,4,3,1,2,2,2,male,20,2,3,1,2,0,1,1,1,1,2,2,4,4,2,4,3,4,2,2,3,3,3,3,3,3,3,3,3,3,3,4,,,,,,,4,3,5,2,3,1,0,0,0,0,0,0,0,0,0,0,0,0,0,0,0,1,1,1,1,1,14,31,31,NA,23,6,3,11,1,0,5,a,,,,
2,1,2,2,6,10,9,,1,1,3,,2,3,2,male,20,2,1,1,1,3,3,1,3,3,1,1,3,3,1,3,1,3,3,2,2,2,4,4,3,3,3,3,3,3,3,3,,,,,,,5,3,6,3,3,1,0,0,0,0,0,0,0,0,0,0,0,0,0,1,0,1,1,1,1,1,18,23,32,NA,20,7,12,6,1,0,6,a,,,,
1,"2,4",1,6,1,3,6,,2,4,3,1,3,4,4,female,35,2,1,1,1,3,3,1,3,3,1,1,3,3,2,3,1,2,3,1,1,1,2,2,2,2,2,2,2,2,2,2,3,1,3,1,1,3,2,2,2,2,2,1,1,1,0,1,1,0,0,1,1,0,1,0,0,0,0,1,1,1,1,1,18,20,20,12,30,13,12,6,5,3,5,c,2,5,1,4
1,1,3,1,6,1,9,,1,4,3,1,2,3,,male,20,2,3,3,3,1,2,4,2,3,4,4,3,3,3,3,0,2,2,1,1,1,4,4,2,3,3,3,3,4,4,3,3,4,3,4,4,4,5,4,6,7,7,0,0,0,1,0,1,1,1,1,1,1,1,0,0,1,0,1,1,0,0,1,29,19,33,22,11,12,8,21,3,5,4,c,4,1,1,8
1,1,1,4,6,1,2,,1,4,2,2,1,2,4,male,35,2,3,1,2,0,1,2,0,0,3,3,4,4,3,3,3,4,4,3,3,3,3,2,4,3,4,4,3,4,4,4,4,3,4,4,4,4,3,2,2,2,2,1,0,0,0,0,0,1,1,1,1,1,1,1,1,0,1,0,0,0,1,0,15,34,35,23,29,11,1,14,2,7,2,c,2,1,1,8
1,1,1,1,6,3,6,,1,2,3,2,1,2,,female,17,2,4,1,4,3,3,3,3,4,4,4,2,3,2,2,1,2,3,0,0,0,2,3,2,2,4,3,2,2,3,3,1,1,3,1,0,4,4,3,3,3,4,0,1,1,1,1,1,1,1,0,1,0,0,0,0,0,0,1,1,1,0,1,33,15,26,10,23,12,13,20,6,2,4,c,4,1,1,8
1,"1,3",2,2,7,3,1,,1,3,2,2,3,2,4,female,18,2,4,4,2,2,3,2,2,3,2,1,4,4,2,3,3,4,4,2,2,1,4,3,4,3,2,3,3,3,3,3,2,3,2,3,2,3,2,2,2,3,5,1,0,1,0,0,1,0,0,1,1,0,1,1,1,0,0,1,1,0,0,0,25,29,31,15,26,10,10,15,3,5,2,c,4,1,1,8
1,"1,7",2,2,7,2,5,,1,3,3,2,2,2,2,female,21,2,3,3,4,1,1,3,1,2,2,4,3,4,2,3,2,3,3,1,1,2,3,3,3,2,2,3,2,2,2,3,3,2,3,2,2,3,5,2,2,2,4,0,0,0,1,0,0,0,1,1,1,0,1,0,1,0,0,1,1,0,0,0,24,24,25,15,25,8,5,19,1,5,2,c,4,1,1,3
1,1,2,1,6,3,4,,1,3,3,2,1,3,,female,18,2,3,4,4,2,2,4,3,3,4,4,3,3,2,3,1,3,2,2,1,0,4,3,3,3,3,4,3,3,3,3,2,2,2,2,2,2,4,1,2,3,5,0,0,0,1,1,1,1,1,1,1,0,1,0,1,1,0,1,1,0,0,0,33,20,32,12,25,12,10,23,4,5,3,c,4,1,1,8
1,1,2,1,6,12,1,,1,3,3,1,1,2,,female,17,2,3,3,4,3,2,2,2,1,2,3,3,3,2,2,1,2,2,0,1,1,3,3,3,2,2,3,3,3,3,3,1,1,1,2,1,3,3,2,2,2,5,0,1,0,0,0,0,0,1,1,1,0,0,0,0,1,0,1,1,0,0,0,25,17,28,9,26,7,8,17,1,3,3,c,3,1,2,8
1,1,2,1,6,1,5,,1,3,2,2,1,2,,female,17,1,2,1,4,1,0,3,1,3,1,3,4,4,2,2,1,3,3,0,1,0,3,3,2,3,3,3,2,3,3,4,2,2,3,2,2,2,5,2,4,1,3,0,0,0,1,0,1,0,1,1,1,0,0,0,1,0,0,1,1,0,0,1,19,20,29,13,25,9,5,14,2,4,3,c,4,1,1,8
1,1,2,1,7,6,"1,5",,1,2,3,1,1,1,,female,18,2,2,2,4,3,4,1,2,2,3,2,3,3,2,3,1,2,1,0,0,0,2,3,2,2,1,3,2,2,2,1,0,4,1,3,3,2,7,5,3,5,7,0,1,1,0,0,0,1,0,1,1,0,1,0,0,1,0,1,1,1,0,1,25,15,20,13,13,11,11,14,3,3,5,c,4,1,1,7
1,1,1,1,6,3,5,,1,1,3,2,1,2,,female,18,2,3,4,3,2,3,3,2,2,3,1,3,3,2,3,1,2,2,1,1,1,3,3,3,2,2,3,2,2,3,3,1,1,2,3,3,1,7,3,6,6,7,0,0,1,1,0,0,1,0,1,1,0,1,0,0,1,0,1,1,0,0,0,26,19,26,11,11,9,9,17,3,3,3,c,4,1,1,3
1,1,2,1,6,6,1,,1,2,3,1,1,2,,male,17,2,2,2,1,2,1,1,1,1,3,1,3,2,1,3,1,3,4,2,2,2,3,2,3,2,2,3,3,2,3,3,1,1,2,0,1,2,3,1,4,5,4,1,0,0,0,0,0,1,0,1,0,0,1,0,1,0,0,1,1,0,1,0,15,23,26,7,23,8,5,10,2,3,3,c,4,3,1,8
1,1,2,1,6,3,5,,1,4,2,2,1,1,,female,17,2,2,2,3,2,3,1,1,1,2,3,2,4,2,3,3,4,4,0,1,3,3,3,3,1,2,2,3,2,2,1,1,1,1,4,3,4,6,2,2,3,6,0,0,1,0,0,0,0,1,0,1,0,1,1,1,0,0,1,0,0,0,0,20,26,22,14,21,7,7,13,1,5,1,c,4,1,1,8
1,1,2,1,6,6,6,,2,4,3,1,1,2,,female,18,2,1,3,2,1,3,2,0,2,3,1,4,4,2,3,3,4,4,1,2,3,4,4,4,4,4,4,4,4,4,4,3,4,4,3,4,3,2,2,2,2,3,1,0,1,0,0,0,1,0,1,1,0,1,1,1,0,0,1,0,0,0,0,18,30,40,21,29,9,6,12,3,5,1,c,4,1,1,8
1,1,2,1,6,3,1,,2,3,2,2,1,2,,female,18,2,3,3,4,2,2,2,2,2,3,4,4,4,1,3,2,4,3,2,1,3,4,3,4,3,3,4,3,3,4,4,2,2,3,3,4,3,2,2,2,2,2,0,0,0,0,0,0,1,1,1,1,0,1,0,1,0,0,1,0,0,0,0,27,27,35,17,30,7,8,19,1,5,1,c,4,1,1,8
1,1,2,1,6,5,6,,1,3,3,1,1,2,,female,19,1,1,1,3,2,2,2,1,2,0,1,4,4,3,3,2,3,2,0,2,1,3,2,3,3,3,4,3,2,3,3,2,4,1,3,3,2,5,3,3,3,6,0,0,0,0,0,0,0,0,1,1,1,1,0,1,1,0,1,1,0,1,0,15,24,29,15,20,9,7,8,0,5,4,c,4,1,1,8
1,1,2,3,6,12,1,,1,2,3,1,1,2,3,female,19,2,1,2,3,2,2,2,2,2,3,2,2,3,2,2,1,2,2,0,1,1,3,2,2,2,2,3,1,2,3,2,1,1,3,2,3,1,6,3,6,2,6,0,0,0,0,0,0,1,0,0,1,0,0,0,0,1,0,1,1,0,1,1,21,16,22,11,17,7,8,13,1,1,5,c,4,1,1,7
1,1,2,1,6,12,1,,1,3,2,1,1,2,,female,18,3,3,3,3,2,2,4,3,3,1,0,4,4,2,4,2,2,2,0,0,0,3,3,2,2,3,3,3,3,3,2,3,2,3,1,2,3,2,2,3,2,1,0,0,0,1,1,1,0,0,1,1,0,1,0,0,1,0,1,1,0,0,1,24,20,27,14,30,10,10,14,3,3,4,c,4,1,,6
1,1,2,2,6,3,1,,1,4,3,1,1,3,3,female,19,2,2,1,3,1,2,3,2,2,2,2,4,4,3,3,3,3,3,2,2,2,3,3,3,3,3,3,3,3,3,3,2,1,3,3,3,3,3,2,1,2,2,0,0,0,1,0,0,0,0,1,1,1,1,1,1,0,0,1,1,0,0,0,20,29,30,15,30,9,7,13,1,6,2,c,2,1,1,8
1,1,2,1,6,6,1,,1,2,2,2,1,2,,female,18,2,2,2,4,2,1,1,2,1,1,1,3,3,2,3,1,2,3,0,1,1,3,3,3,2,2,3,3,3,4,3,1,1,1,3,3,3,3,3,3,2,3,0,0,0,0,0,0,0,0,1,1,0,1,0,0,0,0,1,1,0,0,0,17,19,29,12,26,5,6,11,0,3,2,c,4,1,4,6
1,1,1,1,6,3,1,,2,3,4,1,1,4,,female,17,2,2,1,4,1,2,0,3,1,1,0,3,4,2,4,3,2,3,2,2,2,3,4,3,4,4,4,4,2,2,3,3,3,3,2,2,3,3,2,2,4,6,0,0,0,0,1,0,0,0,1,1,0,1,1,0,0,0,1,1,0,0,0,15,27,33,16,23,7,7,8,1,4,2,c,4,1,1,8
1,1,2,1,6,1,4,,1,3,3,1,2,3,,female,19,2,3,3,4,2,3,3,1,1,2,3,4,4,2,4,3,3,4,3,2,2,3,3,4,4,4,4,2,3,4,4,1,2,1,2,1,2,2,2,4,4,3,0,0,1,1,0,0,0,1,1,1,0,1,1,1,0,1,1,1,0,0,0,25,31,35,9,25,11,7,18,2,6,3,c,4,1,1,5
1,1,1,1,6,3,5,,1,1,2,2,1,2,,female,18,2,3,3,4,1,3,2,2,2,3,3,3,3,1,3,2,3,3,1,1,2,3,3,3,2,3,3,2,3,3,3,3,1,3,1,1,2,3,5,5,5,6,0,0,1,0,0,0,1,1,1,1,0,1,0,1,0,0,1,1,0,0,0,26,22,28,11,16,9,8,18,2,5,2,c,1,1,1,8
1,1,2,1,6,3,6,,2,4,2,2,2,1,,female,18,2,3,4,4,2,3,4,3,2,4,4,3,3,2,3,2,1,2,1,1,1,3,3,3,3,3,3,2,3,3,3,3,1,0,1,0,1,3,2,3,3,4,0,0,1,1,1,0,1,1,1,1,0,1,0,0,1,0,1,1,0,0,0,33,19,29,6,25,11,10,23,4,4,3,c,4,1,1,8
1,1,2,1,6,3,6,,1,2,3,,2,2,,female,18,2,4,4,4,2,3,2,4,3,3,3,4,3,3,3,1,3,3,1,1,2,3,2,3,1,3,3,2,3,3,3,3,2,2,3,3,4,7,5,6,4,4,0,0,1,0,1,1,1,1,1,1,1,1,0,1,0,0,1,1,0,1,0,32,24,26,17,14,13,12,20,4,6,3,c,4,1,1,8
1,1,3,1,6,3,4,,1,3,2,2,1,2,,female,18,2,0,0,2,2,3,0,1,1,0,1,4,4,1,3,1,2,2,1,1,2,3,2,3,3,4,4,3,4,4,3,1,1,1,0,1,1,4,4,3,5,1,1,0,1,0,0,0,0,0,1,1,0,1,0,0,1,0,1,1,0,1,0,10,21,33,5,23,9,7,3,2,3,4,c,4,1,1,8
1,1,2,2,6,3,6,,1,3,3,2,1,2,4,male,18,2,2,0,4,2,2,2,3,2,2,4,3,3,3,4,1,2,2,2,1,1,4,3,4,4,4,4,2,3,3,4,1,2,0,2,1,1,5,6,4,3,3,0,0,0,0,1,0,0,1,1,1,1,1,0,0,1,0,1,1,0,0,0,23,22,35,7,19,9,9,14,1,5,3,c,4,1,1,4
1,1,1,2,6,3,1,,1,3,2,2,1,2,4,female,19,2,4,1,4,2,2,3,2,4,2,3,2,2,2,2,0,2,1,1,1,1,3,3,3,2,2,3,2,3,3,3,1,3,0,3,3,3,7,5,7,7,7,0,0,0,1,0,1,0,1,0,0,0,0,0,0,1,0,1,1,0,0,0,27,14,27,13,7,6,10,17,2,1,3,c,4,1,1,8
1,1,1,1,6,6,6,,1,4,2,2,1,4,,female,18,2,3,2,4,2,3,4,4,4,3,4,3,4,2,3,2,2,3,0,1,0,4,2,3,2,2,4,1,3,3,3,3,2,3,3,3,3,3,1,2,3,6,0,0,1,1,1,1,1,1,1,1,0,1,0,0,0,0,1,1,0,1,0,33,20,27,17,25,12,13,20,5,4,3,c,4,1,1,8
1,1,2,1,6,3,6,,2,1,3,1,1,1,,female,19,2,4,4,4,3,3,1,3,2,1,4,2,3,0,3,0,1,1,1,1,0,3,3,3,3,3,4,2,2,2,2,0,4,0,2,2,2,7,5,7,5,6,0,1,1,0,1,0,0,1,0,1,0,1,0,0,1,0,1,1,0,0,0,29,12,27,10,10,9,11,18,3,3,3,c,4,1,1,8
1,1,2,1,6,2,1,,2,4,3,2,2,2,,male,18,2,3,2,3,2,1,3,1,2,1,3,3,3,2,3,2,3,2,1,1,1,3,4,2,3,2,3,3,4,4,4,3,1,2,1,1,3,4,4,3,1,4,0,0,0,1,0,0,0,1,1,1,0,1,0,1,1,0,1,1,0,0,1,21,21,32,11,24,10,6,15,1,5,4,c,4,1,6,7
1,1,2,2,6,3,6,,1,1,2,2,2,1,4,female,19,2,1,3,3,2,3,2,2,2,4,3,3,3,2,3,2,2,2,1,1,1,3,1,3,3,2,3,2,3,3,3,1,0,1,1,1,2,3,4,2,2,7,0,0,1,0,0,0,1,1,1,1,0,1,0,0,1,0,1,1,0,1,0,25,20,26,6,22,10,9,16,2,4,4,c,4,1,1,7
1,1,2,1,6,3,1,,1,2,3,2,1,2,,male,17,2,2,0,3,2,2,1,2,2,1,1,3,3,3,4,3,3,3,1,2,3,3,2,3,3,3,3,4,3,3,3,3,3,3,2,1,2,2,2,1,2,3,0,0,0,0,0,0,0,0,1,1,1,1,1,1,0,0,1,0,0,1,0,16,28,30,14,30,8,8,8,0,6,2,c,4,1,1,8
1,1,2,1,6,6,1,,1,3,3,2,1,4,,male,18,2,1,4,4,3,2,1,2,2,3,2,3,2,1,2,0,2,1,1,1,0,3,2,3,2,2,3,1,1,2,2,0,0,0,0,0,1,4,4,5,5,5,0,1,0,0,0,0,1,0,1,0,0,0,0,0,1,0,1,1,0,1,0,24,13,21,1,17,7,9,15,2,1,4,c,4,1,1,
1,1,3,1,6,1,6,,2,4,3,1,2,3,,female,18,2,3,3,3,1,2,3,2,1,2,3,3,4,2,2,2,3,3,1,1,1,3,2,3,3,2,3,2,2,3,2,3,2,3,1,1,3,2,3,3,2,2,0,0,0,1,0,0,0,1,1,1,0,0,0,1,0,0,1,1,0,1,0,23,22,25,13,28,8,6,17,1,4,3,c,4,1,8,8
1,1,2,1,6,3,4,,1,3,3,1,1,2,,female,18,2,2,2,3,1,3,1,1,2,1,3,4,4,3,3,3,3,3,1,1,1,3,2,3,3,3,4,4,4,4,3,2,4,3,2,3,2,6,2,2,3,5,0,0,1,0,0,0,0,1,1,1,1,1,1,1,0,0,1,1,0,1,0,19,26,33,16,22,11,7,12,1,7,3,c,4,1,1,8
1,1,2,1,6,2,5,,1,1,2,2,1,4,,female,19,2,4,2,1,3,3,2,2,2,3,2,3,3,2,3,2,3,3,1,1,1,4,2,3,3,3,4,2,4,3,2,1,2,4,4,4,3,6,3,6,7,7,1,1,1,0,0,0,1,0,1,1,0,1,0,1,0,0,1,1,0,1,0,24,22,30,18,11,11,10,14,4,4,3,c,4,1,1,5
1,1,1,1,7,5,5,,1,4,3,1,1,2,,female,18,2,2,3,4,1,3,1,2,1,2,3,4,4,2,3,2,3,3,2,2,3,2,2,3,3,2,3,3,4,4,4,1,1,1,1,1,1,3,3,2,3,1,0,0,1,0,0,0,0,1,1,1,0,1,0,1,0,0,1,0,1,1,0,22,28,30,6,28,9,7,15,1,5,3,c,4,1,1,6
1,1,1,1,6,12,8,South American,1,4,2,2,1,2,,female,17,2,3,4,4,2,0,1,4,2,3,4,4,3,1,3,3,3,3,0,1,1,3,3,4,3,3,3,4,2,3,3,1,4,4,1,3,2,3,2,3,1,1,0,0,0,0,1,0,1,1,1,1,0,1,1,1,0,0,1,1,0,0,0,27,22,31,15,30,10,8,19,2,6,2,c,4,1,1,8
1,1,1,1,6,2,6,,1,4,3,1,1,2,,female,17,2,1,0,3,0,1,0,1,1,2,1,4,4,3,3,3,4,4,2,2,2,3,3,4,3,4,4,4,3,3,4,3,3,4,4,4,4,1,1,1,1,3,0,0,0,0,0,0,0,0,1,1,1,1,1,1,0,0,1,1,0,0,0,10,31,35,22,33,8,3,7,0,6,2,c,4,1,1,5
1,1,2,1,6,3,5,,1,3,3,1,1,2,,female,18,2,2,2,4,2,2,4,2,1,3,3,3,3,2,2,1,2,3,2,1,1,3,2,2,2,2,3,2,3,3,2,3,1,1,0,1,1,3,2,2,2,3,0,0,0,1,0,0,1,1,1,1,0,0,0,0,0,0,1,1,0,1,1,25,20,24,7,28,9,7,18,2,3,4,c,4,1,1,8
1,1,2,2,7,3,1,,1,1,3,1,1,3,3,female,18,2,3,3,3,3,2,2,2,2,3,2,3,3,2,2,1,3,3,1,1,0,3,2,3,2,3,3,2,2,2,3,2,1,2,1,1,2,5,5,4,4,3,0,1,0,0,0,0,1,0,1,1,0,0,0,1,0,0,1,1,0,1,0,25,19,25,9,19,8,9,16,2,3,3,c,4,1,1,8
1,1,2,1,6,3,5,,1,4,3,1,1,4,,female,18,2,2,1,3,1,1,1,1,1,1,1,4,4,3,4,3,3,3,2,2,3,4,1,4,3,4,4,3,3,3,4,2,3,3,3,1,3,2,1,2,2,2,0,0,0,0,0,0,0,0,1,1,1,1,1,1,0,0,1,0,0,1,0,13,31,33,15,31,8,4,9,0,6,2,c,4,1,1,7
1,1,2,1,6,3,4,,1,1,4,1,1,2,,female,17,2,2,4,3,1,2,0,1,2,0,4,2,2,1,4,0,2,2,0,2,3,4,3,4,2,3,4,2,4,4,4,1,4,0,3,2,4,1,1,2,1,3,0,0,0,0,0,0,0,1,0,0,0,1,0,0,1,0,1,0,0,0,0,19,18,34,14,32,4,6,13,0,2,2,c,4,1,1,8
1,1,2,1,6,2,1,,1,3,4,1,1,1,,female,17,2,3,3,4,2,3,3,2,2,4,4,2,4,1,3,2,2,3,0,1,1,3,2,3,2,3,3,1,2,3,2,2,0,0,3,3,2,7,6,5,3,6,0,0,1,1,0,0,1,1,0,1,0,1,0,0,0,0,1,1,0,1,0,30,19,24,10,13,9,9,21,3,3,3,c,4,1,,6
1,1,2,1,6,6,1,,1,4,3,1,1,2,,female,17,2,1,1,3,2,2,2,1,1,3,2,3,3,1,4,0,4,4,2,1,2,3,4,4,4,4,4,4,3,3,3,2,3,1,3,4,0,6,4,6,5,6,0,0,0,0,0,0,1,0,1,1,0,1,0,1,0,0,1,1,0,0,0,18,24,36,13,13,7,6,12,1,4,2,c,4,1,7,5
1,1,1,1,6,3,1,,1,2,2,2,1,2,,female,18,2,2,3,4,3,2,3,2,1,0,3,2,2,0,3,1,2,1,0,0,0,3,2,2,1,2,3,2,3,2,3,0,2,0,1,1,1,4,2,3,4,6,0,1,0,1,0,0,0,1,0,0,0,1,0,0,1,0,1,1,0,1,1,23,11,23,5,21,9,8,15,2,2,5,c,4,1,1,8
1,1,2,1,6,12,5,,1,4,3,1,1,2,,female,18,2,3,3,3,0,2,3,1,1,4,3,3,3,2,3,3,3,3,1,2,1,3,3,3,3,2,3,3,3,3,3,1,3,2,2,2,1,6,2,4,7,5,0,0,0,1,0,0,1,1,1,1,0,1,1,1,0,0,1,1,0,0,0,23,24,29,11,16,10,4,19,2,6,2,c,4,1,1,8
1,1,1,1,5,2,6,,1,3,3,1,1,2,,female,17,1,2,2,3,1,2,2,2,2,2,2,3,3,2,3,2,3,3,2,2,2,4,3,3,3,3,4,2,3,3,3,2,2,2,3,3,2,3,4,4,3,4,0,0,0,0,0,0,0,0,1,1,0,1,0,1,0,0,1,1,0,0,0,20,25,31,14,22,6,7,13,0,4,2,c,4,1,1,8
1,1,2,1,6,3,6,,1,3,3,1,1,3,,female,18,2,1,2,3,1,2,1,1,1,1,3,3,3,3,3,2,3,3,1,2,2,4,3,4,4,3,4,3,3,3,3,2,1,4,2,1,3,3,3,3,2,3,0,0,0,0,0,0,0,1,1,1,1,1,0,1,0,0,1,1,0,0,0,16,25,34,13,26,8,5,11,0,6,2,c,4,1,1,8
1,1,2,1,6,3,5,,1,3,3,1,1,1,,female,18,2,3,4,4,2,3,3,2,1,3,2,3,3,2,3,3,3,3,1,1,0,2,1,4,3,3,3,4,3,2,3,3,2,2,3,1,3,4,3,3,2,7,0,0,1,1,0,0,1,0,1,1,0,1,1,1,0,0,1,1,1,1,0,27,22,28,14,21,12,8,19,3,5,4,c,4,1,1,8
1,1,1,1,6,3,5,,1,3,4,1,1,1,,female,17,2,2,4,4,2,0,2,3,2,4,4,3,3,2,4,2,3,2,0,0,0,3,1,3,2,2,3,4,4,3,2,1,0,1,0,3,0,4,3,5,7,7,0,0,0,0,1,0,1,1,1,1,0,1,0,1,1,0,1,1,0,1,0,27,19,27,5,14,11,7,20,2,5,4,c,4,1,1,6
1,1,2,1,7,5,1,,1,3,3,1,1,2,,female,17,2,1,2,3,2,2,3,1,2,1,2,3,3,2,3,2,3,3,0,1,1,3,2,3,3,3,4,2,3,3,3,3,2,3,2,3,2,2,2,2,3,3,0,0,0,1,0,0,0,0,1,1,0,1,0,1,0,0,1,1,0,1,0,19,21,29,15,28,8,7,12,1,4,3,c,4,1,1,8
1,5,2,1,6,2,1,,1,3,4,1,1,3,,female,19,2,2,2,2,2,2,2,2,2,1,2,3,3,2,3,2,3,3,2,2,2,3,3,3,3,3,3,3,2,3,2,3,2,4,3,4,4,3,3,3,3,3,1,0,0,0,0,0,0,0,1,1,0,1,0,1,0,0,1,1,0,0,0,19,25,28,20,25,7,8,11,1,4,2,c,4,2,1,8
1,1,2,1,6,2,6,,1,3,3,1,2,2,,female,17,2,2,3,4,2,2,2,1,3,1,2,3,2,1,3,1,2,3,1,1,1,3,2,2,2,2,3,2,3,2,2,1,2,1,1,2,1,3,4,3,2,5,0,0,0,0,0,1,0,0,1,0,0,1,0,0,0,0,1,1,0,1,1,22,18,23,8,23,7,8,14,1,2,4,c,4,3,1,8
1,1,2,1,6,3,1,,1,3,3,1,1,3,,female,17,2,2,4,3,2,3,3,3,1,3,3,3,3,2,3,3,3,3,0,1,1,3,3,3,2,1,3,2,3,3,3,1,0,3,3,2,1,4,2,1,4,2,0,0,1,1,1,0,1,1,1,1,0,1,1,1,0,0,1,1,0,0,0,27,22,26,10,27,12,9,18,4,6,2,c,4,1,1,8
1,1,2,1,6,3,1,,1,3,3,2,1,2,,female,17,2,2,3,4,2,2,3,3,2,3,2,3,3,3,3,3,2,3,1,2,2,2,1,3,3,2,3,2,3,4,3,1,3,1,3,3,1,3,2,3,2,6,0,0,0,1,1,0,1,0,1,1,1,1,1,0,0,0,1,1,1,1,0,26,25,26,12,24,12,9,17,3,5,4,c,4,1,1,8
1,1,2,1,6,6,6,,1,3,3,1,1,3,,female,17,2,2,2,2,2,2,2,2,2,2,2,3,3,2,3,2,3,3,1,2,2,2,2,3,3,3,3,3,3,3,3,4,2,3,2,2,3,2,2,2,2,2,1,0,0,0,0,0,0,0,1,1,0,1,0,1,0,0,1,1,1,1,0,20,24,28,16,30,9,8,12,1,4,4,c,4,1,4,8
1,1,2,1,6,1,6,,1,3,2,2,2,2,,female,18,2,2,3,2,2,1,3,2,2,2,1,2,2,0,2,1,2,2,0,1,1,3,3,3,3,3,3,3,2,3,3,1,1,2,2,2,2,5,4,5,4,4,1,0,0,1,0,0,0,0,0,0,0,0,0,0,1,0,1,1,0,0,0,20,13,29,10,18,5,7,13,2,0,3,c,4,1,1,6
1,1,2,1,6,12,6,,1,3,2,1,1,2,,female,18,2,4,3,4,3,4,4,4,2,2,4,4,4,1,3,2,3,3,0,0,0,3,3,2,3,2,3,2,4,4,3,2,2,2,1,1,2,3,2,4,5,5,0,1,1,1,1,0,0,1,1,1,0,1,0,1,0,0,1,1,0,0,1,34,20,29,10,21,12,13,21,4,5,3,c,4,1,1,8
1,1,2,1,6,3,1,,1,4,2,2,1,2,,female,18,2,4,4,4,4,4,4,4,4,3,4,3,3,1,1,0,3,2,1,0,0,2,3,2,2,2,2,2,2,2,2,2,1,2,2,1,3,7,4,5,7,7,0,1,1,1,1,1,1,1,1,1,0,0,0,1,1,0,1,1,1,0,1,39,14,21,11,10,15,16,23,6,4,5,c,4,1,1,8
1,1,2,2,6,7,5,,1,4,3,1,1,3,4,female,19,2,3,4,3,2,2,0,2,1,3,1,3,4,2,3,3,3,3,1,3,2,3,3,4,3,2,3,3,3,3,4,1,1,2,4,4,3,4,4,2,2,4,0,0,0,0,0,0,1,0,1,1,0,1,1,1,0,0,0,1,0,0,0,21,27,31,15,24,7,7,14,1,5,1,c,4,1,1,5
1,1,2,1,6,3,5,,1,3,2,2,1,2,,female,18,2,2,1,4,1,3,3,3,2,3,4,3,3,2,4,3,3,4,1,3,3,3,2,3,4,3,3,2,4,4,3,4,1,4,4,1,4,3,3,2,5,5,0,0,1,1,1,0,1,1,1,1,0,1,1,1,0,0,0,0,0,1,0,26,29,31,18,22,11,9,17,4,6,1,c,4,1,1,8
1,1,1,1,6,3,6,,1,3,3,2,1,2,,female,18,2,2,3,4,3,4,4,2,2,3,4,3,3,1,2,2,3,3,1,1,2,3,2,2,2,3,3,2,3,3,3,2,1,0,1,2,1,4,2,3,3,3,0,1,1,1,0,0,1,1,1,1,0,0,0,1,0,0,1,1,0,1,1,31,21,26,7,25,12,11,20,4,4,4,c,2,1,1,8
1,1,2,1,6,3,6,,1,3,2,2,2,3,,female,18,1,1,2,4,2,3,4,2,4,2,3,3,3,2,3,2,3,3,2,1,1,3,3,2,2,2,3,3,2,3,2,2,3,2,2,2,1,5,4,4,4,6,0,0,1,1,0,1,0,1,1,1,0,1,0,1,0,0,1,1,0,0,1,27,23,25,12,17,11,11,16,3,5,3,c,4,1,1,8
1,1,2,1,6,3,2,,1,3,3,1,1,2,,female,18,2,2,1,3,2,1,4,1,3,1,2,3,3,3,3,3,3,3,1,3,2,4,3,3,2,2,3,2,2,3,2,1,1,3,1,2,3,3,4,3,3,5,0,0,0,1,0,1,0,0,1,1,1,1,1,1,0,0,0,1,0,0,0,20,27,26,11,22,9,7,13,2,6,1,c,4,1,1,8
1,1,2,1,7,1,6,,1,4,3,2,1,2,,male,18,2,2,1,4,2,2,3,1,3,0,0,4,3,2,2,3,3,3,3,3,3,3,2,3,3,3,4,3,3,3,3,3,2,3,4,4,2,1,1,1,1,1,0,0,0,1,0,1,0,0,1,1,0,0,1,1,0,1,0,0,0,1,0,18,29,30,18,35,8,8,10,2,4,2,c,4,1,1,8
1,1,2,1,6,3,4,,1,4,3,1,1,2,,female,19,2,1,2,3,2,1,2,2,1,1,2,4,4,2,3,3,3,4,1,3,3,4,3,4,3,3,4,3,3,3,3,1,2,2,3,3,3,2,1,1,1,1,0,0,0,0,0,0,0,0,1,1,0,1,1,1,0,0,0,0,0,0,0,17,30,33,14,34,5,6,11,0,5,0,c,4,1,1,8
1,1,2,1,5,2,6,,2,3,2,2,1,2,,female,18,2,2,3,3,2,2,3,1,1,1,2,3,3,1,2,1,2,2,1,1,1,3,2,3,3,3,3,3,3,3,3,1,2,1,2,2,1,2,2,3,1,2,0,0,0,1,0,0,0,0,1,1,0,0,0,0,1,0,1,1,0,1,0,20,17,29,9,30,7,6,14,1,2,4,c,4,1,1,6
1,1,2,1,6,3,6,,1,3,3,2,2,3,,female,18,2,2,2,4,1,2,3,2,1,2,2,3,3,1,3,2,2,3,0,1,0,3,3,3,2,3,4,1,3,3,3,2,2,1,1,1,1,2,2,2,3,2,0,0,0,1,0,0,0,0,1,1,0,1,0,0,0,0,1,1,0,0,0,21,18,28,8,29,6,6,15,1,3,2,c,4,1,1,8
1,1,2,1,6,3,"1,5",,1,4,2,1,1,3,,female,18,2,4,4,4,3,4,4,3,3,4,4,2,2,0,3,0,2,1,0,0,0,3,3,3,2,3,3,2,2,2,2,1,0,0,0,0,0,6,6,7,7,7,0,1,1,1,1,1,1,1,0,0,0,1,0,0,1,0,1,1,0,0,0,37,10,25,1,7,11,13,24,6,2,3,c,4,1,1,8
1,1,2,1,6,3,1,,1,3,2,2,1,2,,female,18,2,3,3,3,2,3,3,3,3,2,3,3,3,1,2,2,3,2,1,0,0,3,2,3,3,3,3,3,2,3,2,1,0,1,1,0,0,3,5,5,3,5,0,0,1,1,1,1,0,1,1,1,0,0,0,1,1,0,1,1,0,1,0,28,17,27,3,19,12,11,17,4,4,4,c,4,1,1,8
1,1,1,1,6,3,1,,1,1,2,2,1,3,,female,18,2,3,3,3,3,2,3,2,2,3,3,2,3,1,3,1,2,2,0,0,0,3,2,2,3,2,3,2,2,2,3,1,1,1,2,1,1,5,5,5,5,7,0,1,0,1,0,0,1,1,0,1,0,1,0,0,1,0,1,1,0,1,1,27,14,24,7,13,11,9,18,3,3,5,c,4,1,1,5
1,1,2,1,6,2,6,,1,3,2,2,1,1,,female,18,3,3,4,4,1,3,4,4,2,4,2,2,2,1,2,0,1,2,0,0,0,3,3,2,4,4,3,1,2,3,3,0,0,1,0,0,1,6,5,4,5,7,0,0,1,1,1,0,1,0,0,0,0,0,0,0,1,0,1,1,0,0,1,31,10,28,2,13,8,10,21,4,0,4,c,4,3,1,7
1,1,2,1,6,6,5,,1,3,4,1,1,4,,unknown,unknown,2,1,1,3,3,2,3,2,2,3,0,1,1,0,2,0,2,2,2,1,0,3,3,4,4,3,4,4,2,3,3,1,3,3,2,2,3,3,2,2,2,5,0,1,0,1,0,0,1,0,0,0,0,0,0,0,1,0,1,1,0,0,0,20,11,33,14,26,6,9,11,3,0,3,c,4,1,1,8
1,1,2,4,6,4,1,,1,3,3,1,1,2,2,female,23,2,2,1,2,2,2,3,2,2,1,1,3,3,2,2,1,3,2,1,1,1,2,1,3,2,2,2,1,2,3,1,3,1,1,2,2,3,6,6,6,6,5,1,0,0,1,0,0,0,0,1,1,0,0,0,1,1,0,1,1,1,1,0,18,19,19,12,11,10,8,10,2,3,5,c,2,1,1,3
1,1,2,1,6,2,6,,1,3,3,1,1,3,,female,18,2,2,2,3,2,2,1,1,1,3,1,3,3,2,3,2,3,3,1,2,1,3,2,4,3,3,3,3,3,3,3,2,3,3,2,3,2,3,2,2,2,4,0,0,0,0,0,0,1,0,1,1,0,1,0,1,0,0,1,1,0,1,0,18,23,30,15,27,8,6,12,1,4,3,c,4,1,1,8
1,1,2,1,7,6,6,,1,3,3,2,3,3,,female,18,2,2,1,4,2,2,1,1,2,2,2,4,4,2,3,3,2,3,1,2,3,4,3,3,2,2,4,3,3,4,3,1,2,4,2,2,3,1,2,2,1,1,0,0,0,0,0,0,0,0,1,1,0,1,1,0,0,0,1,0,0,0,0,19,27,31,14,33,5,7,12,0,4,1,c,4,1,1,8
1,1,1,1,6,3,4,,1,3,3,1,2,2,,male,18,2,1,1,2,1,2,1,1,1,1,1,4,4,3,4,2,4,4,3,3,3,3,3,3,3,3,3,3,3,3,3,3,2,2,3,2,3,3,3,3,2,4,1,0,0,0,0,0,0,0,1,1,1,1,0,1,0,1,0,0,0,0,0,12,34,30,15,25,7,5,7,1,5,1,c,4,1,1,7
1,1,2,1,6,2,1,,1,3,3,2,1,2,,female,18,2,2,3,4,2,2,3,3,1,2,1,3,4,1,3,2,4,3,1,0,1,3,3,2,2,3,3,1,4,4,3,0,3,3,2,2,3,6,4,5,5,6,0,0,0,1,1,0,0,0,1,1,0,1,0,1,0,0,1,1,0,0,1,23,22,28,13,14,9,8,15,2,4,3,c,4,1,1,7
1,1,2,1,6,3,5,,1,3,3,1,1,3,,female,18,2,1,1,4,2,2,2,2,2,3,3,3,4,3,3,3,4,3,2,3,3,4,3,4,3,3,4,2,2,3,3,3,2,4,1,1,3,2,1,2,3,3,0,0,0,0,0,0,1,1,1,1,1,1,1,1,0,0,0,0,0,0,0,22,31,31,14,29,8,8,14,1,7,0,c,4,1,1,7
1,1,1,1,6,3,4,,1,3,2,2,1,2,,female,18,2,2,2,3,1,2,3,2,3,0,2,4,4,2,3,2,3,2,2,2,2,3,2,3,3,3,3,3,3,3,3,1,2,3,2,3,3,3,3,2,2,2,0,0,0,1,0,1,0,0,1,1,0,1,0,1,1,0,1,1,0,1,0,20,26,29,14,28,10,8,12,2,4,4,c,4,1,1,8
1,1,2,1,6,3,1,,1,4,3,2,1,1,,female,18,2,4,4,4,3,3,3,3,3,4,4,4,4,2,3,2,3,3,1,1,2,2,3,3,2,3,3,1,3,3,3,3,1,3,3,3,3,5,5,5,5,6,0,1,1,1,1,1,1,1,1,1,0,1,0,1,0,0,1,1,1,0,0,35,25,26,16,14,14,12,23,6,5,3,c,4,1,1,8
1,1,2,2,6,6,1,,1,3,2,2,2,2,4,female,18,2,2,3,4,1,2,2,2,3,2,2,3,3,2,3,2,3,2,0,1,3,3,3,3,3,2,3,3,2,2,3,3,2,2,3,1,1,5,3,3,3,6,0,0,0,0,0,1,0,0,1,1,0,1,0,1,1,0,1,0,0,0,0,23,22,27,12,20,7,8,15,1,4,2,c,4,1,1,8
1,"1,7",1,2,4,2,"3,6",,1,3,3,1,1,2,1,female,23,2,2,2,3,2,2,3,1,1,2,3,3,4,2,3,3,3,3,3,2,2,3,1,3,3,2,3,3,3,3,3,3,2,3,2,3,2,4,2,2,2,4,0,0,0,1,0,0,0,1,1,1,0,1,1,1,0,1,1,1,0,1,0,21,28,27,15,26,11,6,15,1,6,4,c,4,1,1,6
1,1,2,1,6,3,1,,1,4,4,1,2,3,,male,18,2,1,1,1,3,3,1,3,3,1,1,3,3,1,3,2,3,3,1,0,1,3,3,3,3,3,4,3,4,3,3,0,2,1,0,0,0,2,3,2,2,3,1,1,1,0,1,1,0,0,1,1,0,1,0,1,0,0,1,1,0,0,0,18,20,32,3,28,11,12,6,5,4,2,c,4,1,1,5
1,1,1,1,6,5,5,,1,3,2,2,1,1,,female,18,2,3,2,3,0,1,4,1,1,4,3,1,2,3,3,2,2,1,2,2,3,3,3,3,2,3,2,3,3,3,3,3,1,4,2,2,4,2,4,6,5,6,0,0,0,1,0,0,1,1,0,0,1,1,0,0,1,0,1,0,0,0,0,22,21,28,16,17,7,3,19,2,3,2,c,4,1,1,8
1,1,2,1,6,3,6,,1,4,3,1,1,2,,female,18,2,3,2,4,2,2,2,2,2,2,2,3,3,2,3,3,3,3,1,1,0,3,3,4,3,3,3,3,3,3,3,0,1,1,3,4,3,7,3,3,3,5,0,0,0,0,0,0,0,0,1,1,0,1,1,1,0,0,1,1,0,0,0,23,22,31,12,19,7,8,15,0,5,2,c,4,1,1,8
1,1,2,1,6,3,1,,1,3,3,2,2,3,,female,18,2,2,2,3,1,1,1,0,1,2,1,4,3,2,3,3,2,3,0,2,1,3,1,3,3,3,4,2,3,3,3,1,1,3,3,4,1,3,1,2,2,3,0,0,0,0,0,0,0,0,1,1,0,1,1,0,0,0,1,1,0,1,0,14,23,28,13,29,7,3,11,0,4,3,c,4,1,1,5
1,1,2,1,6,3,6,,1,3,3,2,1,2,,female,17,2,3,3,4,2,3,4,2,3,2,3,3,3,2,3,2,2,3,1,1,1,3,2,3,3,2,4,2,2,3,3,1,1,2,2,1,2,3,3,3,4,5,0,0,1,1,0,1,0,1,1,1,0,1,0,0,0,0,1,1,0,1,0,29,21,27,9,22,10,10,19,3,4,3,c,4,5,1,8
1,1,2,1,6,3,5,,1,3,2,2,1,2,,female,18,2,3,3,4,2,3,2,3,2,4,3,3,3,1,3,0,2,2,1,1,1,3,3,3,2,2,4,3,3,3,3,2,1,2,1,1,2,5,6,6,4,7,0,0,1,0,1,0,1,1,1,1,0,1,0,0,1,0,1,1,0,0,0,29,17,29,9,12,10,10,19,3,4,3,c,4,1,1,5
1,"1,5",3,1,6,2,5,,1,3,3,1,1,3,,female,17,2,1,1,4,0,2,3,2,2,1,1,4,4,2,3,1,3,4,2,1,3,3,3,3,4,3,3,3,2,3,3,2,3,3,1,3,3,3,2,2,5,7,0,0,0,1,0,0,0,0,1,1,0,1,0,1,0,0,1,0,0,0,0,17,27,30,15,21,6,6,11,1,4,1,c,4,1,1,8
1,1,2,3,6,6,1,,1,3,3,2,1,2,4,female,20,2,2,2,4,3,2,3,1,2,2,4,3,3,1,3,1,3,3,0,0,0,3,2,2,2,2,3,2,2,3,3,3,2,3,0,2,2,2,2,2,1,2,0,1,0,1,0,0,0,1,1,1,0,1,0,1,0,0,1,1,0,1,1,25,17,24,12,31,11,8,17,2,5,4,c,4,1,1,8
1,1,2,1,6,3,5,,1,1,2,2,1,3,,female,18,2,4,4,4,2,3,2,3,2,4,4,3,3,1,4,1,2,2,0,1,1,3,3,3,3,4,3,4,3,4,4,0,0,0,0,0,0,7,7,6,6,7,0,0,1,0,1,0,1,1,1,1,0,1,0,0,1,0,1,1,0,0,0,32,18,34,0,7,10,10,22,3,4,3,c,4,1,1,8
1,1,2,1,6,3,1,,1,3,3,2,2,2,,male,17,2,3,1,3,2,2,2,3,2,4,3,3,3,3,4,2,3,3,1,3,3,3,3,2,2,3,2,3,3,3,3,4,2,3,1,0,4,1,1,1,1,1,0,0,0,0,1,0,1,1,1,1,1,1,0,1,0,0,0,0,0,0,1,25,28,27,14,35,9,9,16,2,6,1,c,4,1,8,6
1,1,2,1,6,3,1,,1,3,2,2,1,2,,female,17,2,2,2,3,2,2,2,2,2,1,2,3,2,1,2,1,2,2,1,1,1,3,2,3,2,2,3,3,3,3,2,1,1,1,2,1,2,5,2,4,5,6,0,0,0,0,0,0,0,0,1,0,0,0,0,0,1,0,1,1,0,1,0,20,16,26,8,18,5,8,12,0,1,4,c,4,1,1,7
1,1,2,1,6,3,1,,1,2,3,2,1,3,,female,18,2,3,2,3,2,2,2,2,2,2,2,3,3,1,3,1,3,3,1,1,1,3,3,3,2,3,3,3,3,3,3,2,3,4,1,1,2,3,2,2,3,3,0,0,0,0,0,0,0,0,1,1,0,1,0,1,0,0,1,1,0,0,0,22,20,29,13,27,6,8,14,0,4,2,c,4,1,1,6
1,1,1,1,6,6,6,,1,3,2,2,1,1,,unknown,18,2,2,3,4,2,2,2,2,2,1,1,2,3,2,2,2,2,2,1,0,0,3,3,3,3,2,3,2,3,3,3,1,1,1,1,1,1,2,3,3,2,4,0,0,0,0,0,0,0,0,0,1,0,0,0,0,1,0,1,1,0,0,0,21,16,28,6,26,4,8,13,0,1,3,c,3,1,3,8
1,1,1,1,6,3,1,,1,2,3,2,1,1,,female,18,2,2,3,3,2,2,4,3,4,3,2,4,4,2,4,1,2,2,0,2,1,3,3,3,2,3,3,2,1,4,4,1,1,2,3,2,3,6,6,6,6,7,0,0,0,1,1,1,1,0,1,1,0,1,0,0,1,0,1,1,0,0,0,28,22,28,12,9,10,11,17,4,3,3,c,4,1,1,5
1,1,1,1,7,5,1,,1,3,3,1,1,2,,male,18,2,2,3,2,0,3,1,3,2,1,1,4,4,3,3,1,3,3,2,2,3,3,3,3,3,3,4,3,4,2,3,3,4,3,3,1,3,6,6,6,5,7,1,0,1,0,1,0,0,0,1,1,1,1,0,1,0,0,1,0,0,0,0,18,28,31,17,10,9,8,10,3,5,1,c,4,1,1,8
1,1,2,1,6,3,4,,1,3,3,1,1,1,,female,18,2,4,4,4,1,3,3,2,3,4,4,3,3,1,4,2,2,1,1,1,1,4,3,3,2,3,4,1,2,3,3,1,0,1,1,0,1,2,2,3,3,7,0,0,1,1,0,1,1,1,1,1,0,1,0,0,1,0,1,1,0,0,0,32,19,28,4,23,11,9,23,4,4,3,c,4,1,1,8
1,1,2,1,6,2,2,,1,4,3,2,1,2,,female,18,2,2,3,4,3,3,4,1,3,2,4,3,3,2,4,0,2,1,1,2,2,4,4,3,2,4,4,2,3,4,4,3,2,3,0,1,2,5,4,2,2,5,0,1,1,1,0,1,0,1,1,1,0,1,0,0,1,0,1,1,0,0,0,29,20,34,11,22,11,10,19,4,4,3,c,4,1,1,6
1,1,2,1,6,6,6,,2,3,2,2,1,2,,female,24,2,2,2,2,2,2,2,1,1,2,2,3,3,2,3,3,3,3,2,2,3,3,2,3,3,2,3,2,2,3,3,3,1,3,2,1,2,3,2,2,3,2,1,0,0,0,0,0,0,0,1,1,0,1,1,1,0,0,1,0,0,1,0,18,27,26,12,28,8,6,12,1,5,2,c,4,1,1,8
1,2,1,1,6,3,6,,2,3,2,2,1,2,,female,18,2,3,3,3,3,3,4,2,4,2,3,2,2,1,2,1,2,2,1,0,0,2,2,2,2,2,3,2,3,3,2,1,1,0,1,1,1,6,3,5,6,7,0,1,1,1,0,1,0,1,0,0,0,0,0,0,1,0,1,1,1,1,1,30,13,23,5,13,11,12,18,4,1,6,c,4,3,1,6
1,1,2,1,6,2,5,,1,3,4,1,1,1,,female,18,2,2,3,3,0,2,2,2,3,1,3,4,4,2,4,3,4,3,0,1,3,3,3,2,4,4,3,3,3,3,4,3,2,4,2,3,2,4,3,2,4,6,0,0,0,0,0,1,0,1,1,1,0,1,1,1,0,0,1,0,0,0,1,21,28,32,16,21,9,7,14,1,6,2,c,4,1,1,7
1,1,2,1,6,6,6,,1,4,3,2,1,3,,female,18,2,3,2,4,1,2,4,1,1,2,4,4,3,3,3,3,2,3,2,2,2,3,3,3,3,3,3,3,2,3,3,1,0,1,0,0,1,5,5,5,2,6,0,0,0,1,0,0,0,1,1,1,1,1,1,0,0,0,1,1,0,0,0,24,27,29,3,17,9,5,19,1,6,2,c,4,3,1,8
1,1,2,1,7,6,1,,1,2,3,2,2,2,,male,18,2,4,2,4,3,2,2,3,3,3,1,3,3,2,3,1,3,3,1,2,1,4,3,3,4,3,4,2,3,3,3,4,3,3,2,1,2,6,2,3,6,2,0,1,0,0,1,1,1,0,1,1,0,1,0,1,0,0,1,1,0,0,0,27,22,32,15,21,10,11,16,4,4,2,c,4,1,1,8
1,1,1,1,6,2,6,,1,2,2,2,1,1,,female,17,2,4,3,4,1,1,2,1,0,4,3,3,2,1,4,1,3,3,2,1,1,2,3,2,1,1,2,2,4,2,2,2,3,3,4,3,4,6,2,4,3,3,0,0,0,0,0,0,1,1,1,0,0,1,0,1,0,0,1,1,1,0,1,23,21,21,19,22,9,3,20,1,4,4,c,4,1,1,8
1,1,2,1,6,3,6,,1,3,3,1,3,3,,female,18,2,2,2,4,2,2,3,1,2,1,2,3,3,2,3,2,3,3,1,2,2,3,2,3,3,3,3,3,3,3,3,3,2,3,2,2,3,1,1,1,1,1,0,0,0,1,0,0,0,0,1,1,0,1,0,1,0,0,1,1,0,1,0,21,24,29,15,35,8,7,14,1,4,3,c,4,3,1,6
1,1,2,1,6,3,5,,1,4,3,2,1,2,,female,18,2,4,2,4,3,2,4,2,3,4,4,3,3,0,3,0,2,2,0,0,0,4,3,3,2,2,4,2,2,2,3,0,0,0,0,0,1,5,2,2,5,3,0,1,0,1,0,1,1,1,1,1,0,1,0,0,1,0,1,1,0,0,0,32,13,27,1,23,11,10,22,4,4,3,c,4,1,1,6
1,1,1,1,6,3,"4,5",,1,4,3,2,1,2,,male,18,2,4,1,3,2,2,3,2,2,3,3,4,4,2,3,2,3,3,1,1,1,3,3,3,3,3,3,3,3,3,3,3,2,3,2,2,3,2,3,2,2,4,0,0,0,1,0,0,1,1,1,1,0,1,0,1,0,0,1,1,0,0,0,25,24,30,15,27,9,8,17,2,5,2,c,4,3,1,8
1,1,3,1,6,3,1,,1,4,3,1,1,3,,female,18,2,3,3,4,1,2,2,2,2,2,2,3,3,2,3,2,3,3,2,2,2,4,3,3,3,3,3,3,3,3,3,3,2,2,2,2,2,4,5,4,4,6,0,0,0,0,0,0,0,0,1,1,0,1,0,1,0,0,1,1,0,0,0,23,25,31,13,17,6,7,16,0,4,2,c,4,3,1,8
1,1,2,1,6,3,6,,1,2,4,1,2,2,,female,18,2,3,4,3,2,3,2,3,2,4,2,3,3,2,3,1,2,2,1,1,1,2,2,2,3,2,3,2,2,3,3,1,3,2,3,2,2,3,3,3,6,3,0,0,1,0,1,0,1,0,1,1,0,1,0,0,1,0,1,1,1,1,1,28,19,24,13,22,12,10,18,3,3,6,c,4,3,1,8
1,1,2,1,6,3,5,,1,3,2,2,1,2,,female,18,2,3,3,4,2,3,2,2,3,2,3,3,3,2,3,2,3,2,1,1,1,3,2,2,3,3,3,2,2,3,3,2,2,2,2,2,2,4,4,4,4,4,0,0,1,0,0,1,0,1,1,1,0,1,0,1,1,0,1,1,0,1,1,27,21,26,12,20,12,10,17,2,5,5,c,4,1,1,8
1,1,2,1,6,3,6,,1,3,3,1,1,1,,female,18,2,4,4,4,2,4,4,2,4,4,4,2,3,1,3,1,2,3,1,1,1,3,2,4,3,3,3,3,3,3,3,1,1,1,1,1,2,7,7,7,7,7,0,0,1,1,0,1,1,1,0,1,0,1,0,0,0,0,1,1,0,1,0,36,18,30,7,5,10,12,24,4,3,3,c,4,1,1,8
1,1,2,1,7,6,6,,1,4,3,1,2,3,,female,18,2,2,1,2,1,1,1,1,1,1,1,3,3,3,3,3,3,3,1,3,3,4,3,3,3,3,4,4,4,4,4,3,3,3,3,3,3,2,1,1,1,1,1,0,0,0,0,0,0,0,1,1,1,1,1,1,0,0,0,0,0,0,0,12,28,36,18,34,7,4,8,1,6,0,c,4,1,1,8
1,1,2,1,6,3,2,,1,4,3,1,1,2,,female,18,2,2,1,3,2,3,1,1,2,2,2,4,4,2,3,3,3,3,1,2,3,4,3,3,3,3,3,3,3,3,3,3,1,4,1,2,3,2,1,1,1,1,0,0,1,0,0,0,0,0,1,1,0,1,1,1,0,0,1,0,0,0,0,19,28,31,14,34,7,8,11,1,5,1,c,4,3,8,7
1,1,2,1,7,6,1,,1,4,4,1,1,3,,female,18,2,2,1,2,1,1,1,1,1,1,1,4,4,3,4,3,4,4,3,2,3,3,3,3,3,3,4,3,3,4,4,4,3,3,4,4,4,2,1,3,2,2,1,0,0,0,0,0,0,0,1,1,1,1,1,1,0,1,1,0,0,0,0,12,34,33,22,30,9,4,8,1,6,2,c,4,1,1,8
1,1,2,1,5,3,"1,6",,1,4,2,2,1,2,,female,17,2,1,1,4,1,2,3,1,2,3,4,4,3,2,3,2,3,3,0,3,2,3,3,3,2,2,3,2,3,3,3,1,2,1,1,2,3,3,3,3,2,5,0,0,0,1,0,0,1,1,1,1,0,1,0,1,0,0,0,1,0,0,0,22,25,27,10,24,8,6,16,2,5,1,c,4,3,8,8
1,1,2,1,6,3,5,,1,4,2,2,1,1,,female,18,2,1,2,4,1,1,2,1,2,2,3,3,4,2,3,2,3,2,3,0,0,3,4,3,4,4,3,2,3,4,3,3,3,1,4,3,3,3,2,2,1,1,0,0,0,0,0,0,0,1,1,1,0,1,0,1,1,1,1,1,0,0,0,19,22,33,17,31,9,5,14,0,5,4,c,4,1,1,8
1,1,1,1,6,3,5,,1,3,3,1,1,2,,female,18,2,4,3,3,2,2,3,2,2,2,2,3,4,1,3,2,3,3,2,1,1,3,2,3,3,3,3,2,3,3,3,2,2,2,3,3,4,4,4,3,4,3,0,0,0,1,0,0,0,0,1,1,0,1,0,1,0,0,1,1,0,1,0,25,23,28,16,22,8,8,17,1,4,3,c,4,1,1,8
1,"1,5",2,1,6,2,1,,1,3,2,2,1,3,,female,19,2,2,2,1,1,2,2,3,2,1,0,3,3,1,3,2,2,2,2,0,0,3,3,3,3,3,3,3,2,2,3,3,3,3,1,3,1,3,2,2,3,5,1,0,0,0,1,0,0,0,1,1,0,1,0,0,1,0,1,1,0,0,0,16,18,28,14,25,8,8,8,2,3,3,c,4,1,1,6
1,1,3,1,6,3,"4,5",,1,4,3,1,1,2,,female,19,2,4,4,3,2,3,3,2,2,3,3,2,3,1,3,2,3,3,0,0,0,3,3,2,2,3,2,1,2,2,3,3,2,3,2,2,3,4,3,3,3,4,0,0,1,1,0,0,1,1,0,1,0,1,0,1,0,0,1,1,0,0,1,29,17,23,15,23,10,9,20,3,4,3,c,4,1,1,4
1,1,2,1,8,3,4,,1,3,3,2,1,2,,male,17,2,2,3,4,3,2,1,3,2,3,3,3,3,2,3,2,3,2,1,0,0,3,3,3,2,3,4,2,2,3,3,2,2,2,2,1,2,5,4,4,5,5,0,1,0,0,1,0,1,1,1,1,0,1,0,1,1,0,1,1,0,0,0,26,19,28,11,17,11,10,16,3,5,3,c,4,1,1,7
1,1,2,1,6,3,6,,1,3,2,2,1,2,,female,18,2,4,3,3,1,3,3,3,3,2,3,3,3,2,3,2,2,3,0,1,1,3,2,3,1,2,3,4,3,3,2,1,2,2,2,3,2,5,3,3,6,6,0,0,1,1,1,1,0,1,1,1,0,1,0,0,0,0,1,1,0,1,0,28,20,26,12,17,11,10,18,4,4,3,c,4,1,1,8
1,1,2,1,6,3,1,,1,4,2,2,2,2,,male,18,2,2,2,4,2,3,2,2,3,3,2,3,3,1,2,2,2,2,1,1,2,2,2,2,3,2,3,3,2,2,3,2,2,2,2,1,2,3,2,6,6,5,0,0,1,0,0,1,1,0,1,1,0,0,0,0,1,0,1,1,1,1,1,25,19,24,11,18,11,10,15,3,2,6,c,4,1,1,8
1,1,1,1,6,3,6,,2,2,2,2,1,2,,female,19,2,2,1,3,2,1,2,2,1,3,2,3,3,2,3,2,3,2,0,2,1,3,3,3,3,3,4,3,3,3,3,3,3,3,3,3,3,2,3,3,1,6,0,0,0,0,0,0,1,0,1,1,0,1,0,1,1,0,1,1,0,0,0,19,21,31,18,25,8,6,13,1,4,3,c,3,1,1,6
1,1,2,1,7,6,1,,1,1,3,2,1,2,,female,18,2,2,3,4,3,2,2,3,2,3,2,3,2,2,2,2,1,2,1,1,1,2,2,3,2,3,3,2,2,3,3,1,2,2,1,1,1,3,3,4,6,7,0,1,0,0,1,0,1,0,1,0,0,0,0,0,1,0,1,1,1,1,0,26,17,25,8,17,9,10,16,3,1,5,c,4,1,1,8
1,1,2,1,6,3,6,,6,3,2,2,1,1,,female,18,2,3,3,4,2,3,4,2,2,4,4,3,4,1,3,1,2,2,0,1,1,3,3,3,2,2,3,1,2,2,2,0,0,1,1,0,1,4,2,3,2,2,0,0,1,1,0,0,1,1,1,1,0,1,0,0,1,0,1,1,0,0,0,31,18,23,3,27,10,9,22,3,4,3,c,4,1,1,8
1,1,1,1,6,3,8,Latin/Hispanic,1,3,3,1,1,1,,female,18,1,3,4,4,2,3,4,2,3,4,4,3,3,2,2,1,2,2,1,1,1,2,3,2,3,4,3,3,3,3,3,1,1,2,1,1,1,6,6,4,5,4,0,0,1,1,0,1,1,1,1,1,0,0,0,0,1,0,1,1,1,0,1,33,18,29,7,15,12,10,23,4,3,5,c,4,1,1,8
1,1,2,1,6,3,5,,1,3,3,1,2,2,,male,18,2,3,3,2,1,3,1,2,0,0,1,4,4,3,4,2,4,2,1,2,3,3,4,3,4,4,4,4,4,3,3,1,1,4,1,0,3,5,3,3,6,7,1,0,1,0,0,0,0,0,1,1,1,1,0,1,1,0,1,0,0,0,0,16,29,36,10,16,9,6,10,2,5,2,c,4,1,1,6
1,1,2,1,7,5,1,,1,2,2,2,1,2,,female,17,2,2,2,3,2,2,3,2,2,2,2,3,3,2,2,1,2,2,1,2,1,3,2,2,3,3,3,3,3,3,3,2,2,2,1,2,2,4,4,3,4,5,0,0,0,1,0,0,0,0,1,1,0,0,0,0,1,0,1,1,0,1,1,22,19,28,11,20,8,8,14,1,2,5,c,4,1,1,8
1,1,2,1,6,3,5,,1,3,3,1,1,2,,male,18,2,4,0,1,4,1,2,2,3,2,1,2,2,3,1,0,2,3,1,2,2,2,1,4,1,2,1,2,4,2,3,3,1,3,2,1,4,2,4,3,3,4,1,1,0,0,0,1,0,0,0,0,1,0,0,0,0,0,1,1,1,1,0,20,18,22,14,24,8,10,10,3,1,4,c,4,1,1,8
1,1,2,1,6,3,5,,1,4,3,2,1,2,,female,17,2,4,3,3,1,1,2,2,1,3,3,3,3,2,3,2,3,3,1,1,1,3,3,2,2,2,3,2,2,3,3,3,2,2,2,2,2,4,3,3,3,5,0,0,0,0,0,0,1,1,1,1,0,1,0,1,0,0,1,1,0,0,1,23,22,25,13,22,9,5,18,1,5,3,c,4,1,1,8
1,1,2,1,6,3,1,,1,2,2,2,1,3,,female,18,2,2,2,3,3,2,2,3,2,3,2,3,2,2,3,1,2,2,1,1,1,2,2,2,2,2,3,2,2,2,2,1,2,1,2,2,2,4,3,3,5,6,0,1,0,0,1,0,1,0,1,0,0,1,0,0,1,0,1,1,1,1,1,24,18,21,10,19,11,10,14,3,2,6,c,4,1,1,7
1,1,2,1,6,3,6,,1,3,3,1,2,3,,unknown,18,2,2,1,3,3,2,4,2,2,2,3,3,3,2,3,2,3,3,2,2,2,4,4,3,3,4,4,3,3,3,4,3,4,3,3,3,3,6,6,3,2,4,0,1,0,1,0,0,0,1,1,1,0,1,0,1,0,0,1,1,0,0,0,24,25,35,19,19,9,9,15,2,5,2,c,4,1,,8
1,1,2,1,6,2,5,,1,3,3,2,1,1,,female,18,2,2,3,4,2,3,2,3,1,0,4,4,4,0,4,3,3,2,2,1,3,4,2,3,2,3,4,1,3,2,3,1,1,4,1,3,1,5,6,6,3,7,0,0,1,0,1,0,0,1,1,1,0,1,1,1,1,0,1,0,0,1,0,24,26,27,11,13,11,9,15,2,6,3,c,4,1,1,7
1,1,2,1,6,3,5,,1,3,3,1,1,2,,female,18,2,3,3,3,2,3,4,2,2,1,3,3,3,2,2,2,2,2,2,1,1,3,2,3,3,3,2,3,2,3,2,1,2,2,2,2,2,3,4,4,5,3,0,0,1,1,0,0,0,1,1,1,0,0,0,0,1,0,1,1,0,1,0,26,20,26,11,21,9,9,17,2,3,4,c,4,3,1,6
1,1,2,1,6,3,6,,1,4,3,1,1,3,,female,18,2,2,3,3,2,2,3,2,2,2,2,3,3,2,3,2,3,3,2,2,2,3,2,4,3,3,3,2,3,3,3,1,2,3,1,2,2,4,3,2,2,2,0,0,0,1,0,0,0,0,1,1,0,1,0,1,0,0,1,1,0,1,0,23,25,29,11,27,8,8,15,1,4,3,c,4,1,1,8
1,1,2,1,6,3,4,,1,3,3,1,2,2,,male,18,2,2,2,3,0,1,2,2,2,0,2,3,3,3,4,3,3,3,1,3,3,4,3,3,4,4,4,4,4,4,4,2,3,4,3,3,1,3,1,1,1,1,0,0,0,0,0,0,0,0,1,1,1,1,1,1,0,0,0,0,0,0,0,16,29,38,16,33,6,5,11,0,6,0,c,2,1,1,8
1,1,2,1,6,12,6,,2,4,4,1,1,2,,female,19,2,2,2,3,1,1,2,1,1,2,1,3,3,2,3,2,3,3,1,2,2,3,2,3,3,3,3,4,4,4,3,3,2,2,3,3,3,2,3,2,2,2,0,0,0,0,0,0,0,0,1,1,0,1,0,1,0,0,1,1,0,1,0,16,24,32,16,29,7,4,12,0,4,3,c,4,3,4,7
1,1,2,1,6,2,6,,2,4,3,1,1,2,,female,19,2,3,4,4,3,3,3,2,3,4,4,4,3,1,3,1,2,2,1,1,2,3,3,3,2,3,3,2,3,3,3,0,0,0,0,1,0,6,2,3,2,2,0,1,1,1,0,1,1,1,1,1,0,1,0,0,1,0,1,1,0,0,0,33,20,28,1,25,12,11,22,5,4,3,c,4,3,1,8
1,1,2,1,6,3,2,,1,3,3,2,1,2,,female,18,2,4,4,4,2,2,4,2,2,4,3,3,3,2,3,2,3,3,2,1,1,3,2,3,2,2,3,2,3,3,2,3,4,3,3,3,4,5,3,4,5,7,0,0,0,1,0,0,1,1,1,1,0,1,0,1,0,0,1,1,0,1,0,31,23,25,20,16,10,8,23,2,5,3,c,4,3,1,8
1,1,2,1,6,3,"2,4",,1,3,4,1,2,1,,male,17,2,0,0,4,0,2,3,1,2,1,2,4,3,3,3,3,3,4,3,3,3,4,2,3,3,2,3,3,3,3,3,1,3,2,3,3,3,3,1,1,1,2,0,0,0,1,0,0,0,0,1,1,1,1,1,1,0,1,0,0,0,1,0,15,32,29,15,32,9,5,10,1,6,2,c,2,3,1,8
1,1,2,1,6,3,6,,1,1,3,2,1,2,,female,18,2,3,3,4,2,2,2,3,2,3,3,3,2,2,3,1,3,3,1,1,1,3,2,3,3,3,3,3,3,3,3,3,1,3,2,2,2,6,5,5,6,5,0,0,0,0,1,0,1,1,1,0,0,1,0,1,0,0,1,1,0,1,0,27,20,29,13,13,9,9,18,2,4,3,c,4,1,1,8
1,1,2,1,6,3,5,,1,4,2,2,1,2,,female,18,2,0,0,4,1,1,1,0,1,3,2,4,4,3,3,3,4,4,2,3,3,3,3,4,4,3,4,4,3,4,4,4,1,4,0,2,4,2,2,2,2,1,0,0,0,0,0,0,1,0,1,1,1,1,1,1,0,0,0,0,0,0,0,13,33,36,15,31,7,3,10,1,6,0,c,4,1,1,7
1,1,3,1,7,4,9,,1,3,2,1,2,3,,female,19,2,2,1,3,1,2,1,2,1,2,1,3,2,1,2,1,3,2,1,1,1,3,2,3,3,2,3,3,4,4,4,3,3,2,2,3,2,5,4,3,4,4,0,0,0,0,0,0,0,0,1,0,0,0,0,1,1,0,1,1,0,1,0,16,17,31,15,20,6,6,10,0,2,4,c,2,3,8,4
1,1,2,1,6,3,1,,1,3,2,2,1,2,,female,18,2,1,1,3,1,1,2,1,1,1,0,4,3,2,3,2,3,3,0,1,3,3,3,3,2,2,4,2,3,2,3,3,3,2,3,3,4,4,3,2,3,3,0,0,0,0,0,0,0,0,1,1,0,1,0,1,0,0,1,0,0,0,0,12,24,27,18,25,5,4,8,0,4,1,c,4,1,1,6
1,1,2,1,6,3,5,,1,3,3,1,1,2,,male,18,2,2,2,4,2,2,2,1,2,3,1,3,3,3,3,2,3,2,1,1,2,3,3,3,3,2,3,4,2,3,3,2,2,3,1,1,3,5,5,4,6,5,0,0,0,0,0,0,1,0,1,1,1,1,0,1,1,0,1,1,0,0,0,21,23,29,12,15,9,7,14,1,5,3,c,4,1,1,8
1,1,1,3,6,3,5,,1,3,2,2,1,2,3,female,20,2,4,3,4,2,2,4,1,3,4,2,3,4,2,3,1,2,2,1,0,2,4,2,2,2,3,3,1,2,3,3,0,1,1,1,2,2,4,2,2,2,4,0,0,0,1,0,1,1,0,1,1,0,1,0,0,1,0,1,1,0,1,1,29,20,25,7,26,11,8,21,3,3,5,c,4,1,,8
1,1,2,1,6,3,1,,1,2,2,2,1,2,,female,18,2,3,4,4,2,2,4,2,3,4,4,3,3,1,2,2,2,1,0,1,1,3,2,3,2,3,3,3,3,3,3,1,1,3,1,0,1,3,2,3,2,6,0,0,0,1,0,1,1,1,1,1,0,0,0,0,1,0,1,1,0,1,0,32,16,28,7,24,10,9,23,3,3,4,c,4,1,1,8
1,1,2,3,6,3,"2,4,8",Arabic,1,4,3,2,2,3,3,female,19,2,3,4,4,2,1,4,2,0,4,4,4,4,2,2,2,3,2,2,3,3,3,3,4,4,4,3,1,3,3,2,4,3,4,3,4,2,2,4,3,3,1,0,0,0,1,0,0,1,1,1,1,0,0,0,1,1,0,0,0,0,0,0,28,27,30,20,27,7,5,23,2,4,1,c,4,1,1,8
1,1,2,1,6,3,1,,1,4,4,1,1,2,,male,17,2,2,1,3,1,2,1,1,2,1,1,3,3,2,4,2,2,2,1,1,1,3,3,3,2,3,4,3,3,3,3,1,1,1,1,2,2,2,2,2,3,3,0,0,0,0,0,0,0,0,1,1,0,1,0,0,1,0,1,1,0,0,0,15,21,30,8,28,6,6,9,0,3,3,c,4,1,1,4
1,1,1,1,6,3,5,,1,3,3,2,1,2,,female,17,2,2,2,3,1,2,2,2,2,1,2,3,3,2,3,2,3,3,2,2,3,3,2,3,3,3,4,3,3,3,3,2,2,3,2,2,3,3,5,4,2,5,0,0,0,0,0,0,0,0,1,1,0,1,0,1,0,0,1,0,0,1,0,19,26,30,14,21,6,7,12,0,4,2,c,4,1,1,8
1,1,2,1,5,2,6,,1,2,4,1,2,2,,female,17,1,2,3,4,3,2,4,1,2,3,3,1,1,0,2,0,1,2,1,0,0,3,3,2,3,3,3,1,2,3,3,0,0,0,1,0,0,5,6,5,3,6,0,1,0,1,0,0,1,1,0,0,0,0,0,0,1,0,1,1,0,0,1,27,8,26,1,15,8,8,19,3,1,4,c,,1,1,7
1,1,2,1,6,3,4,,1,3,3,1,1,2,,female,18,2,3,4,4,3,3,4,3,4,3,4,4,4,1,2,1,2,2,2,1,2,2,4,3,3,3,3,1,1,2,2,1,1,4,1,2,2,3,2,3,6,6,0,1,1,1,1,1,1,1,1,1,0,0,0,0,1,0,1,1,1,0,0,35,21,24,11,20,13,13,22,6,3,4,c,4,1,1,7
1,1,2,1,6,3,4,,1,3,2,1,1,3,,female,18,2,2,4,4,0,2,3,2,1,3,2,4,4,3,3,3,3,3,1,3,3,4,4,3,4,4,4,4,3,4,4,0,0,2,1,2,1,3,2,2,2,4,0,0,0,1,0,0,1,0,1,1,1,1,1,1,0,0,0,0,0,0,0,23,30,38,6,27,8,5,18,2,6,0,c,4,3,1,8
1,1,1,1,6,12,6,,1,1,3,1,1,2,,female,25,2,4,3,4,2,1,3,3,2,2,3,2,2,1,3,2,1,1,0,1,1,3,3,3,2,2,3,2,2,3,2,1,3,2,3,2,2,6,3,6,3,5,0,0,0,1,1,0,0,1,0,0,0,1,0,0,1,0,1,1,0,0,0,27,14,25,13,17,7,8,19,2,2,3,c,4,1,3,8
1,"1,7",2,2,5,3,7,,2,3,3,2,1,1,4,female,20,3,4,4,4,1,3,4,3,1,3,4,3,3,2,3,2,2,2,0,1,1,3,2,3,4,4,3,2,3,4,4,2,2,2,3,4,2,6,4,5,6,6,0,0,1,1,1,0,1,1,1,1,0,1,0,0,1,0,1,1,0,1,0,31,19,32,15,13,12,8,23,4,4,4,c,4,3,1,8
1,1,3,1,6,2,9,,1,4,3,2,1,1,,female,17,2,3,2,3,1,2,1,4,2,0,3,3,3,3,2,3,3,3,0,2,3,2,2,2,3,2,3,2,3,3,3,2,2,3,2,3,1,4,5,3,5,2,0,0,0,0,1,0,0,1,1,1,1,0,1,1,0,0,1,0,1,1,1,21,25,25,13,21,11,9,12,1,6,4,c,4,1,1,7
1,1,2,1,6,3,6,,1,3,3,1,2,3,,female,18,2,2,2,4,2,1,3,3,3,2,3,4,4,2,3,3,3,3,1,2,3,4,2,3,3,3,3,3,4,3,3,3,3,3,3,3,3,3,3,2,2,4,0,0,0,1,1,1,0,1,1,1,0,1,1,1,0,0,1,0,0,1,0,25,28,31,18,26,11,9,16,3,6,2,c,4,1,1,5
1,1,2,1,6,3,5,,1,4,3,2,1,2,,female,17,2,1,1,2,2,2,2,2,2,2,2,3,3,2,3,2,3,3,0,1,1,3,3,3,3,3,3,3,3,3,3,3,2,2,2,2,2,2,2,2,5,4,1,0,0,0,0,0,0,0,1,1,0,1,0,1,0,0,1,1,0,0,0,18,21,30,13,25,7,8,10,1,4,2,c,4,1,1,7
1,1,2,1,6,3,5,,1,3,3,2,1,2,,female,17,2,4,3,4,2,3,4,3,4,2,3,3,3,1,3,2,3,2,0,0,1,3,2,3,2,2,3,2,1,2,2,3,1,3,1,3,4,3,1,3,4,2,0,0,1,1,1,1,0,1,1,1,0,1,0,1,1,0,1,1,0,1,0,32,18,22,15,27,13,12,20,4,5,4,c,4,1,1,8
1,1,2,1,6,2,6,,2,4,2,2,1,1,,female,18,1,2,2,4,2,1,4,2,1,1,2,3,3,2,3,2,2,2,0,0,1,3,3,3,2,3,3,2,2,2,3,2,2,2,1,2,2,4,4,5,4,6,0,0,0,1,0,0,0,0,1,1,0,1,0,0,1,0,1,1,0,0,0,21,18,26,11,17,7,6,15,1,3,3,c,4,3,1,8
1,1,1,1,6,3,6,,1,4,4,1,1,3,,male,18,2,1,2,2,1,2,1,2,1,2,1,3,3,3,4,3,3,3,3,3,3,4,3,3,3,3,4,4,4,4,3,1,2,4,2,4,3,2,3,2,4,6,1,0,0,0,0,0,0,0,1,1,1,1,1,1,0,1,0,0,0,0,0,15,31,35,16,23,8,6,9,1,6,1,c,4,1,1,8
1,1,2,2,6,3,6,,1,3,3,2,2,2,4,female,19,2,2,2,2,2,2,2,2,2,2,2,3,3,1,3,1,3,3,2,2,2,2,2,2,2,2,2,2,2,2,4,4,1,3,1,1,3,4,4,4,4,4,1,0,0,0,0,0,0,0,1,1,0,1,0,1,0,0,1,1,1,1,1,20,23,22,13,20,10,8,12,1,4,5,c,4,1,1,6
1,1,2,1,6,3,5,,1,3,2,2,1,1,,female,18,2,3,4,4,2,2,3,2,2,3,3,3,3,2,2,1,2,2,0,2,2,3,2,3,2,3,2,1,2,3,3,1,3,1,3,4,3,6,3,5,5,2,0,0,0,1,0,0,1,1,1,1,0,0,0,0,1,0,1,1,0,1,0,28,19,24,15,19,9,8,20,2,3,4,c,4,1,1,8
1,1,2,1,7,5,1,,1,1,2,1,1,2,,female,18,2,3,4,2,1,2,2,1,2,1,2,3,2,1,3,1,2,2,0,1,1,3,2,3,3,3,3,3,3,3,3,1,1,1,1,1,2,3,2,3,3,6,1,0,0,0,0,0,0,0,1,0,0,1,0,0,1,0,1,1,0,1,0,20,16,29,7,23,7,6,14,1,2,4,c,4,1,1,4
1,1,2,1,7,6,6,,1,3,3,2,1,2,,female,19,2,4,3,4,3,3,3,2,4,3,4,1,1,2,1,1,1,1,1,0,0,2,2,3,3,2,3,1,1,2,2,1,1,0,0,1,2,5,4,3,3,7,0,1,1,1,0,1,1,1,0,0,0,0,0,0,1,0,1,1,1,1,0,33,9,21,5,18,11,12,21,5,1,5,c,4,1,3,8
1,1,2,2,7,2,6,,1,3,3,1,1,3,4,female,18,2,1,0,3,2,2,2,3,2,0,1,3,3,2,3,3,3,3,1,1,1,3,3,3,4,4,3,4,3,3,3,3,3,1,3,3,2,3,3,2,2,5,0,0,0,0,1,0,0,0,1,1,0,1,1,1,0,0,1,1,0,0,0,16,23,33,15,25,8,9,7,1,5,2,c,4,1,1,8
1,1,2,1,6,3,5,,1,2,2,2,1,1,,female,19,1,4,4,4,4,4,0,4,4,4,4,2,1,0,1,0,1,1,0,0,0,4,4,1,1,4,4,1,4,4,4,0,4,2,2,4,0,7,4,7,7,7,0,1,1,0,1,1,1,1,0,0,0,0,0,0,1,0,1,1,0,0,1,36,6,31,12,8,10,16,20,5,1,4,c,2,1,1,8
1,1,2,1,6,3,1,,1,3,2,2,1,2,,female,18,2,2,2,4,2,2,3,3,3,2,3,3,3,1,2,1,2,2,1,1,1,3,3,3,2,3,3,2,2,2,3,1,3,1,3,3,4,5,2,2,3,4,0,0,0,1,1,1,0,1,1,1,0,0,0,0,1,0,1,1,0,0,0,26,17,26,15,24,9,10,16,3,3,3,c,4,3,1,6
1,1,1,1,6,3,8,Hispanic/Latino,1,3,2,2,1,2,,female,18,2,4,3,4,1,1,3,1,2,4,3,3,4,1,3,2,3,3,2,1,2,3,3,2,2,2,3,3,3,2,3,3,2,4,2,2,3,4,4,2,2,3,0,0,0,1,0,0,1,1,1,1,0,1,0,1,0,0,1,1,0,0,1,26,24,26,16,25,10,5,21,2,5,3,c,4,1,1,8
1,1,2,1,7,2,4,,6,1,2,1,1,2,,female,18,2,4,4,4,2,3,4,3,4,0,4,2,3,1,3,1,2,2,0,0,1,2,2,3,3,2,3,2,3,3,1,1,2,2,1,1,2,6,5,6,7,6,0,0,1,1,1,1,0,1,0,1,0,1,0,0,1,0,1,1,1,1,0,32,15,24,9,10,12,12,20,4,3,5,c,4,1,1,6
1,1,2,1,6,3,5,,1,4,2,2,1,2,,female,18,2,4,4,4,4,4,4,3,3,4,4,4,4,1,3,2,3,3,0,1,2,4,3,3,2,3,4,2,3,3,2,3,1,2,2,2,3,2,2,2,5,6,0,1,1,1,1,1,1,1,1,1,0,1,0,1,0,0,1,1,0,0,0,38,23,29,13,23,13,14,24,6,5,2,c,4,1,1,8
1,1,2,1,4,2,4,,2,3,2,2,2,2,,female,22,2,2,2,4,2,3,3,3,3,2,2,3,3,2,3,1,3,3,0,0,0,3,1,2,2,2,2,2,2,2,2,2,1,3,0,1,1,5,5,5,5,7,0,0,1,1,1,1,0,0,1,1,0,1,0,1,0,0,1,1,0,1,1,26,18,20,8,13,12,11,15,4,4,4,c,4,3,1,7
1,1,2,1,6,3,"4,5",,1,1,3,1,1,2,,female,18,2,2,1,4,3,3,3,3,4,1,4,3,3,1,2,2,3,2,1,1,1,1,2,2,1,1,2,2,2,2,2,2,0,1,1,2,2,2,3,3,2,5,0,1,1,1,1,1,0,1,1,1,0,0,0,1,1,0,1,1,1,1,1,28,19,17,8,25,15,13,15,5,4,6,c,4,1,1,8
1,1,2,1,6,12,2,,1,3,3,1,1,2,,female,18,2,2,1,4,2,2,2,2,2,1,4,3,3,3,3,3,3,4,1,2,3,3,2,3,2,3,3,3,3,3,3,1,2,3,3,3,3,2,2,2,1,3,0,0,0,0,0,0,0,1,1,1,1,1,1,1,0,0,1,0,0,1,0,22,28,28,15,30,9,8,14,0,7,2,c,4,1,8,8
1,1,2,1,6,3,5,,1,2,1,2,1,1,,female,17,2,3,3,4,1,2,4,3,2,4,3,2,2,2,3,2,3,1,0,0,2,3,3,2,2,3,4,2,4,4,3,1,2,4,2,3,3,6,5,5,7,7,0,0,0,1,1,0,1,1,0,0,0,1,0,1,1,0,1,1,0,0,1,29,17,30,15,10,10,8,21,3,3,4,c,4,1,8,7
1,2,1,2,2,1,6,,3,3,3,1,2,3,3,female,37,2,1,1,2,1,1,2,2,1,1,1,4,4,3,3,3,4,4,3,2,2,3,2,3,3,3,3,3,3,3,3,3,4,4,3,4,4,2,1,1,2,2,1,0,0,0,0,0,0,0,1,1,1,1,1,1,0,1,1,1,0,1,0,13,32,29,22,32,11,5,8,1,6,4,c,2,1,1,3
1,1,2,1,5,3,"6,7",,1,3,3,1,1,3,,male,18,2,3,3,4,1,2,2,2,3,1,3,4,4,2,3,2,3,3,2,2,2,3,3,3,3,3,3,3,2,3,3,3,2,2,2,3,3,2,1,2,1,3,0,0,0,0,0,1,0,1,1,1,0,1,0,1,0,0,1,1,0,0,0,24,27,29,15,31,8,8,16,1,5,2,c,4,1,1,8
1,1,2,1,6,3,8,Indo-african,1,2,2,2,1,2,,male,18,2,3,4,4,2,3,1,3,3,3,4,3,3,1,2,1,1,2,0,0,0,3,2,2,3,3,3,4,3,4,4,3,1,3,1,1,2,5,2,3,6,6,0,0,1,0,1,1,1,1,1,1,0,0,0,0,1,0,1,1,0,1,1,30,13,31,11,18,12,11,19,4,3,5,c,4,1,1,8
1,1,2,1,6,3,8,Indo-african,2,2,2,2,1,2,,male,18,2,3,4,3,2,3,2,2,3,4,4,3,3,2,3,2,3,3,1,1,1,4,3,3,3,2,4,2,3,4,3,2,0,2,2,1,2,6,7,5,6,7,0,0,1,0,0,1,1,1,1,1,0,1,0,1,0,0,1,1,0,0,0,30,22,31,9,9,10,10,20,3,5,2,c,4,1,1,8
1,1,2,1,6,3,6,,1,3,2,2,1,2,,female,18,1,2,4,4,2,3,3,2,2,0,3,2,2,1,2,1,2,2,2,0,0,2,1,2,1,2,3,1,2,2,3,0,1,0,1,1,1,4,2,5,2,2,0,0,1,1,0,0,0,1,0,0,0,0,0,0,1,0,1,1,1,1,1,25,14,19,4,25,9,9,16,2,1,6,c,4,1,1,5
1,1,2,1,6,2,5,,1,3,2,2,1,1,,female,18,2,2,2,4,1,2,2,2,1,3,2,2,3,2,3,2,4,2,1,0,0,3,2,3,4,3,4,3,3,4,3,3,2,3,2,2,3,5,3,6,4,4,0,0,0,0,0,0,1,0,0,1,0,1,0,1,1,0,1,1,0,1,0,21,19,32,15,18,8,6,15,1,3,4,c,4,1,1,7
1,"1,7",2,1,6,2,6,,1,3,3,1,1,3,,female,25,2,2,4,4,2,3,3,2,2,1,3,4,4,3,3,3,3,3,1,1,2,3,3,3,3,4,4,4,3,3,4,4,3,3,2,3,3,3,3,3,2,3,0,0,1,1,0,0,0,1,1,1,1,1,1,1,0,0,1,1,0,0,0,26,27,34,18,26,11,9,17,2,7,2,c,2,1,1,8
1,1,2,1,6,3,7,,1,3,3,2,2,4,,female,18,2,3,3,4,2,2,3,2,2,3,4,4,3,1,3,1,2,1,0,0,0,3,4,3,3,3,3,3,3,3,3,3,0,3,1,1,3,3,5,5,4,7,0,0,0,1,0,0,1,1,1,1,0,1,0,0,1,0,1,1,0,0,0,28,15,31,11,16,9,8,20,2,4,3,c,4,1,1,4
1,1,1,1,5,3,1,,1,3,1,2,1,1,,female,18,2,3,3,4,3,3,2,3,4,0,3,3,3,2,2,2,3,2,0,0,0,3,3,3,3,3,3,2,3,3,3,3,0,2,0,1,2,3,3,3,4,5,0,1,1,0,1,1,0,1,1,1,0,0,0,1,1,0,1,1,0,0,0,28,17,29,8,22,11,13,15,4,4,3,c,4,1,8,6
1,1,2,1,6,3,1,,1,3,4,1,1,3,,female,18,2,1,1,3,1,2,3,0,1,0,2,4,4,3,4,3,4,4,1,1,3,4,3,4,4,4,4,4,2,4,4,3,4,4,3,2,4,2,1,1,1,1,0,0,0,1,0,0,0,0,1,1,1,1,1,1,0,0,1,0,0,0,0,14,31,37,20,34,8,4,10,1,6,1,c,4,1,1,7
1,1,2,1,6,2,5,,1,4,3,1,1,2,,female,18,2,2,3,4,3,2,1,3,3,3,4,2,3,1,2,0,2,1,0,3,3,3,2,2,2,2,3,2,3,3,2,2,1,2,0,1,1,4,5,5,4,6,0,1,0,0,1,1,1,1,0,1,0,0,0,0,1,0,0,0,0,1,1,28,17,24,7,16,9,11,17,4,2,3,c,4,1,6,4
1,1,2,1,6,3,5,,1,4,2,2,1,2,,female,18,2,2,2,4,1,3,4,3,4,2,2,4,4,3,4,3,4,4,3,2,2,4,3,3,3,3,4,3,4,4,4,4,3,3,3,1,3,2,6,5,6,7,0,0,1,1,1,1,0,0,1,1,1,1,1,1,0,1,1,1,0,0,0,27,33,35,17,14,13,11,16,4,6,3,c,4,1,1,8
1,1,1,1,6,2,5,,1,2,3,2,1,2,,unknown,17,2,3,3,4,2,2,3,3,4,1,2,2,3,1,3,1,2,2,2,0,1,3,3,3,3,2,3,2,2,3,4,2,2,3,3,4,3,4,3,3,4,3,0,0,0,1,1,1,0,0,0,1,0,1,0,0,1,0,1,1,0,0,0,27,17,28,17,23,8,11,16,3,2,3,c,4,1,1,8
1,1,1,1,6,2,5,,1,3,3,1,1,2,,unknown,18,2,3,3,4,3,3,4,3,4,2,4,2,2,1,3,1,2,2,1,1,1,3,3,2,3,2,3,4,3,3,3,2,3,2,1,0,2,5,5,6,3,7,0,1,1,1,1,1,0,1,0,0,0,1,0,0,1,0,1,1,0,0,1,33,16,29,10,14,11,13,20,5,2,4,c,4,3,1,8
1,1,2,1,6,2,5,,1,2,2,1,1,1,,female,18,2,4,4,3,2,2,1,3,3,4,2,3,3,1,3,0,2,2,1,0,1,3,2,3,3,3,3,3,2,2,3,3,0,2,0,1,3,5,3,3,2,7,0,0,0,0,1,1,1,0,1,1,0,1,0,0,1,0,1,1,0,1,0,28,16,27,9,20,10,10,18,3,3,4,c,4,1,1,8
1,1,2,5,5,5,1,,1,2,4,1,1,2,3,female,23,1,4,3,4,1,2,2,2,2,4,3,4,4,2,4,2,3,3,0,0,0,4,2,3,3,3,3,3,4,4,3,1,2,2,2,0,3,2,2,2,3,2,0,0,0,0,0,0,1,1,1,1,0,1,0,1,0,0,1,1,0,1,0,27,22,32,10,29,9,7,20,1,5,3,c,4,1,5,5
1,1,2,1,6,5,"4,6",,1,3,3,1,1,1,,female,18,2,2,4,4,3,3,2,3,4,3,3,2,2,1,2,2,2,2,1,1,1,3,2,3,2,2,3,1,3,3,2,0,1,0,1,1,1,7,7,7,7,7,0,1,1,0,1,1,1,1,0,0,0,0,0,0,1,0,1,1,0,1,0,31,16,24,4,5,10,13,18,5,1,4,c,4,1,1,6
1,"1,7",2,1,6,2,6,,1,2,3,2,2,3,,female,19,2,3,3,4,3,2,3,2,2,2,4,3,3,1,3,2,2,2,1,1,1,3,2,3,2,2,3,1,3,3,3,2,2,3,2,2,3,2,1,2,3,6,0,1,0,1,0,0,0,1,1,1,0,1,0,0,1,0,1,1,0,1,0,28,19,25,14,26,10,9,19,2,4,4,c,4,3,1,8
1,1,2,1,6,2,5,,1,3,3,1,1,2,,female,17,2,2,3,3,2,2,4,2,2,3,4,3,2,2,2,1,3,2,0,0,0,3,2,3,4,3,4,4,3,3,2,1,2,1,3,1,2,3,5,3,4,6,0,0,0,1,0,0,1,1,1,0,0,0,0,1,1,0,1,1,0,1,0,27,15,31,10,19,9,8,19,2,3,4,c,4,1,1,4
1,1,1,1,6,6,2,,1,3,5,2,1,2,,female,19,2,1,2,2,2,2,3,1,4,2,3,4,3,2,2,1,2,3,0,1,3,2,2,2,3,3,3,3,2,3,4,2,2,3,2,1,3,6,2,3,6,1,1,0,0,1,0,1,0,1,1,1,0,0,0,0,0,0,1,0,1,1,1,22,21,27,13,22,10,9,13,3,3,4,c,4,1,3,6
1,1,2,1,7,6,6,,1,4,4,1,1,2,,female,18,2,2,4,4,2,1,4,3,1,2,3,3,3,2,3,2,3,3,0,1,1,4,3,4,3,3,3,2,3,4,3,3,3,4,3,1,3,3,4,3,3,2,0,0,0,1,1,0,0,1,1,1,0,1,0,1,0,0,1,1,0,0,0,26,21,32,17,25,9,7,19,2,5,2,c,4,1,1,8
1,1,2,1,6,6,6,,2,3,3,2,1,1,,female,18,2,1,3,4,2,2,2,1,4,2,2,2,3,1,2,1,1,2,1,1,2,3,2,3,4,4,4,4,3,3,4,3,0,1,1,2,1,3,2,4,4,7,0,0,0,0,0,1,0,0,0,1,0,0,0,0,1,0,1,1,0,1,0,23,16,34,8,20,6,9,14,1,1,4,c,2,3,1,8
1,1,1,1,6,3,2,,1,3,3,2,1,3,,male,18,2,2,1,2,2,1,1,1,1,2,0,4,4,3,4,3,4,4,3,3,3,3,3,4,4,4,4,4,4,4,4,3,4,4,3,4,3,2,2,2,2,2,1,0,0,0,0,0,0,0,1,1,1,1,1,1,0,1,0,0,0,0,0,13,35,38,21,30,8,5,8,1,6,1,c,4,1,,6
1,1,2,1,6,3,6,,1,4,2,2,1,2,,female,18,2,2,2,3,1,1,2,0,2,2,3,4,4,1,4,3,3,3,3,1,1,4,3,4,3,3,4,3,3,4,3,1,4,3,4,4,4,1,1,1,1,1,0,0,0,0,0,0,0,1,1,1,0,1,1,1,0,1,1,1,0,0,0,18,27,34,20,35,9,4,14,0,6,3,c,4,3,6,8
1,1,2,1,7,1,6,,1,2,2,2,1,2,,female,18,2,2,2,3,1,2,2,3,2,2,1,4,4,3,4,3,4,4,3,2,2,4,3,4,4,4,4,4,4,4,4,3,3,4,3,3,4,1,1,1,1,3,0,0,0,0,1,0,0,0,1,1,1,1,1,1,0,1,1,1,0,0,0,20,33,39,20,33,10,8,12,1,6,3,c,4,1,1,8
1,1,2,1,6,6,6,,1,3,4,1,1,3,,female,17,1,2,4,4,2,2,3,2,1,3,2,4,4,3,3,3,4,4,2,2,2,3,3,3,4,3,3,3,3,3,4,3,0,3,3,2,1,2,2,1,1,2,0,0,0,1,0,0,1,0,1,1,1,1,1,1,0,0,1,1,0,0,0,25,31,32,12,32,10,7,18,2,6,2,c,4,1,4,8
1,1,2,1,7,5,1,,1,2,3,1,1,3,,male,18,2,1,2,3,1,3,1,2,2,1,1,3,3,2,3,1,2,2,0,1,1,3,3,3,3,3,3,2,3,3,3,1,1,2,1,1,1,5,2,3,6,6,0,0,1,0,0,0,0,0,1,1,0,1,0,0,1,0,1,1,0,0,0,17,18,29,7,18,7,8,9,1,3,3,c,4,1,8,5
1,1,2,1,6,5,4,,1,1,2,2,2,4,,male,18,2,2,2,3,1,1,0,1,2,3,1,4,4,2,3,2,3,3,2,1,2,4,3,4,3,3,4,3,4,4,4,1,3,4,3,2,2,2,2,3,5,4,0,0,0,0,0,0,1,0,1,1,0,1,0,1,0,0,1,1,0,0,0,16,26,36,15,24,7,5,11,1,4,2,c,4,1,1,8
1,1,2,1,6,2,6,,1,3,2,2,1,2,,male,18,2,1,2,2,1,2,2,1,3,1,2,4,4,3,3,2,3,3,2,1,3,3,3,3,3,3,3,4,2,3,3,1,1,2,2,1,3,3,3,3,4,2,1,0,0,0,0,1,0,0,1,1,1,1,0,1,0,0,1,0,0,0,0,17,28,30,10,25,8,7,10,2,5,1,c,4,1,1,5
1,1,2,1,6,6,6,,1,4,2,2,1,2,,female,17,1,2,2,4,2,3,1,2,2,2,3,4,3,2,3,2,3,3,1,1,1,3,2,4,3,3,3,3,3,3,3,1,1,1,1,1,2,4,3,2,3,6,0,0,1,0,0,0,0,1,1,1,0,1,0,1,0,0,1,1,0,1,0,23,23,30,7,22,9,9,14,1,5,3,c,4,3,3,8
1,1,1,1,7,6,"6,7",,1,3,3,1,1,3,,female,26,2,2,1,3,1,1,1,1,1,1,0,1,1,0,3,0,1,1,0,0,0,3,2,2,3,3,3,3,2,2,3,4,3,4,3,4,4,2,2,2,1,2,0,0,0,0,0,0,0,0,0,0,0,1,0,0,1,0,1,1,0,1,1,12,7,26,22,31,6,4,8,0,1,5,c,3,3,3,7
1,1,1,1,5,2,5,,1,3,3,1,1,2,,female,18,2,3,2,4,1,1,1,0,0,2,1,4,4,2,4,2,4,4,2,3,2,3,2,3,3,3,4,4,3,3,3,1,2,3,2,2,2,4,2,2,1,3,0,0,0,0,0,0,0,0,1,1,0,1,0,1,0,0,0,1,0,1,0,15,31,31,12,28,6,2,13,0,4,2,c,4,1,1,6
1,1,1,1,6,3,"3,6",,1,2,3,2,1,2,,female,18,2,2,3,4,3,1,3,1,1,1,4,3,2,1,2,1,1,2,1,1,1,3,3,2,2,2,2,2,2,2,2,2,1,2,3,1,1,6,4,4,4,7,0,1,0,1,0,0,0,1,1,0,0,0,0,0,1,0,1,1,0,0,1,23,15,22,10,15,8,6,17,2,2,4,c,4,1,1,8
1,1,2,1,5,3,4,,1,1,3,1,2,3,,male,19,2,3,4,1,2,1,1,1,3,2,4,2,3,1,2,3,3,3,2,1,3,2,3,3,1,4,4,4,2,1,3,3,2,3,2,1,0,2,4,2,2,5,1,0,0,0,0,1,0,1,0,1,0,0,1,1,0,0,1,0,1,0,0,22,23,27,11,25,8,7,15,2,4,2,c,2,1,1,7
1,1,2,1,6,3,4,,1,2,3,2,1,2,,female,18,2,4,2,4,2,3,3,2,3,3,3,3,3,2,3,1,2,2,1,1,1,2,2,3,2,3,2,2,3,3,2,3,2,1,2,1,2,4,2,3,6,6,0,0,1,1,0,1,1,1,1,1,0,1,0,0,1,0,1,1,1,1,0,29,19,24,11,19,13,10,19,4,4,5,c,4,1,1,6
1,1,1,1,6,2,6,,1,2,3,1,2,3,,male,18,2,2,1,2,2,3,2,1,2,2,2,3,3,1,3,1,2,3,1,1,0,4,3,3,3,2,3,2,2,3,3,2,2,2,2,2,3,6,5,4,4,7,1,0,1,0,0,0,0,0,1,1,0,1,0,0,0,0,1,1,0,0,0,19,18,28,13,14,7,8,11,2,3,2,c,4,1,1,6
1,1,2,1,6,2,6,,1,4,3,2,1,3,,male,17,2,2,2,4,1,2,4,2,2,3,2,3,3,2,3,3,4,3,0,3,3,3,3,3,3,4,3,4,3,3,3,2,1,4,2,3,4,1,1,1,2,1,0,0,0,1,0,0,1,0,1,1,0,1,1,1,0,0,0,0,0,0,0,24,27,32,16,34,7,7,17,2,5,0,c,4,3,1,6
1,1,2,1,6,2,6,,1,2,3,1,1,3,,female,29,1,3,4,4,2,2,3,2,2,3,3,3,3,2,2,2,2,3,1,1,1,3,3,3,3,3,3,2,3,3,3,2,1,2,1,1,1,7,6,6,5,7,0,0,0,1,0,0,1,1,1,1,0,0,0,0,0,0,1,1,0,0,0,28,20,29,8,9,7,8,20,2,3,2,c,2,3,1,8
1,1,2,1,6,2,"5,6",,1,3,3,1,2,3,,female,18,1,3,2,4,3,3,1,2,2,4,4,3,3,3,2,3,3,2,1,1,3,4,3,3,2,3,3,3,3,4,4,0,4,3,2,4,4,3,4,3,2,2,0,1,1,0,0,0,1,1,1,1,1,0,1,1,1,0,1,0,0,0,0,28,24,32,17,26,11,10,18,3,6,2,c,4,1,1,8
1,1,2,1,6,2,6,,1,4,3,1,1,3,,female,18,2,2,3,3,2,4,2,1,2,2,3,3,3,2,3,2,3,3,1,1,1,3,2,3,3,3,3,3,3,3,4,3,0,2,0,0,1,4,4,3,3,5,0,0,1,0,0,0,0,1,1,1,0,1,0,1,0,0,1,1,0,1,0,24,22,30,6,21,9,9,15,1,5,3,c,4,1,1,6
1,1,1,1,6,2,"2,6",,2,2,2,2,1,1,,female,18,2,4,4,4,3,3,4,4,4,4,4,1,2,1,2,1,1,2,1,3,0,2,3,3,1,2,2,1,2,3,2,0,0,1,0,1,0,7,6,6,3,5,0,1,1,1,1,1,1,1,0,0,0,0,0,0,1,0,0,1,1,0,0,38,14,21,2,13,10,14,24,6,1,3,c,4,1,1,5
1,1,2,1,6,3,6,,1,3,4,1,1,2,,female,18,2,3,2,4,2,2,4,2,3,3,4,4,3,2,3,2,3,3,1,2,2,3,2,4,3,3,4,2,3,3,3,1,2,1,2,2,2,7,7,7,6,4,0,0,0,1,0,1,1,1,1,1,0,1,0,1,0,0,1,1,0,1,0,29,25,30,10,9,11,9,20,3,5,3,c,4,1,1,8
1,1,2,1,5,2,1,,1,4,3,2,1,2,,female,18,2,2,3,3,2,1,1,1,2,3,3,3,3,1,3,1,1,2,0,1,0,3,2,3,2,2,3,2,3,2,3,3,1,1,3,2,4,4,5,3,2,5,0,0,0,0,0,0,1,1,1,1,0,1,0,0,1,0,1,1,0,1,0,21,15,25,14,21,9,6,15,1,4,4,c,4,1,1,4
1,1,2,1,5,2,3,,1,3,4,1,2,3,,female,18,2,0,1,4,2,2,3,2,2,0,1,4,4,2,3,3,3,3,1,1,1,3,3,2,3,3,3,2,2,3,3,3,3,3,3,3,3,2,2,2,1,3,0,0,0,1,0,0,0,0,1,1,0,1,1,1,0,0,1,1,0,0,1,17,25,27,18,30,9,8,9,1,5,3,c,4,1,1,3
1,1,2,1,7,5,4,,1,1,1,2,1,1,,female,18,2,2,3,4,3,4,3,3,4,1,4,1,1,0,2,0,1,1,0,0,0,3,2,3,3,3,3,4,4,3,3,0,0,0,0,0,0,4,3,6,4,7,0,1,1,1,1,1,0,1,0,0,0,0,0,0,1,0,1,1,0,1,0,31,6,31,0,16,10,14,17,5,1,4,c,4,1,1,8
1,1,2,1,6,3,1,,1,4,3,1,1,3,,female,unknown,2,2,3,4,1,2,3,2,2,3,3,3,3,2,3,1,3,3,2,1,1,3,2,3,3,3,3,2,2,3,3,1,3,1,2,3,1,5,2,5,6,6,0,0,0,1,0,0,1,1,1,1,0,1,0,1,0,0,1,1,0,1,0,25,22,27,11,16,10,7,18,2,5,3,c,4,1,1,8
1,"1,2",2,1,6,6,5,,1,3,2,2,1,2,,female,18,2,3,2,4,1,2,4,2,2,2,3,4,4,2,3,2,3,3,1,2,1,3,3,3,3,2,3,4,3,4,3,1,2,3,1,1,1,3,3,3,5,6,0,0,0,1,0,0,0,1,1,1,0,1,0,1,0,0,1,1,0,0,0,25,25,31,9,20,8,7,18,1,5,2,c,3,1,4,8
1,1,2,1,6,3,8,Latin American (Venezuela),1,3,2,2,1,2,,female,18,2,3,3,3,3,3,1,2,3,3,4,3,3,2,3,1,3,3,0,0,1,3,2,2,3,3,3,2,2,3,3,3,1,1,1,1,2,3,2,2,2,2,0,1,1,0,0,1,1,1,1,1,0,1,0,1,0,0,1,1,0,1,1,28,19,26,9,29,13,11,17,4,5,4,c,4,1,1,8
1,1,2,1,6,3,6,,2,3,4,1,3,2,,male,18,2,2,1,2,1,1,2,2,2,2,1,4,4,2,4,2,3,3,2,2,2,3,3,2,3,3,4,4,3,3,3,1,2,3,2,2,2,3,3,3,2,6,1,0,0,0,0,0,0,0,1,1,0,1,0,1,0,0,1,1,0,0,1,16,28,31,12,23,8,6,10,1,4,3,c,4,1,1,8
1,1,1,1,6,6,5,,1,4,3,2,1,3,,female,18,2,4,4,4,4,2,2,2,3,1,1,1,1,2,2,2,2,2,0,0,0,2,1,1,1,2,1,1,1,1,1,4,0,3,4,1,2,3,2,3,3,4,0,1,0,0,0,1,0,0,0,0,0,0,0,0,1,0,1,1,1,1,1,27,12,12,14,25,8,11,16,2,0,6,c,4,1,1,8
1,1,1,1,5,3,"3,6",,1,3,4,1,1,2,,female,18,1,4,3,4,3,4,3,3,3,4,4,3,2,0,4,2,1,1,0,0,0,3,3,3,3,3,3,3,3,3,4,0,1,1,1,2,4,6,7,6,6,7,0,1,1,1,1,1,1,1,1,0,0,1,0,0,1,0,1,1,0,0,0,35,13,31,9,8,12,13,22,6,3,3,c,4,1,1,8
1,1,2,1,6,3,6,,1,3,4,1,1,3,,female,18,2,4,3,3,2,2,3,3,2,4,1,4,4,3,3,3,3,3,1,1,3,3,3,4,3,3,4,3,4,4,3,1,3,3,3,2,3,2,2,2,2,2,0,0,0,1,1,0,1,0,1,1,1,1,1,1,0,0,1,0,0,0,0,27,28,34,15,30,10,9,18,3,6,1,c,4,3,1,8
1,1,2,1,6,3,1,,1,3,3,1,1,3,,female,17,2,4,4,4,4,4,0,4,4,4,4,4,4,2,4,2,4,2,2,1,3,3,4,4,2,1,4,3,4,4,4,3,2,1,4,1,4,5,6,5,7,7,0,1,1,0,1,1,1,1,1,1,0,1,0,1,1,0,1,0,0,0,0,36,28,33,15,10,12,16,20,5,5,2,c,4,1,1,7
1,1,1,1,6,2,2,,2,3,3,2,1,2,,female,19,2,2,3,4,2,2,3,2,2,4,3,4,4,2,3,2,3,2,1,1,1,3,3,3,3,2,3,2,3,4,3,1,1,2,3,2,3,4,5,4,4,5,0,0,0,1,0,0,1,1,1,1,0,1,0,1,1,0,1,1,0,0,0,27,23,29,12,18,10,8,19,2,5,3,c,3,3,1,8
1,1,3,3,6,2,"5,7",,1,2,2,2,1,2,3,female,20,2,4,4,4,1,2,4,4,3,4,4,4,4,2,3,3,2,2,0,0,1,3,3,2,3,2,2,1,2,2,1,1,0,0,0,0,1,6,3,3,2,7,0,0,0,1,1,1,1,1,1,1,0,1,1,0,1,0,1,1,0,0,1,34,21,21,2,19,13,10,24,4,5,4,c,4,1,1,8
1,1,1,2,7,3,6,,1,3,4,1,1,2,4,female,19,2,2,3,3,2,2,3,1,3,2,3,3,3,3,3,2,2,2,1,1,1,4,3,3,3,3,4,3,3,3,3,1,4,3,3,3,3,5,2,5,3,3,0,0,0,1,0,1,0,1,1,1,1,1,0,0,1,0,1,1,0,0,0,24,21,32,17,22,10,8,16,2,5,3,c,4,1,1,8
1,1,2,1,6,3,1,,1,3,2,1,1,2,,female,18,2,3,3,3,3,2,4,3,2,4,3,3,3,2,3,1,3,2,1,2,1,3,3,2,2,2,2,3,3,2,3,3,2,1,3,3,3,5,3,6,5,5,0,1,0,1,1,0,1,1,1,1,0,1,0,1,1,0,1,1,0,0,1,30,21,25,15,16,13,10,20,4,5,4,c,4,1,1,8
1,2,1,6,2,2,1,,3,2,3,1,1,2,2,male,34,2,3,2,3,1,1,1,2,1,4,1,3,3,3,3,2,3,3,1,2,2,3,2,2,3,3,3,3,2,3,3,1,3,3,3,4,3,2,1,2,1,5,0,0,0,0,0,0,1,0,1,1,1,1,0,1,0,0,1,1,0,1,1,19,25,27,17,29,10,5,14,1,5,4,c,4,3,1,2
1,1,2,1,5,2,6,,1,3,2,2,1,2,,female,28,2,2,2,4,3,2,2,1,3,2,2,3,3,2,3,0,2,2,0,1,2,4,3,3,3,3,4,3,3,3,3,2,2,3,1,3,4,6,4,5,6,5,0,1,0,0,0,1,0,0,1,1,0,1,0,0,1,0,1,1,0,0,0,23,18,32,15,14,8,9,14,2,3,3,c,4,1,1,5
1,1,1,1,6,6,8,Latin American,1,2,2,2,1,2,,female,18,2,2,3,4,2,2,3,2,0,2,2,4,3,2,3,2,3,3,1,2,1,3,2,3,2,3,4,3,3,2,3,3,2,2,1,3,3,4,2,3,3,6,0,0,0,1,0,0,0,0,1,1,0,1,0,1,0,0,1,1,0,1,0,22,24,28,14,22,8,6,16,1,4,3,c,4,1,3,7
1,1,2,1,6,3,5,,1,3,4,2,1,2,,female,18,2,1,4,2,2,4,1,1,4,1,2,3,2,1,1,1,2,1,1,3,3,2,3,1,3,1,4,3,3,3,2,0,3,3,3,3,3,2,1,3,2,1,1,0,1,0,0,1,0,0,1,0,0,0,0,0,1,0,0,0,1,0,1,22,18,25,15,31,7,11,11,3,1,3,c,4,1,1,8
1,1,1,1,6,6,6,,1,2,3,2,1,1,,female,18,2,3,2,4,2,2,3,3,3,1,3,3,3,2,3,1,3,3,1,2,3,3,2,3,3,3,3,3,3,3,3,3,3,3,2,2,3,3,2,2,2,3,0,0,0,1,1,1,0,1,1,1,0,1,0,1,0,0,1,0,0,1,0,26,24,29,16,28,10,10,16,3,5,2,c,4,3,3,8
1,1,2,1,6,3,4,,1,1,3,1,1,1,,female,18,2,2,3,3,1,2,2,3,2,2,2,3,3,2,2,1,3,2,1,2,1,3,2,3,2,2,2,3,2,3,2,2,3,3,1,1,1,6,6,6,7,7,0,0,0,0,1,0,0,0,1,1,0,0,0,1,1,0,1,1,0,1,0,22,20,24,11,8,8,8,14,1,3,4,c,4,1,4,7
1,1,3,1,6,2,1,,1,3,3,2,1,3,,female,20,2,2,3,2,2,1,2,1,3,2,2,3,3,2,3,2,3,3,0,1,1,3,3,3,4,3,3,3,3,4,3,3,2,3,2,1,4,4,5,3,4,4,1,0,0,0,0,1,0,0,1,1,0,1,0,1,0,0,1,1,0,0,0,20,21,32,15,20,8,7,13,2,4,2,c,4,3,1,2
1,1,2,1,6,2,6,,1,3,2,2,1,2,,female,18,2,2,1,3,2,2,1,2,3,2,3,3,3,2,3,2,3,3,1,2,2,3,2,3,2,3,4,3,3,3,3,2,1,3,2,2,2,3,2,2,3,2,0,0,0,0,0,1,0,1,1,1,0,1,0,1,0,0,1,1,0,1,0,21,24,29,12,28,9,9,12,1,5,3,c,4,1,1,6
1,1,2,1,6,3,1,,1,4,3,1,1,2,,female,18,2,2,2,3,1,2,3,1,3,3,3,3,2,1,2,1,2,2,0,1,1,3,2,3,3,3,3,3,3,3,3,2,1,3,1,1,2,5,2,2,2,5,0,0,0,1,0,1,1,1,1,0,0,0,0,0,1,0,1,1,0,1,0,23,15,29,10,24,9,7,16,3,2,4,c,4,1,1,8
1,1,2,4,5,3,4,,1,2,3,2,2,3,4,male,21,2,3,3,4,2,2,1,2,3,2,3,3,3,1,4,1,1,2,1,0,0,3,3,3,3,3,4,2,3,3,3,0,2,0,1,2,2,5,3,4,5,7,0,0,0,0,0,1,0,1,1,1,0,1,0,0,1,0,1,1,0,0,0,25,16,30,7,16,8,9,16,1,4,3,c,4,1,1,2
1,1,1,1,8,3,1,,1,3,3,1,1,2,,female,18,2,3,4,4,3,3,4,1,3,3,3,2,2,1,3,1,2,3,1,1,1,3,3,2,1,2,1,1,1,2,2,3,2,3,2,2,4,6,1,6,3,2,0,1,1,1,0,1,1,1,0,0,0,1,0,0,0,0,1,1,0,0,1,31,17,18,16,22,10,10,21,5,2,3,c,4,1,1,8
1,1,2,1,6,6,6,,2,3,3,1,2,3,,female,18,2,2,2,2,2,2,1,3,2,2,2,3,3,2,3,3,3,3,1,1,2,3,3,3,3,3,3,3,3,3,3,2,2,2,2,2,2,1,1,1,1,3,1,0,0,0,1,0,0,0,1,1,0,1,1,1,0,0,1,1,0,0,0,20,24,30,12,33,9,9,11,2,5,2,c,1,3,3,8
1,1,2,1,6,3,5,,1,3,3,1,1,1,,female,18,2,4,2,4,3,3,3,2,3,3,3,4,4,2,3,3,4,4,1,1,1,3,2,2,3,3,4,4,4,4,3,1,1,4,3,3,2,3,1,1,1,4,0,1,1,1,0,1,1,1,1,1,0,1,1,1,0,0,1,1,0,1,1,30,27,32,14,30,15,11,19,5,6,4,c,4,1,1,8
1,1,2,1,6,6,6,,1,3,3,1,1,2,,female,18,2,3,1,4,2,2,2,1,3,2,3,4,4,2,3,3,3,3,2,2,2,3,2,3,3,3,3,1,2,3,2,3,2,3,1,1,2,5,4,4,2,3,0,0,0,0,0,1,0,1,1,1,0,1,1,1,0,0,1,1,0,1,0,23,28,25,12,22,10,8,15,1,6,3,c,4,1,3,8
1,1,2,2,6,3,6,,2,3,3,2,2,2,3,female,19,1,4,3,4,2,3,2,3,2,3,4,2,2,1,1,1,2,2,0,1,1,3,2,3,3,3,4,3,4,3,2,1,0,2,0,1,0,6,6,4,3,7,0,0,1,0,1,0,1,1,0,0,0,0,0,0,1,0,1,1,0,1,0,30,13,30,4,14,8,10,20,3,1,4,c,2,1,1,8
1,5,1,1,6,2,8,Western Asia,1,4,3,2,1,2,,female,19,2,2,2,2,2,2,1,2,2,1,0,3,3,1,3,1,2,2,3,3,1,3,3,3,3,3,3,3,3,3,3,3,2,2,1,1,3,2,4,4,3,1,1,0,0,0,0,0,0,0,1,1,0,1,0,0,1,1,0,1,0,0,0,16,22,30,12,26,7,8,8,1,3,3,c,4,1,1,5
1,1,2,2,6,3,4,,1,4,3,1,1,3,4,female,19,3,3,2,3,1,2,3,3,2,3,3,3,3,2,3,1,3,3,1,1,1,3,3,3,3,3,3,2,3,3,3,1,3,3,2,3,3,4,2,2,3,4,0,0,0,1,1,0,1,1,1,1,0,1,0,1,0,0,1,1,0,0,0,25,21,29,15,25,10,8,17,3,5,2,c,4,1,1,8
1,1,2,1,6,6,6,,1,3,3,1,1,3,,female,18,2,3,4,3,2,2,2,2,3,3,3,4,4,3,3,3,3,3,0,2,2,3,2,3,3,3,4,3,3,3,3,2,2,2,3,3,3,4,4,3,3,5,0,0,0,0,0,1,1,1,1,1,1,1,1,1,0,0,1,1,0,1,0,27,27,30,15,21,12,9,18,2,7,3,c,4,1,3,8
1,1,2,1,4,3,"1,6,7",,1,4,2,2,1,1,,female,17,2,4,4,4,2,3,3,4,2,4,4,3,3,1,3,2,1,1,0,0,0,2,2,2,2,2,3,3,3,3,3,0,0,2,0,0,4,5,6,7,2,7,0,0,1,1,1,0,1,1,1,1,0,1,0,0,1,0,1,1,1,1,1,34,14,25,6,13,14,11,23,4,4,6,c,4,1,1,5
1,1,2,1,6,3,4,,1,2,4,1,1,2,,male,17,2,2,3,3,0,3,3,2,3,3,0,2,3,1,2,3,3,3,0,1,1,4,2,3,3,3,4,4,3,3,3,3,2,4,2,3,4,4,1,3,3,1,0,0,1,1,0,1,1,0,0,1,0,0,1,1,0,0,1,1,0,1,0,22,19,32,18,28,10,8,14,4,3,3,c,4,1,1,6
1,1,1,1,6,6,6,,1,4,3,2,1,2,,female,18,2,1,2,4,1,2,3,1,2,3,2,3,3,2,3,2,2,2,0,2,2,3,2,3,3,2,3,3,3,3,3,2,2,1,3,3,2,4,2,2,2,3,0,0,0,1,0,0,1,0,1,1,0,1,0,0,1,0,1,1,0,1,0,21,21,28,13,27,9,6,15,2,3,4,c,4,1,2,8
1,1,2,1,7,6,5,,2,3,3,1,1,1,,male,18,2,1,1,4,1,2,2,1,3,3,2,1,3,2,3,3,3,3,1,2,2,3,3,2,3,3,3,3,3,3,3,1,1,0,1,1,3,4,6,3,4,5,0,0,0,0,0,1,1,0,0,1,0,1,1,1,0,0,1,1,0,0,1,20,23,29,7,18,9,7,13,2,4,3,c,4,1,1,8
1,1,2,1,5,2,1,,1,2,5,2,1,3,,female,18,2,3,4,4,3,2,2,1,4,4,4,3,3,2,3,1,2,2,0,1,1,3,3,2,2,2,3,3,3,3,2,1,2,1,0,0,1,6,2,6,5,5,0,1,0,0,0,1,1,1,1,1,0,1,0,0,1,0,1,1,0,0,1,31,18,26,5,16,11,10,21,3,4,4,c,4,1,1,4
1,1,2,1,6,3,6,,2,4,3,1,2,2,,female,17,2,3,1,4,2,2,3,1,2,3,2,3,3,2,3,1,2,3,1,1,2,3,3,4,2,2,3,3,4,3,3,1,2,2,3,1,2,5,4,2,3,4,0,0,0,1,0,0,1,0,1,1,0,1,0,0,0,0,1,1,0,0,0,23,21,30,11,22,7,7,16,2,3,2,c,4,1,1,8
1,1,2,1,4,3,6,,1,3,2,2,1,2,,female,18,2,4,3,4,2,3,2,2,1,4,2,3,3,2,2,2,3,3,0,2,1,3,2,3,3,3,3,2,3,3,3,3,1,2,2,3,3,3,3,4,4,5,0,0,1,0,0,0,1,0,1,1,0,0,0,1,0,0,1,1,0,1,0,27,21,28,14,21,8,8,19,2,3,3,c,4,1,1,6
1,1,1,1,7,6,2,,1,4,3,2,1,2,,female,19,2,3,4,4,2,2,4,2,3,4,4,4,4,2,3,1,2,2,3,3,2,3,3,2,2,1,4,1,2,3,2,0,3,0,2,4,3,3,2,2,5,3,0,0,0,1,0,1,1,1,1,1,0,1,0,0,1,1,0,1,0,0,1,32,26,23,12,25,11,9,23,3,4,4,c,4,1,3,8
2,1,2,1,6,3,5,,1,3,2,2,3,3,,male,18,2,2,2,2,2,2,2,1,2,1,2,3,3,2,3,2,3,2,1,1,1,3,2,3,3,3,4,3,3,3,3,1,3,3,3,2,2,5,5,6,6,2,1,0,0,0,0,0,0,0,1,1,0,1,0,1,1,0,1,1,0,1,0,18,21,30,14,16,9,7,11,1,4,4,c,4,3,1,8
2,1,1,1,5,3,4,,1,3,2,2,1,2,,female,18,2,2,3,3,2,2,3,1,2,2,3,3,3,2,3,1,2,2,1,1,1,3,4,3,3,4,3,3,4,3,3,1,2,2,3,3,2,5,4,4,5,4,0,0,0,1,0,0,0,1,1,1,0,1,0,0,1,0,1,1,0,0,0,23,19,33,13,18,8,7,16,1,4,3,c,4,1,7,8
2,1,1,1,5,3,"4,5",,1,3,2,2,1,2,,female,18,2,3,2,4,3,2,4,2,3,3,3,3,3,2,2,2,3,3,2,1,2,3,3,3,2,3,2,3,3,3,3,0,2,2,3,2,2,4,3,3,4,5,0,1,0,1,0,1,1,1,1,1,0,0,0,1,0,0,1,1,0,0,0,29,23,28,11,21,10,10,19,4,4,2,c,4,1,7,7
2,1,2,1,6,6,6,,1,3,2,2,1,1,,female,18,2,3,4,4,2,2,2,1,3,2,2,4,4,1,2,1,3,3,0,1,2,3,2,3,4,3,4,4,3,2,3,3,1,1,2,2,3,2,1,2,2,2,0,0,0,0,0,1,0,0,1,1,0,0,0,1,0,0,1,1,0,1,0,25,21,31,12,31,7,8,17,1,3,3,c,4,1,1,8
2,1,1,1,6,2,6,,1,3,2,2,1,2,,female,18,2,3,3,4,2,3,3,2,3,3,3,3,3,1,3,1,2,2,0,1,1,3,2,2,3,3,3,3,3,3,3,0,0,2,0,1,1,6,5,4,4,6,0,0,1,1,0,1,1,1,1,1,0,1,0,0,1,0,1,1,0,1,1,29,17,28,4,15,13,10,19,4,4,5,c,4,1,1,6
2,1,1,1,6,2,6,,1,3,2,2,2,2,,female,18,2,2,2,2,2,2,2,2,2,2,2,3,3,2,3,2,3,2,1,2,1,3,3,3,3,3,3,3,3,3,3,2,2,2,2,2,2,4,4,4,4,4,1,0,0,0,0,0,0,0,1,1,0,1,0,1,1,0,1,1,0,0,0,20,22,30,12,20,8,8,12,1,4,3,c,4,1,1,6
2,"1,3",2,2,6,3,"4,6",,1,3,3,1,1,3,2,female,19,2,1,3,4,2,2,2,3,2,3,1,3,3,2,3,1,3,2,2,1,1,3,2,2,2,3,4,3,2,2,2,3,1,3,2,1,3,2,1,2,1,4,0,0,0,0,1,0,1,0,1,1,0,1,0,1,1,0,1,1,0,1,1,23,21,25,13,30,11,9,14,2,4,5,c,4,1,4,8
2,1,1,1,6,6,6,,1,2,3,1,1,2,,female,18,2,3,3,4,2,2,2,3,2,0,2,3,3,2,2,3,3,4,2,1,1,3,2,4,3,3,3,3,3,2,3,3,1,4,4,4,3,2,3,1,2,1,0,0,0,0,1,0,0,0,1,1,0,0,1,1,0,0,1,1,0,1,0,23,24,29,19,31,8,9,14,1,4,3,c,4,1,1,7
2,1,2,1,5,6,6,,1,3,4,1,1,1,,female,17,2,2,3,3,2,1,2,2,2,1,2,3,3,2,3,2,2,3,1,2,2,3,3,2,2,3,3,1,2,3,3,1,2,3,2,2,3,5,4,4,3,4,0,0,0,0,0,0,0,0,1,1,0,1,0,0,0,0,1,1,0,0,1,20,23,25,13,20,6,7,13,0,3,3,c,4,1,1,5
2,1,2,2,6,6,6,,1,3,3,1,2,4,3,male,19,2,0,0,0,0,1,0,1,2,0,1,4,4,3,4,3,4,3,3,3,3,4,3,3,4,4,4,4,4,4,4,4,2,4,3,3,3,2,1,2,3,2,1,0,0,0,0,0,0,0,1,1,1,1,1,1,0,1,0,0,0,0,0,5,34,38,19,30,8,4,1,1,6,1,c,2,1,1,6
2,1,2,6,6,6,9,,1,3,2,2,2,4,3,male,24,2,2,2,1,1,2,1,1,2,1,1,4,3,3,4,3,3,3,2,2,2,3,2,3,3,3,3,3,3,3,3,2,3,2,2,2,3,2,2,2,2,2,1,0,0,0,0,0,0,0,1,1,1,1,1,1,0,0,1,1,0,1,0,14,29,29,14,30,10,6,8,1,6,3,c,2,3,1,3
2,1,2,4,6,5,6,,2,3,3,1,1,2,4,male,21,2,0,0,2,0,0,1,0,0,0,0,4,4,3,4,3,4,4,3,0,3,3,2,3,4,4,4,4,3,3,3,3,4,4,4,4,4,1,1,1,1,1,1,0,0,0,0,0,0,0,1,1,1,1,1,1,0,1,1,0,0,1,0,3,32,33,23,35,10,0,3,1,6,3,c,2,1,1,3
2,1,2,4,5,11,6,,2,4,3,1,2,2,2,male,21,2,2,1,2,1,1,1,2,1,2,1,4,4,3,4,3,4,4,3,2,2,3,2,3,3,2,3,2,2,3,3,1,2,3,2,3,3,5,4,2,3,4,1,0,0,0,0,0,0,0,1,1,1,1,1,1,0,1,1,1,0,1,0,14,33,26,14,22,11,5,9,1,6,4,c,4,1,1,6
2,1,2,2,6,5,6,,2,3,3,2,2,2,3,male,19,2,2,2,3,2,2,1,1,2,2,1,3,3,3,3,3,3,3,0,1,2,4,3,3,3,3,4,3,3,3,3,2,3,3,3,2,3,3,6,4,5,3,0,0,0,0,0,0,0,0,1,1,1,1,1,1,0,0,1,1,0,0,0,18,24,32,16,19,8,7,11,0,6,2,c,4,3,1,8
2,1,1,1,6,2,2,,1,3,3,2,2,2,,male,17,2,3,2,2,2,1,3,1,2,3,2,3,3,1,2,1,2,2,1,2,1,3,3,2,3,3,2,3,2,3,2,2,2,1,4,4,3,7,4,6,6,6,1,0,0,1,0,0,1,0,1,1,0,0,0,0,1,0,1,1,0,0,1,21,18,26,16,11,9,6,15,3,2,4,c,4,3,1,5
2,1,1,1,6,2,1,,1,3,3,1,1,3,,female,20,2,4,3,3,3,3,3,4,2,4,3,3,3,2,3,1,2,3,1,1,2,3,2,2,2,3,3,2,2,2,3,3,3,1,3,3,4,4,4,5,7,7,0,1,1,1,1,0,1,1,1,1,0,1,0,0,0,0,1,1,0,1,1,32,21,24,17,13,13,12,20,5,4,4,c,2,1,8,8
2,1,1,1,6,6,2,,1,3,2,1,1,1,,female,17,2,3,4,3,1,2,2,2,2,4,2,3,3,2,3,2,3,3,0,0,0,3,3,2,2,3,3,3,3,2,2,3,0,3,0,1,2,4,2,2,3,6,0,0,0,0,0,0,1,0,1,1,0,1,0,1,0,0,1,1,0,0,1,25,19,26,9,23,8,7,18,1,4,3,c,4,3,1,7
2,1,2,1,5,8,8,european ,1,3,3,1,1,3,,female,21,2,2,1,3,1,3,1,1,1,2,0,4,4,3,4,3,4,3,3,3,3,3,3,3,3,3,2,3,3,3,3,2,4,3,2,3,3,3,2,2,2,2,0,0,1,0,0,0,0,0,1,1,1,1,1,1,0,1,0,0,0,0,0,15,34,29,17,29,8,6,9,1,6,1,c,4,1,1,8
2,2,2,6,3,2,6,,1,3,2,2,2,2,4,female,50,2,1,1,2,1,1,1,2,2,2,1,4,4,3,3,3,3,3,0,1,2,4,2,3,4,4,3,3,3,3,4,2,3,2,4,4,4,3,3,3,2,6,1,0,0,0,0,0,0,0,1,1,1,1,1,1,0,0,1,1,0,1,0,14,26,33,19,23,10,6,8,1,6,3,c,2,1,1,3
2,1,2,1,6,3,6,,1,3,2,2,1,3,,female,17,2,3,3,3,3,3,3,3,4,4,4,3,3,1,2,1,2,2,0,0,1,2,3,2,2,3,2,2,2,2,2,1,3,1,2,3,2,7,6,6,6,6,0,1,1,1,1,1,1,1,1,1,0,0,0,0,1,0,1,1,1,0,1,33,15,22,12,9,14,13,20,6,3,5,c,4,3,1,7
2,1,2,2,7,3,4,,1,4,2,2,1,2,3,female,18,2,2,4,4,3,2,4,3,3,3,4,2,3,1,2,1,2,2,1,0,0,3,3,2,3,2,4,2,2,2,1,1,1,1,1,1,1,6,3,7,7,6,0,1,0,1,1,1,1,1,0,1,0,0,0,0,1,0,1,1,0,0,1,32,14,24,6,11,11,11,21,5,2,4,c,2,1,1,8
2,1,2,1,6,6,5,,1,3,3,1,1,2,,female,18,2,3,2,4,2,2,2,3,2,3,3,3,3,2,3,1,2,2,2,1,1,3,2,2,3,3,3,2,3,3,3,3,1,3,0,1,2,6,4,4,3,6,0,0,0,0,1,0,1,1,1,1,0,1,0,0,1,0,1,1,0,1,1,26,20,27,10,17,11,9,17,2,4,5,c,4,1,1,8
2,1,2,1,5,6,"1,5",,1,3,4,1,1,2,,female,18,2,3,2,3,1,2,2,1,3,4,2,3,4,3,2,1,2,3,0,0,0,4,2,3,3,2,4,2,3,2,3,1,2,2,3,2,3,5,3,3,1,7,0,0,0,0,0,1,1,0,1,1,1,0,0,0,0,0,1,1,0,1,0,23,18,28,13,21,8,7,16,2,3,3,c,4,2,1,6
2,1,2,2,6,3,5,,1,4,3,1,1,3,3,female,19,2,2,2,4,3,3,2,1,2,3,2,3,3,1,2,1,2,3,1,1,1,3,3,2,2,2,3,2,2,2,2,0,1,1,1,1,1,2,1,3,5,5,0,1,1,0,0,0,1,0,1,1,0,0,0,0,0,0,1,1,0,0,1,24,18,23,5,24,8,9,15,3,2,3,c,4,1,1,8
2,1,2,1,6,3,5,,1,3,1,2,1,2,,female,19,2,4,4,4,1,3,2,4,2,2,3,3,3,2,3,2,3,2,2,1,2,3,2,3,3,3,3,2,3,3,3,1,4,2,0,3,4,2,3,4,3,7,0,0,1,0,1,0,0,1,1,1,0,1,0,1,1,0,1,1,0,1,0,29,23,28,14,21,11,10,19,2,5,4,c,4,2,1,8
2,1,2,1,6,3,9,,1,3,3,1,1,3,,female,18,2,2,2,2,1,1,1,2,1,1,1,4,3,3,3,3,3,3,3,3,3,4,3,3,3,3,3,4,3,4,4,2,2,3,3,3,3,1,1,1,1,2,1,0,0,0,0,0,0,0,1,1,1,1,1,1,0,1,0,0,0,0,0,14,31,34,16,34,8,5,9,1,6,1,c,4,1,1,8
2,2,2,6,3,2,6,,1,3,2,2,3,2,4,female,50,2,1,1,2,0,1,1,2,2,2,1,3,3,2,3,2,3,2,1,1,2,4,2,3,4,4,4,3,4,4,3,2,3,3,3,4,4,3,2,2,2,7,1,0,0,0,0,0,0,0,1,1,0,1,0,1,1,0,1,1,0,1,0,13,22,35,19,24,9,5,8,1,4,4,c,2,1,1,3
2,1,2,1,5,2,6,,2,3,3,1,1,2,,female,25,2,2,3,4,2,2,3,2,2,4,3,4,4,2,3,3,3,3,1,1,1,4,2,3,3,3,3,3,3,3,3,1,1,1,1,3,2,6,3,3,6,5,0,0,0,1,0,0,1,1,1,1,0,1,1,1,0,0,1,1,0,1,0,27,25,30,9,17,11,8,19,2,6,3,c,4,1,1,7
2,"1,3",1,4,6,3,6,,1,3,3,1,1,2,2,female,21,2,2,3,4,1,2,4,2,3,3,3,4,4,3,4,3,4,3,3,2,2,3,2,3,3,3,3,2,3,3,3,3,3,3,4,3,3,3,1,2,2,1,0,0,0,1,0,1,1,1,1,1,1,1,1,1,0,1,1,1,0,1,0,27,32,28,19,31,14,8,19,3,7,4,c,4,3,4,8
2,1,2,1,6,3,7,,1,3,2,2,1,3,,female,18,2,2,4,4,1,2,1,3,4,4,4,4,4,2,3,3,3,4,1,0,1,3,2,3,1,3,4,4,3,4,3,4,4,3,2,3,3,4,1,2,1,2,0,0,0,0,1,1,1,1,1,1,0,1,1,1,0,0,1,1,0,1,0,29,25,30,19,30,12,10,19,3,6,3,c,4,1,1,8
2,1,2,5,6,11,6,,1,1,3,1,1,2,2,female,22,2,2,2,4,2,1,4,1,3,1,3,4,3,2,2,3,2,3,0,1,1,3,2,2,2,2,3,3,4,3,3,1,2,4,1,3,3,2,1,2,2,3,0,0,0,1,0,1,0,1,1,1,0,0,1,0,0,0,1,1,0,1,1,23,21,27,14,30,10,7,16,2,4,4,c,2,1,1,8
2,1,2,1,6,2,8,"I am North African, but neither white or black. My ancestry is complicated hence why I'm not sure what ""race"" I would belong to",1,3,3,1,1,3,,female,18,2,1,4,2,0,0,0,0,0,1,0,4,4,3,4,3,4,4,3,3,3,3,2,4,4,4,4,4,4,3,4,3,2,4,3,2,3,2,2,1,3,1,1,0,0,0,0,0,0,0,1,1,1,1,1,1,0,1,0,0,0,1,0,8,35,36,17,31,9,0,8,1,6,2,c,4,1,1,8
2,1,2,1,6,2,6,,1,2,2,2,1,2,,female,18,3,3,4,4,3,3,3,3,3,1,2,2,3,1,2,1,2,2,0,0,1,3,1,2,2,2,3,4,3,3,3,1,3,1,3,3,2,2,2,2,3,2,0,1,1,1,1,1,0,0,0,1,0,0,0,0,1,0,1,1,0,1,1,29,14,26,13,29,11,12,17,5,1,5,c,4,1,1,7
2,1,2,1,6,6,5,,1,2,2,2,3,3,,female,18,2,2,4,4,3,4,3,2,3,3,4,1,2,2,1,1,2,1,1,0,0,2,2,2,2,3,2,3,3,4,4,1,0,0,0,0,0,4,4,6,6,7,0,1,1,1,0,1,1,1,0,0,0,0,0,0,1,0,1,1,1,1,1,32,11,27,1,13,12,12,20,5,1,6,c,4,1,1,8
2,1,2,2,6,8,6,,2,3,3,1,1,3,3,female,19,2,4,3,4,3,2,3,3,2,3,4,3,3,2,3,2,3,3,2,1,1,3,3,3,2,3,3,2,3,3,2,1,2,3,1,1,3,6,6,3,5,6,0,1,0,1,1,0,1,1,1,1,0,1,0,1,0,0,1,1,0,0,0,31,23,27,11,14,11,10,21,4,5,2,c,4,1,1,8
2,1,2,1,6,2,4,,1,4,2,2,1,2,,female,18,2,3,2,4,2,2,3,2,3,3,2,3,3,2,2,1,3,2,1,2,2,2,3,2,3,3,2,2,2,3,3,2,1,3,4,3,3,3,6,6,6,6,0,0,0,1,0,1,1,0,1,1,0,0,0,1,1,0,1,1,1,0,1,26,21,25,16,13,11,9,17,3,3,5,c,2,3,1,3
2,1,1,3,5,7,6,,1,3,3,1,1,2,2,female,21,2,2,2,3,1,2,2,2,2,1,2,3,3,2,3,3,3,3,3,2,2,3,2,3,3,3,3,3,3,3,3,2,2,3,2,3,3,2,2,2,2,2,0,0,0,0,0,0,0,0,1,1,0,1,1,1,0,1,1,1,0,1,0,19,27,29,15,30,9,7,12,0,5,4,c,2,1,1,8
2,1,1,1,6,6,1,,1,4,2,2,1,2,,female,17,2,2,4,4,1,3,1,0,2,4,1,4,4,1,3,1,2,1,0,0,0,4,2,3,3,3,4,4,4,4,3,1,1,2,1,1,1,5,6,5,4,6,0,0,1,0,0,0,1,0,1,1,0,1,0,0,1,0,1,1,0,1,0,22,16,34,7,14,9,6,16,2,3,4,c,4,1,1,8
2,1,1,1,6,2,6,,2,4,3,1,1,3,,female,18,2,3,2,4,1,2,2,1,2,2,3,4,3,2,3,1,2,2,1,1,0,3,2,3,2,2,3,1,2,2,2,2,1,3,2,1,2,3,3,2,3,2,0,0,0,0,0,0,0,1,1,1,0,1,0,0,1,0,1,1,0,1,0,22,19,22,11,27,8,6,16,0,4,4,c,1,3,6,5
2,1,2,1,6,2,6,,2,3,3,2,1,3,,female,19,2,2,2,3,2,3,2,2,2,2,3,3,3,2,3,2,2,2,1,1,1,3,2,3,3,2,3,2,3,2,3,1,1,2,1,1,2,3,2,4,4,6,0,0,1,0,0,0,0,1,1,1,0,1,0,0,1,0,1,1,0,1,0,23,20,26,8,21,9,9,14,1,4,4,c,4,1,1,8
2,1,2,1,6,3,5,,1,3,3,1,1,2,,female,18,2,3,3,4,3,2,2,1,2,1,3,2,2,1,2,1,2,2,1,0,1,3,3,3,2,2,3,3,3,3,2,1,2,1,1,1,2,5,6,6,5,6,0,1,0,0,0,0,0,1,0,0,0,0,0,0,1,0,1,1,0,0,0,24,14,27,8,12,5,8,16,1,1,3,c,4,1,1,5
2,1,2,1,6,3,"1,5",,1,3,3,1,1,2,,female,18,2,2,3,3,3,3,3,2,2,3,3,2,2,1,2,1,2,2,1,2,2,3,3,3,2,2,2,2,3,2,2,2,1,2,3,3,2,5,5,3,4,5,0,1,1,1,0,0,1,1,0,0,0,0,0,0,1,0,1,1,0,0,0,27,17,24,13,18,8,10,17,4,1,3,c,4,1,1,5
2,2,1,6,3,2,6,,1,3,3,2,1,3,4,female,30,2,3,4,3,2,2,3,1,2,1,2,4,4,2,3,2,4,4,2,2,2,3,3,4,4,4,4,4,3,4,3,3,4,3,4,4,4,4,5,2,3,1,0,0,0,1,0,0,0,0,1,1,0,1,0,1,0,0,1,1,0,0,0,23,29,36,22,25,7,7,16,1,4,2,c,2,3,1,5
3,1,1,1,6,4,1,,1,4,3,2,1,3,,female,19,2,2,2,1,1,1,0,1,2,1,2,3,4,3,3,2,4,3,2,2,3,3,2,3,2,3,4,3,4,4,4,3,1,2,2,3,4,2,2,2,4,6,1,0,0,0,0,0,0,0,1,1,1,1,0,1,0,0,1,0,0,1,0,13,29,32,15,24,8,5,8,1,5,2,c,4,3,1,6
3,2,2,2,4,8,6,,1,3,4,1,1,1,2,female,27,1,3,3,3,2,2,2,2,2,2,2,3,3,2,3,2,2,3,1,1,2,3,3,3,3,2,3,3,3,3,3,2,3,1,2,2,3,5,5,5,3,3,0,0,0,0,0,0,0,0,1,1,0,1,0,0,0,0,1,1,0,0,0,23,22,29,13,19,5,8,15,0,3,2,c,3,3,1,8
3,1,2,2,6,2,5,,2,4,2,2,2,1,2,female,18,3,4,4,4,3,4,3,4,4,2,3,3,3,2,2,1,2,2,1,0,0,3,4,3,3,3,4,2,3,4,4,1,2,1,1,1,1,4,5,6,6,7,0,1,1,1,1,1,0,1,1,1,0,0,0,0,1,0,1,1,0,0,0,35,16,33,7,12,11,15,20,5,3,3,c,2,1,1,7
3,"1,5",2,3,6,4,5,,1,3,3,1,1,2,2,female,20,2,4,2,4,2,2,3,2,1,2,2,3,4,1,3,1,2,3,0,0,1,3,4,4,2,2,4,2,2,4,3,2,0,3,0,2,4,3,2,2,2,1,0,0,0,1,0,0,0,0,1,1,0,1,0,0,0,0,1,1,0,0,0,24,18,30,11,30,6,7,17,1,3,2,c,2,3,5,3
3,1,1,5,5,13,5,,1,3,3,1,2,2,3,female,22,2,2,3,3,1,1,2,2,1,1,3,3,4,0,3,1,3,3,0,0,0,3,2,3,2,3,2,3,3,3,3,3,0,4,1,1,4,2,2,2,2,2,0,0,0,0,0,0,0,1,1,1,0,1,0,1,0,0,1,1,0,1,0,19,17,27,13,30,8,5,14,0,5,3,c,4,1,1,7
3,1,2,3,6,2,6,,2,3,3,1,1,2,4,female,20,2,3,3,4,3,3,4,3,4,2,4,2,3,1,2,1,2,2,0,1,1,2,2,3,3,3,3,2,2,2,2,1,1,1,1,1,1,6,6,5,5,7,0,1,1,1,1,1,0,1,0,1,0,0,0,0,1,0,1,1,1,1,0,33,15,24,6,11,12,13,20,5,2,5,c,4,1,1,7
3,1,2,1,6,2,6,,1,3,2,2,1,2,,female,18,2,4,4,4,2,1,3,2,3,3,4,3,3,2,2,2,3,3,1,1,1,3,3,2,1,3,4,3,3,4,3,3,3,4,3,4,4,2,2,2,3,3,0,0,0,1,0,1,1,1,1,1,0,0,0,1,0,0,1,1,0,0,1,30,21,29,21,28,10,8,22,3,4,3,c,4,1,1,8
3,1,2,1,6,14,1,,1,3,3,2,1,1,,male,18,2,2,2,3,2,1,1,1,1,1,1,3,3,2,3,2,3,3,2,2,2,3,2,3,3,2,4,3,3,3,3,2,1,3,3,4,4,2,2,2,3,4,0,0,0,0,0,0,0,0,1,1,0,1,0,1,0,0,1,1,0,1,0,15,25,29,17,27,7,5,10,0,4,3,c,4,1,1,6
3,1,2,1,5,2,"1,5",,1,4,2,2,1,2,,female,18,2,4,2,2,2,4,2,1,3,3,2,4,3,2,2,3,2,3,0,1,3,3,3,3,4,1,3,3,2,3,2,1,1,2,2,2,2,4,2,3,3,4,1,0,1,0,0,1,1,0,1,1,0,0,1,0,0,0,1,0,0,0,0,25,23,27,10,24,8,10,15,4,3,1,c,4,3,1,6
3,1,2,3,6,12,6,,1,3,3,1,1,2,3,male,19,2,1,2,2,1,1,0,1,1,1,0,4,4,3,3,3,3,3,2,2,2,3,3,3,2,2,3,3,3,3,3,1,1,2,1,1,2,3,3,3,4,3,1,0,0,0,0,0,0,0,1,1,1,1,1,1,0,0,1,1,0,0,0,10,29,28,8,24,9,4,6,1,6,2,c,4,1,1,8
3,1,2,3,6,14,1,,1,2,3,1,1,3,4,male,21,2,2,2,3,2,2,2,3,4,3,3,3,4,2,3,3,2,2,2,3,3,3,3,3,3,3,3,3,2,3,3,1,4,2,3,1,3,6,4,6,7,7,0,0,0,0,1,1,1,1,1,1,0,1,1,0,1,0,0,0,0,0,0,26,27,29,14,10,9,11,15,3,5,1,c,4,1,1,8
3,1,2,2,6,3,6,,2,4,2,1,1,2,3,female,19,2,2,3,4,2,2,1,2,3,1,3,3,3,2,3,2,2,2,1,1,1,3,3,4,3,3,4,3,3,2,3,3,1,3,3,3,3,5,6,2,3,6,0,0,0,0,0,1,0,1,1,1,0,1,0,0,1,0,1,1,0,0,0,23,20,31,16,18,8,9,14,1,4,3,c,2,1,1,6
3,1,2,1,6,7,5,,1,3,4,1,1,1,,female,19,2,3,3,3,3,2,2,2,2,2,3,2,3,1,1,0,2,2,1,1,1,3,3,2,2,2,2,3,3,2,2,1,2,1,2,1,2,4,2,2,4,5,0,1,0,0,0,0,0,1,0,1,0,0,0,0,1,0,1,1,0,0,1,25,14,24,9,23,7,9,16,1,2,4,c,4,1,1,8
3,1,1,1,5,12,1,,3,4,3,1,1,1,,male,18,2,2,1,3,2,2,3,1,3,1,2,3,3,2,3,1,3,3,1,2,2,3,3,2,2,3,2,3,3,3,3,3,2,3,2,1,3,3,2,3,2,2,0,0,0,1,0,1,0,0,1,1,0,1,0,1,0,0,1,1,0,0,1,20,23,27,14,28,9,8,12,2,4,3,c,4,1,1,6
3,1,2,2,6,8,6,,1,2,3,2,2,3,4,female,19,2,4,4,4,3,2,4,2,3,4,4,4,4,1,2,3,2,3,0,1,2,3,2,4,1,3,4,1,3,3,3,0,3,0,1,0,2,6,6,6,3,7,0,1,0,1,0,1,1,1,1,1,0,0,1,0,0,0,1,1,0,1,0,34,22,27,6,12,11,10,24,4,4,3,c,4,1,1,8
3,1,2,2,5,1,6,,2,3,4,1,1,2,3,female,20,2,2,2,3,2,2,2,1,3,2,3,3,3,2,2,1,2,2,1,1,1,3,3,3,3,3,3,3,2,2,3,1,2,1,2,2,3,4,3,2,4,4,0,0,0,0,0,1,0,1,1,1,0,0,0,0,1,0,1,1,0,0,0,22,18,28,11,23,7,8,14,1,3,3,c,3,3,1,7
3,1,2,2,5,14,"2,6,7",,1,2,3,2,1,1,3,male,19,1,3,3,3,2,1,1,3,3,3,2,3,4,2,2,2,1,2,1,1,1,3,3,3,3,3,3,4,3,3,3,0,2,0,0,0,0,5,2,3,7,7,0,0,0,0,1,1,1,0,1,1,0,0,0,0,1,0,1,1,0,0,0,24,19,31,2,16,8,9,15,3,2,3,c,4,1,1,8
3,1,1,4,6,7,6,,2,3,2,2,2,3,3,female,21,2,3,3,4,3,3,4,2,3,3,4,4,4,2,3,2,3,3,1,2,2,3,2,3,3,3,3,2,3,3,3,0,1,1,1,1,1,5,3,5,5,3,0,1,1,1,0,1,1,1,1,1,0,1,0,1,0,0,1,1,0,1,0,32,26,28,5,19,13,11,21,5,5,3,c,4,3,1,8
3,1,1,1,8,3,"1,5",,2,2,3,2,1,2,,female,22,2,3,2,4,2,2,4,2,3,3,3,3,2,1,3,1,2,3,0,1,1,3,3,2,2,2,3,3,3,3,2,3,1,3,3,2,2,3,2,3,4,5,0,0,0,1,0,1,1,1,1,0,0,1,0,0,0,0,1,1,0,0,1,28,17,26,14,23,9,9,19,3,3,3,c,4,1,1,8
3,2,2,4,4,12,6,,1,3,4,1,1,3,4,female,22,2,2,2,1,1,2,0,1,0,2,0,4,4,3,3,3,2,3,3,3,2,3,2,3,3,3,3,3,3,3,3,0,4,1,3,3,3,1,1,1,1,1,1,0,0,0,0,0,0,0,1,1,1,1,1,0,0,1,0,1,0,1,0,11,30,29,14,35,9,4,7,1,5,3,c,4,1,1,6
3,1,2,5,6,12,4,,1,3,3,1,1,2,4,female,23,2,1,2,3,3,2,4,2,4,2,4,2,2,1,2,1,1,1,0,0,0,3,1,3,3,2,3,2,3,3,3,1,1,1,1,1,1,6,2,6,5,6,0,1,0,1,0,1,0,1,0,0,0,0,0,0,1,0,1,1,0,1,0,27,10,26,6,15,8,11,16,3,1,4,c,4,1,1,7
3,1,2,3,6,3,5,,2,1,3,1,1,2,3,female,20,2,2,3,2,2,2,2,2,2,2,2,3,3,2,3,2,3,3,2,1,2,3,3,3,3,3,4,3,4,4,3,1,2,2,2,2,3,3,3,3,4,4,1,0,0,0,0,0,0,0,1,1,0,1,0,1,0,0,1,1,0,0,0,21,24,33,12,23,7,8,13,1,4,2,c,2,1,1,8
3,1,2,4,6,12,6,,1,2,3,2,1,3,3,female,21,2,4,1,2,3,4,3,1,3,3,4,3,3,0,3,2,2,2,1,0,1,3,1,3,2,3,4,2,3,3,2,0,0,3,3,1,2,6,5,4,3,6,1,1,1,1,0,1,1,1,1,1,0,1,0,0,1,0,1,1,0,1,0,28,17,26,9,16,14,11,17,6,4,4,c,4,1,8,3
3,1,1,4,6,6,"1,6",,2,3,3,1,1,2,4,female,21,2,1,2,4,2,2,3,3,2,2,2,3,3,2,3,2,1,2,1,0,0,3,3,2,3,2,3,2,3,3,3,1,3,0,1,1,2,5,5,5,3,3,0,0,0,1,1,0,0,0,1,1,0,1,0,0,1,0,1,1,0,0,1,23,17,27,8,19,9,9,14,2,3,4,c,2,1,1,5
3,1,2,2,6,8,6,,2,3,3,1,2,2,4,male,19,2,3,3,1,1,1,3,0,1,4,1,3,4,0,4,1,3,4,1,0,1,3,4,4,3,3,2,3,3,3,4,3,1,3,1,3,3,2,2,2,2,2,1,0,0,1,0,0,1,0,1,1,0,1,0,1,0,0,1,1,0,0,0,18,21,32,14,30,9,3,15,3,4,2,c,2,1,1,1
3,1,2,2,7,4,6,,2,4,3,1,1,3,3,male,19,2,3,3,2,1,1,4,2,3,3,3,4,4,3,4,3,4,4,3,1,1,3,3,3,4,3,4,4,4,4,4,3,3,4,3,4,4,1,1,2,2,1,1,0,0,1,0,1,1,1,1,1,1,1,1,1,0,1,1,1,0,0,0,25,31,36,21,33,14,7,18,4,7,3,c,2,1,1,2
3,1,2,1,6,8,6,,1,3,2,2,1,1,,female,18,2,3,3,3,2,3,2,1,2,1,3,4,4,1,3,2,2,3,0,1,2,3,3,3,2,3,4,2,3,3,2,1,1,0,2,2,3,2,2,1,5,6,0,0,1,0,0,0,0,1,1,1,0,1,0,0,0,0,1,1,0,0,0,23,22,28,9,24,7,8,15,1,4,2,c,4,3,1,3
3,1,2,1,8,3,6,,1,3,2,2,1,3,,female,18,2,1,1,2,1,2,3,1,2,0,2,3,3,2,3,1,2,2,1,3,3,3,3,3,3,3,4,2,3,3,3,1,2,1,2,2,2,4,3,5,5,4,1,0,0,1,0,0,0,0,1,1,0,1,0,0,1,0,0,0,0,0,0,15,23,30,10,19,6,6,9,2,3,1,c,4,1,1,8
3,1,2,2,6,2,1,,2,2,3,1,1,2,4,female,20,2,2,1,2,2,2,1,2,2,1,1,3,3,3,3,1,3,3,1,1,2,3,3,2,2,3,3,3,3,3,2,1,2,3,3,3,4,5,3,3,5,6,1,0,0,0,0,0,0,0,1,1,1,1,0,1,0,0,1,1,0,0,1,16,23,27,16,18,9,8,8,1,5,3,c,2,1,1,3
3,1,2,4,6,3,6,,1,4,3,1,1,3,3,female,21,2,2,3,4,2,2,3,2,2,3,3,4,4,2,3,3,4,4,2,1,2,3,2,3,3,3,3,3,3,3,3,2,2,3,2,2,1,3,2,2,3,2,0,0,0,1,0,0,1,1,1,1,0,1,1,1,0,0,1,1,0,1,0,26,29,29,12,28,11,8,18,2,6,3,c,4,3,1,8
3,1,1,1,4,7,6,,2,4,3,1,1,2,,female,19,1,3,4,3,2,1,3,2,2,2,2,4,4,2,3,0,4,4,0,1,2,3,3,3,3,4,4,4,4,3,3,4,1,3,1,2,2,1,2,1,2,3,0,0,0,1,0,0,0,0,1,1,0,1,0,1,0,0,1,1,0,0,0,24,24,34,13,31,7,7,17,1,4,2,c,3,1,1,7
3,1,2,2,5,8,4,,1,4,3,1,1,2,2,female,18,2,2,2,3,3,2,4,2,2,1,2,4,4,1,4,3,4,4,2,2,2,3,3,2,3,3,4,3,2,3,2,4,1,4,2,3,4,3,2,4,6,6,0,1,0,1,0,0,0,0,1,1,0,1,1,1,0,0,1,1,0,0,1,23,30,28,18,19,10,9,14,2,5,3,c,4,3,5,6
3,1,2,1,6,4,1,,1,3,2,2,1,3,,female,19,2,2,3,4,2,2,2,3,2,3,3,3,3,3,3,3,3,3,2,3,3,3,3,3,2,3,4,2,3,3,3,3,3,3,3,3,3,3,3,2,2,5,0,0,0,0,1,0,1,1,1,1,1,1,1,1,0,0,0,0,0,0,0,26,29,29,18,25,9,9,17,2,7,0,c,4,1,1,3
3,1,2,1,5,4,"1,9",,1,3,2,2,1,2,,female,18,2,2,1,1,1,3,3,3,2,2,1,2,3,2,2,3,2,2,2,2,1,2,3,2,2,2,3,1,2,2,2,3,2,3,1,2,3,3,4,5,3,4,1,0,1,1,1,0,0,0,0,1,0,0,1,0,1,0,1,1,1,0,1,19,21,21,14,21,11,9,10,4,2,5,c,4,1,8,3
3,1,2,1,6,4,1,,1,3,3,1,1,3,,female,18,2,1,3,3,2,3,3,3,1,3,3,3,3,1,3,1,2,2,1,1,1,3,3,3,2,2,3,3,3,2,2,1,0,0,1,1,1,6,6,6,6,6,0,0,1,1,1,0,1,1,1,1,0,1,0,0,1,0,1,1,0,0,0,25,18,26,4,10,11,9,16,4,4,3,c,4,1,8,8
3,1,1,4,5,8,1,,1,1,3,1,1,1,3,male,26,2,1,2,2,2,2,2,2,2,2,2,3,3,1,3,1,3,3,1,1,1,3,3,3,3,3,3,3,3,3,3,3,1,1,1,1,3,4,3,3,3,3,1,0,0,0,0,0,0,0,1,1,0,1,0,1,0,0,1,1,0,0,0,19,20,30,10,24,7,8,11,1,4,2,c,4,1,1,8
3,1,2,1,6,8,5,,1,3,2,2,1,1,,female,18,2,4,4,4,3,3,2,2,3,4,4,2,3,1,3,1,2,2,0,1,0,3,3,2,2,2,3,3,2,3,2,1,3,2,2,1,2,4,4,3,3,6,0,1,1,0,0,1,1,1,0,1,0,1,0,0,1,0,1,1,0,0,1,33,15,25,11,20,11,11,22,4,3,4,c,1,1,1,8
3,1,2,4,6,1,6,,4,3,4,1,2,4,3,male,21,2,2,2,4,2,1,2,1,3,3,4,4,4,2,4,1,4,3,1,1,1,3,3,2,3,4,2,3,3,4,4,3,2,4,3,3,4,3,3,3,3,3,0,0,0,0,0,1,1,1,1,1,0,1,0,1,0,0,1,1,0,0,1,24,25,31,19,25,10,7,17,2,5,3,c,1,1,1,5
3,1,1,2,6,2,5,,1,4,4,1,1,2,2,female,19,1,3,2,4,2,3,4,3,4,3,4,4,4,2,2,1,2,3,0,1,1,3,2,2,3,2,2,2,3,3,2,2,3,3,3,2,2,6,7,6,5,4,0,0,1,1,1,1,1,1,1,1,0,0,0,0,0,0,1,1,0,1,1,32,20,24,15,12,12,12,20,5,3,4,c,4,1,1,7
3,1,2,2,8,5,5,,1,3,3,2,1,3,4,female,18,2,3,3,4,3,2,4,2,4,1,4,3,3,0,2,1,2,2,0,0,0,3,3,2,2,3,3,2,4,4,3,0,1,1,1,1,1,3,2,3,3,5,0,1,0,1,0,1,0,1,1,1,0,0,0,0,1,0,1,1,0,0,1,30,13,29,5,24,10,11,19,3,3,4,c,4,1,1,8
3,1,1,4,6,7,5,,1,2,3,1,1,1,1,female,21,2,4,4,4,3,1,1,3,0,4,4,4,4,2,4,2,4,2,1,1,1,3,3,4,3,3,3,3,2,3,4,1,2,1,3,2,1,5,6,6,6,7,0,1,0,0,1,0,1,1,1,1,0,1,0,1,1,0,1,1,0,0,0,28,25,31,10,10,11,7,21,3,5,3,c,4,1,1,8
3,1,2,4,4,2,8,Latin American,1,4,5,1,1,3,3,female,20,2,0,1,1,1,1,1,1,1,2,1,4,4,3,3,3,4,4,3,3,3,4,4,4,4,4,4,3,4,4,4,2,3,3,4,0,4,1,2,2,1,2,1,0,0,0,0,0,0,0,1,1,1,1,1,1,0,1,0,0,0,0,0,10,34,39,16,32,8,4,6,1,6,1,c,4,1,1,3
3,1,1,4,5,6,6,,2,3,3,1,1,2,4,female,21,2,3,4,4,3,3,4,3,3,3,3,3,2,1,2,1,2,2,1,1,1,3,2,2,2,2,3,2,2,3,2,1,4,0,0,1,1,7,3,6,5,7,0,1,1,1,1,1,1,1,1,0,0,0,0,0,1,0,1,1,0,1,1,33,16,23,7,12,13,12,21,6,2,5,c,4,1,1,6
3,1,2,3,7,3,1,,1,3,2,2,1,1,3,unknown,19,2,2,3,4,2,2,3,2,2,3,4,3,3,2,3,1,3,3,1,1,1,3,3,2,3,3,3,3,2,3,3,3,1,2,3,2,1,4,5,4,4,4,0,0,0,1,0,0,1,1,1,1,0,1,0,1,0,0,1,1,0,0,1,27,21,28,12,19,10,8,19,2,5,3,c,2,1,1,8
3,1,2,4,6,1,7,,3,3,3,1,2,2,2,female,21,2,1,3,2,1,2,1,0,1,1,0,2,2,1,1,0,2,2,1,0,1,4,3,4,4,4,4,3,3,4,4,1,0,2,1,1,0,7,5,5,6,2,1,0,0,0,0,0,0,0,0,0,0,0,0,0,1,0,1,1,0,0,0,12,12,37,5,15,4,4,8,1,0,3,c,4,3,1,5
3,1,3,1,5,8,5,,1,4,3,1,2,2,,male,18,2,2,2,1,1,2,2,1,2,2,1,3,3,3,3,2,3,2,1,1,2,3,3,3,3,3,3,3,3,3,3,2,2,3,2,2,2,3,3,3,6,5,1,0,0,0,0,0,0,0,1,1,1,1,0,1,1,0,1,1,0,0,0,16,23,30,13,20,9,6,10,1,5,3,c,4,1,1,1
3,1,2,1,6,6,6,,2,4,2,1,3,4,,male,18,2,0,4,0,0,0,0,0,0,0,0,4,4,3,4,3,4,4,3,3,3,4,4,4,4,4,4,4,4,4,4,2,2,3,3,3,3,1,1,1,1,1,1,0,0,0,0,0,0,0,1,1,1,1,1,1,0,1,0,0,0,0,0,4,35,40,16,35,8,0,4,1,6,1,c,4,1,1,8
3,1,2,1,6,1,6,,1,3,2,2,1,2,,female,18,3,3,4,4,2,2,2,1,2,3,2,3,3,0,4,2,1,2,0,0,0,3,2,2,1,1,3,2,3,3,3,0,1,1,2,2,2,3,1,3,4,4,0,0,0,0,0,0,1,0,1,1,0,1,0,0,1,0,1,1,0,1,1,25,15,23,8,25,9,7,18,1,3,5,c,4,1,1,6
3,1,2,5,5,2,6,,2,3,4,1,1,3,3,female,23,2,3,0,2,1,2,3,3,1,1,2,4,4,3,3,3,3,3,2,3,3,3,2,3,3,3,3,3,3,3,3,3,3,3,3,3,2,3,2,2,3,5,1,0,0,1,1,0,0,0,1,1,1,1,1,1,0,0,0,0,0,1,0,18,31,29,17,25,10,7,11,3,6,1,c,1,1,1,7
3,"1,5",2,1,8,3,1,,1,3,3,2,1,2,,female,18,2,2,1,4,1,2,2,2,1,0,1,3,4,3,3,2,4,3,1,1,2,3,3,3,4,4,3,4,3,3,4,3,2,2,2,1,3,3,2,3,2,2,0,0,0,0,0,0,0,0,1,1,1,1,0,1,0,0,1,1,0,0,0,16,26,34,13,28,7,6,10,0,5,2,c,2,1,1,8
3,1,3,1,6,8,6,,1,3,3,1,1,2,,female,18,2,2,2,3,1,2,1,1,2,3,3,4,4,2,4,2,4,4,1,1,2,3,2,3,3,2,3,2,4,4,3,1,1,1,2,3,2,2,3,2,2,2,0,0,0,0,0,0,1,1,1,1,0,1,0,1,0,0,1,1,0,1,0,20,28,29,10,29,9,6,14,1,5,3,c,4,3,1,4
3,"2,3",2,1,6,8,6,,2,4,3,1,1,3,,female,19,2,3,3,4,2,2,2,2,1,2,1,4,4,3,3,1,3,4,1,1,2,4,2,3,3,2,3,2,3,3,3,2,1,4,2,2,3,1,1,1,1,1,0,0,0,0,0,0,0,0,1,1,1,1,0,1,0,0,1,1,0,1,0,22,26,28,14,35,8,7,15,0,5,3,c,4,1,1,2
3,1,2,1,8,3,6,,1,3,3,2,3,3,,female,18,2,2,2,3,2,2,2,2,1,3,1,3,3,2,3,2,3,3,2,2,2,4,3,4,4,4,4,4,4,4,4,3,3,3,2,0,3,2,2,2,2,2,0,0,0,0,0,0,1,0,1,1,0,1,0,1,0,0,1,1,0,0,0,20,25,39,14,30,7,7,13,1,4,2,c,1,1,1,8
3,2,2,3,4,8,6,,1,3,2,2,1,2,3,female,35,2,2,2,3,1,2,2,2,1,2,2,3,3,2,3,2,3,3,2,1,1,3,3,3,3,3,3,3,2,3,3,2,2,2,2,2,2,4,3,3,2,3,0,0,0,0,0,0,0,0,1,1,0,1,0,1,0,0,1,1,0,0,0,19,23,29,12,25,6,6,13,0,4,2,c,3,3,1,5
3,1,2,4,6,12,1,,1,3,3,1,1,3,3,female,21,2,3,3,3,2,2,1,3,2,3,1,4,3,3,3,3,3,3,2,2,2,3,3,3,3,3,3,3,3,3,3,2,2,3,2,3,3,3,3,3,6,5,0,0,0,0,1,0,1,0,1,1,1,1,1,1,0,0,1,1,0,0,0,23,28,30,15,20,10,9,14,2,6,2,c,4,1,1,6
3,1,2,1,5,3,"5,6",,1,3,3,2,1,2,,male,18,2,2,1,2,2,3,2,3,2,2,2,3,2,1,3,1,2,3,1,2,1,3,2,3,3,2,2,3,2,3,3,3,2,3,2,2,2,4,5,5,4,5,1,0,1,0,1,0,0,0,1,0,0,1,0,0,0,0,1,1,0,1,0,21,19,26,14,17,8,10,11,3,2,3,c,4,1,1,6
3,1,2,1,6,3,1,,1,4,2,2,1,2,,female,18,3,3,2,4,2,2,3,3,1,3,3,4,4,2,4,1,3,3,2,1,1,3,4,3,3,3,3,3,3,3,3,0,2,1,2,2,2,3,1,2,1,5,0,0,0,1,1,0,1,1,1,1,0,1,0,1,0,0,1,1,0,0,0,26,25,31,9,28,10,8,18,3,5,2,c,4,1,1,8
3,"1,3",2,1,6,8,6,,1,3,3,2,1,3,,female,19,1,2,1,4,2,2,3,2,2,1,2,3,3,2,3,2,3,3,1,1,1,3,3,3,3,4,4,3,3,3,4,1,1,1,1,1,3,2,3,3,3,3,0,0,0,1,0,0,0,0,1,1,0,1,0,1,0,0,1,1,0,0,0,21,22,33,8,26,7,8,13,1,4,2,c,1,1,1,5
3,1,1,1,6,4,"5,8",Caribbean,1,2,3,1,1,1,,female,18,2,4,2,4,2,2,3,2,2,3,3,3,3,1,3,2,3,3,0,1,1,3,2,3,2,2,3,2,2,3,2,2,3,2,3,3,2,3,3,3,3,6,0,0,0,1,0,0,1,1,1,1,0,1,0,1,0,0,1,1,0,1,0,27,20,24,15,22,10,8,19,2,5,3,c,4,1,1,4
3,1,2,1,8,3,1,,1,3,3,2,1,2,,male,18,2,2,2,2,1,3,1,2,1,2,1,4,4,3,2,2,3,3,0,0,1,3,3,2,3,3,3,3,3,3,3,0,3,2,2,1,1,3,4,5,3,5,1,0,1,0,0,0,0,0,1,1,1,0,0,1,0,0,1,1,0,0,1,17,22,29,9,20,9,7,10,2,4,3,c,1,3,1,5
3,"1,7",2,1,6,8,8,West Indian ,1,4,3,2,1,3,,male,19,2,2,1,3,2,2,3,2,2,2,3,3,4,1,4,2,3,3,2,2,2,4,4,3,2,3,3,2,2,3,3,3,2,3,2,0,2,2,2,2,3,1,0,0,0,1,0,0,0,1,1,1,0,1,0,1,0,0,1,1,0,0,0,22,26,29,12,30,8,8,14,1,5,2,c,4,1,6,7
3,1,2,3,3,3,4,,1,3,2,1,1,1,2,male,20,2,1,0,3,2,1,2,4,4,0,3,4,1,0,1,0,1,1,2,0,0,2,3,1,4,4,4,4,3,4,3,0,0,1,0,0,4,6,6,5,7,7,0,0,0,0,1,1,0,1,1,0,0,0,0,0,1,0,1,1,1,0,1,20,10,32,5,9,9,11,9,2,2,5,c,2,1,1,7
3,1,2,1,6,12,6,,1,3,2,2,2,2,,male,18,2,3,3,4,2,3,3,3,3,1,2,2,3,2,3,1,2,2,1,1,2,2,3,2,2,2,2,2,3,3,2,2,2,2,1,1,2,5,3,4,5,7,0,0,1,1,1,1,0,0,0,1,0,1,0,0,1,0,1,1,1,0,1,27,19,23,10,16,11,11,16,4,2,5,c,4,1,1,4
3,"1,5,7",2,2,6,8,5,,1,3,2,2,2,2,3,female,19,2,2,3,4,2,3,3,3,3,3,4,4,4,1,3,0,2,2,0,0,0,4,3,3,4,3,4,4,3,3,4,2,2,4,3,1,0,4,3,5,5,2,0,0,1,1,1,1,1,1,1,1,0,1,0,0,1,0,1,1,0,0,0,30,16,35,12,21,12,11,19,5,4,3,c,1,1,1,8
3,"1,3",2,3,5,14,"1,4,7",,1,3,3,1,1,2,2,male,20,2,1,1,2,2,2,1,2,2,1,1,3,3,2,1,3,3,3,0,1,1,4,2,3,3,3,4,3,4,4,3,2,2,3,2,2,4,7,4,4,7,6,1,0,0,0,0,0,0,0,1,1,0,0,1,1,0,0,1,1,0,1,0,15,20,33,15,12,8,8,7,1,4,3,c,4,1,1,8
3,1,2,2,6,3,1,,2,4,3,1,1,3,4,male,18,2,2,2,3,2,2,3,3,1,3,2,3,3,2,3,2,3,3,2,0,1,3,3,3,3,3,3,3,3,3,3,2,3,1,3,3,2,7,2,3,2,6,0,0,0,1,1,0,1,0,1,1,0,1,0,1,0,0,1,1,0,0,0,23,22,30,14,20,9,8,15,3,4,2,c,4,3,1,6
3,1,2,1,8,3,5,,1,1,3,1,1,1,,female,16,2,2,2,2,2,2,2,2,2,2,2,3,3,1,3,0,3,3,1,1,1,3,3,3,1,3,3,3,3,3,3,2,2,2,2,2,2,4,4,4,4,4,1,0,0,0,0,0,0,0,1,1,0,1,0,1,0,0,1,1,0,0,0,20,19,28,12,20,7,8,12,1,4,2,c,4,1,1,8
3,1,1,1,6,3,5,,1,1,2,1,2,3,,female,18,2,3,1,4,2,2,2,2,2,2,3,3,3,1,2,1,2,3,1,0,0,3,3,3,3,3,3,2,2,3,3,1,2,1,2,2,2,5,4,4,5,2,0,0,0,0,0,0,0,1,1,1,0,0,0,0,0,0,1,1,0,0,0,23,16,28,10,20,5,8,15,0,3,2,c,4,1,8,6
3,1,1,1,6,3,6,,1,3,2,2,1,2,,female,18,2,3,3,4,3,2,2,3,2,3,2,2,3,1,3,2,2,2,1,1,1,3,2,3,3,3,3,2,3,3,2,1,1,1,1,1,1,5,2,4,2,6,0,1,0,0,1,0,1,0,0,1,0,1,0,0,1,0,1,1,0,1,0,27,18,27,6,21,9,10,17,3,2,4,c,4,1,1,5
3,1,3,2,7,3,5,,1,2,3,2,2,2,3,male,19,2,1,3,3,2,3,2,2,3,0,3,2,2,1,2,1,2,2,0,0,1,3,2,3,3,3,3,3,3,3,3,1,3,0,2,1,2,6,3,6,6,6,0,0,1,0,0,1,0,1,0,0,0,0,0,0,1,0,1,1,0,1,0,22,13,29,9,13,7,10,12,2,1,4,c,4,1,1,1
3,1,1,3,6,3,5,,1,3,3,1,1,1,3,female,20,2,3,2,4,2,1,2,2,2,2,3,3,3,2,2,1,2,2,1,1,1,3,3,3,2,3,3,2,2,3,3,3,3,2,1,3,1,3,3,3,5,5,0,0,0,0,0,0,0,1,1,1,0,0,0,0,1,0,1,1,0,0,0,23,18,27,13,21,6,7,16,0,3,3,c,1,1,4,6
3,1,2,1,6,8,4,,1,4,2,2,1,2,,male,18,2,2,2,3,2,2,2,1,2,1,2,3,3,2,3,2,3,2,1,1,2,4,3,3,2,3,4,2,4,3,3,1,3,3,3,3,3,3,2,3,5,6,0,0,0,0,0,0,0,0,1,1,0,1,0,1,1,0,1,1,0,0,0,19,22,31,16,21,7,7,12,0,4,3,c,4,1,1,5
3,1,1,3,6,8,5,,1,4,3,2,1,2,2,female,21,2,1,2,3,1,1,3,2,3,1,2,2,3,2,2,1,3,4,0,2,2,2,3,2,2,3,3,3,2,2,3,3,2,2,1,0,4,3,4,4,4,5,0,0,0,1,0,1,0,0,0,1,0,0,0,1,0,0,1,1,1,0,1,19,21,25,12,20,8,7,12,2,2,4,c,4,3,6,8
3,1,2,2,6,8,1,,1,1,3,1,1,2,3,female,23,2,2,1,2,2,2,1,2,2,1,1,3,2,2,3,1,2,1,1,1,1,3,3,2,1,2,3,2,2,3,2,1,1,0,2,1,1,6,5,6,5,3,1,0,0,0,0,0,0,0,1,0,0,1,0,0,1,0,1,1,0,0,1,16,17,23,6,15,7,8,8,1,2,4,c,4,1,1,7
3,1,2,4,6,2,5,,1,3,3,1,1,3,3,female,20,2,2,2,3,3,2,3,2,2,1,2,3,3,2,3,2,3,3,2,1,1,3,2,3,3,3,3,3,2,3,3,1,2,1,2,2,3,5,5,5,3,6,0,1,0,1,0,0,0,0,1,1,0,1,0,1,0,0,1,1,0,1,0,22,23,28,11,16,9,9,13,2,4,3,c,4,1,1,1
3,1,2,4,5,3,5,,2,2,3,1,1,1,4,female,20,2,3,4,4,3,4,4,4,4,4,4,3,3,2,3,2,2,2,0,0,0,2,2,3,3,3,3,2,2,3,3,3,3,3,1,3,3,3,6,5,5,7,0,1,1,1,1,1,1,1,1,1,0,1,0,0,1,0,1,1,1,1,0,38,17,26,16,14,15,15,23,6,4,5,c,2,1,1,8
3,"1,3",2,1,6,12,1,,1,2,3,2,2,2,,male,18,3,2,4,4,2,4,3,2,4,0,3,2,1,0,2,1,2,1,1,0,1,3,2,1,2,3,4,3,1,2,2,2,0,1,0,1,1,6,5,7,5,6,0,0,1,1,0,1,0,1,0,0,0,0,0,0,1,0,1,1,0,1,1,28,11,23,5,11,9,12,16,3,1,5,c,4,1,1,4
3,1,2,1,6,3,6,,2,3,2,1,1,2,,female,18,2,4,3,2,0,2,1,2,0,1,0,4,4,3,4,2,4,4,3,2,3,4,4,4,1,2,4,3,1,3,4,0,2,3,2,2,3,2,2,2,2,2,1,0,0,0,0,0,0,0,1,1,1,1,0,1,0,1,1,0,0,0,0,15,33,30,12,30,8,4,11,1,5,2,c,1,1,1,6
3,1,1,2,6,3,5,,2,3,2,1,3,3,3,male,19,2,1,1,2,2,3,1,2,2,1,2,2,2,3,2,2,4,3,2,1,2,2,3,2,2,3,3,3,1,2,2,2,2,3,2,3,2,3,5,4,4,5,1,0,1,0,0,0,0,0,0,0,1,0,0,1,0,0,1,1,1,0,1,17,23,23,14,19,8,9,8,2,2,4,c,4,1,1,6
3,1,2,1,6,3,6,,2,3,2,2,2,2,,female,18,3,2,3,4,1,1,4,3,3,0,3,3,2,1,3,2,2,2,2,1,1,3,3,3,4,4,3,4,3,3,3,3,3,2,0,3,3,2,2,3,3,6,0,0,0,1,1,1,0,1,1,0,0,1,0,0,1,0,1,1,0,0,0,24,19,33,14,24,9,8,16,3,3,3,c,1,3,1,8
3,1,2,4,6,3,1,,1,3,3,2,1,3,3,female,21,2,3,3,4,2,2,2,2,3,3,3,3,3,2,4,1,2,2,1,0,1,3,3,2,2,3,4,3,3,3,2,1,1,1,1,1,2,5,3,4,3,6,0,0,0,0,0,1,1,1,1,1,0,1,0,0,1,0,1,1,0,0,1,27,19,28,7,19,10,9,18,2,4,4,c,2,3,1,8
3,1,1,1,6,2,2,,1,4,3,1,1,3,,female,18,2,2,1,1,3,2,3,1,4,1,1,1,2,3,2,2,3,3,1,2,2,1,2,1,3,3,2,3,2,3,2,2,2,3,2,1,4,3,4,3,2,2,1,1,0,1,0,1,0,0,0,0,1,0,0,1,0,0,1,1,1,1,1,19,21,22,14,26,11,10,9,4,2,5,c,4,3,2,5
3,1,1,1,6,9,6,,2,1,2,2,2,3,,male,18,2,0,3,4,2,2,3,3,1,1,2,4,4,1,4,2,2,3,0,1,2,3,3,2,2,3,4,3,2,3,4,1,1,0,1,1,3,4,2,5,4,6,0,0,0,1,1,0,0,0,1,1,0,1,0,0,0,0,1,1,0,0,1,21,23,29,7,19,8,8,13,2,3,3,c,4,3,1,4
3,1,2,2,7,8,5,,2,3,3,1,1,2,4,female,19,2,2,2,3,1,2,2,3,2,3,1,4,4,3,3,3,3,3,2,2,2,3,3,4,3,3,4,3,4,3,3,0,2,4,3,2,3,5,5,3,3,6,0,0,0,0,1,0,1,0,1,1,1,1,1,1,0,0,1,1,0,0,0,21,29,33,14,18,10,8,13,2,6,2,c,4,1,1,3
3,1,2,1,6,3,6,,1,2,2,1,1,3,,female,18,2,3,3,4,2,1,3,3,1,1,1,4,4,3,3,3,3,3,1,2,3,3,2,3,3,3,3,2,3,2,3,1,2,3,2,3,3,2,2,2,2,2,0,0,0,1,1,0,0,0,1,1,1,1,1,1,0,0,1,0,0,1,0,22,29,27,14,30,10,7,15,2,6,2,c,1,1,1,8
3,1,1,4,6,9,6,,2,3,2,1,1,1,3,female,21,2,3,4,4,2,3,4,2,2,3,4,3,3,1,3,1,2,3,0,0,1,3,1,3,3,3,3,3,3,2,3,2,1,3,0,0,3,4,2,3,3,7,0,0,1,1,0,0,1,1,1,1,0,1,0,0,0,0,1,1,0,1,0,31,17,27,9,21,10,9,22,3,4,3,c,4,1,1,8
3,1,2,1,6,14,1,,1,3,3,2,1,2,,female,18,2,2,1,3,2,2,2,1,2,2,1,3,3,2,3,2,3,3,1,1,2,4,2,3,3,3,4,2,3,3,3,1,4,3,4,3,3,3,3,3,2,2,0,0,0,0,0,0,0,0,1,1,0,1,0,1,0,0,1,1,0,1,0,18,23,30,18,27,7,7,11,0,4,3,c,4,1,1,5
3,1,1,2,4,2,1,,1,3,2,1,1,2,3,male,20,2,2,2,2,2,2,2,3,3,1,1,3,3,2,3,1,3,3,1,1,2,3,2,3,3,3,3,3,3,3,3,1,1,2,1,1,2,5,5,4,3,6,1,0,0,0,1,1,0,0,1,1,0,1,0,1,0,0,1,1,0,1,0,20,22,29,8,17,10,10,10,3,4,3,c,1,1,1,1
3,"1,5",2,2,6,3,5,,1,3,3,1,1,3,3,female,19,2,1,0,1,1,1,1,2,3,0,0,3,3,2,3,2,3,3,2,2,2,3,3,3,3,3,3,3,3,3,3,3,2,3,2,2,3,2,2,2,2,2,1,0,0,0,0,1,0,0,1,1,0,1,0,1,0,0,1,1,0,0,0,10,25,30,15,30,8,7,3,2,4,2,c,2,1,4,8
3,1,2,2,5,1,5,,1,3,1,2,2,2,2,female,19,2,2,2,4,1,2,2,2,2,1,4,4,4,2,3,2,3,2,1,2,1,3,3,3,3,3,2,2,3,3,3,3,2,1,2,2,3,4,5,5,4,7,0,0,0,0,0,0,0,1,1,1,0,1,0,1,1,0,1,1,0,0,0,22,24,28,13,15,8,7,15,0,5,3,c,4,1,6,5
3,1,2,2,6,3,2,,2,3,3,1,2,2,4,female,18,2,3,4,3,0,2,2,2,1,4,2,4,4,2,3,3,3,4,0,1,2,3,2,3,3,3,3,3,3,3,3,3,2,2,1,3,2,5,1,2,2,6,0,0,0,0,0,0,1,0,1,1,0,1,1,1,0,0,1,1,0,1,0,23,26,29,13,24,9,5,18,1,5,3,c,2,3,1,4
3,1,2,3,6,3,6,,1,4,3,1,1,3,3,female,20,2,0,1,2,0,1,2,1,2,1,1,3,3,2,3,2,3,3,1,1,1,3,2,3,3,3,3,3,3,3,3,1,3,1,3,3,3,5,3,3,4,5,1,0,0,0,0,0,0,0,1,1,0,1,0,1,0,0,1,1,0,1,0,11,22,29,14,20,8,4,7,1,4,3,c,2,1,1,5
3,"1,5",2,3,6,8,5,,1,3,2,1,2,3,4,female,20,2,2,1,2,3,3,1,3,2,3,3,2,3,2,3,2,3,3,1,2,2,3,2,3,2,3,3,2,2,3,3,3,1,2,2,1,3,2,2,2,2,2,1,1,1,0,1,0,1,1,0,1,0,1,0,1,0,0,1,1,0,1,0,23,23,26,12,30,12,11,12,5,4,3,c,2,1,1,7
3,1,2,1,5,8,6,,2,3,3,1,1,2,,female,18,2,2,1,2,1,1,0,1,1,2,1,4,4,2,3,2,3,3,2,2,2,3,2,3,3,3,4,3,3,3,3,3,1,3,3,3,3,2,2,2,2,2,1,0,0,0,0,0,0,0,1,1,0,1,0,1,0,0,1,1,0,1,0,12,27,30,16,30,8,4,8,1,4,3,c,1,3,1,5
3,1,2,4,5,14,1,,1,2,2,2,1,2,3,female,22,2,3,3,4,2,3,3,2,3,4,4,2,2,1,2,1,2,2,1,1,1,3,2,2,2,2,2,3,3,3,3,0,2,2,2,2,2,6,6,6,6,6,0,0,1,1,0,1,1,1,0,0,0,0,0,0,1,0,1,1,0,1,1,31,15,25,10,10,10,10,21,4,1,5,c,4,1,1,8
3,1,1,2,6,8,9,,1,4,3,1,1,3,3,female,20,2,2,3,2,2,2,1,2,2,2,2,2,3,2,2,2,2,3,1,1,1,3,3,3,3,3,3,3,3,3,3,3,1,4,2,2,2,4,4,4,4,4,1,0,0,0,0,0,0,0,0,1,0,0,0,0,0,0,1,1,0,0,0,20,19,30,14,20,4,8,12,1,1,2,c,2,1,1,5
3,1,1,4,6,8,1,,2,4,2,2,1,2,3,female,21,2,3,4,4,2,2,2,3,3,4,3,3,3,1,2,1,3,2,0,1,0,3,3,3,3,3,3,2,3,3,2,3,2,1,1,1,3,6,6,6,3,7,0,0,0,0,1,1,1,1,1,1,0,0,0,1,1,0,1,1,0,0,0,30,16,28,11,12,10,10,20,3,4,3,c,4,1,8,7
3,1,2,2,6,8,"6,8",Latino,1,1,3,1,2,2,3,female,20,2,1,1,3,2,2,2,1,2,0,2,3,3,3,3,3,4,3,2,3,3,3,1,2,2,1,3,2,2,2,2,3,2,3,3,3,3,2,2,3,3,2,0,0,0,0,0,0,0,0,1,1,1,1,1,1,0,0,0,0,0,1,1,16,30,20,17,28,8,7,9,0,6,2,c,4,1,1,8
3,1,3,1,5,14,1,,1,3,2,2,1,2,,female,18,2,2,3,4,2,3,4,1,3,2,2,3,3,3,4,2,3,2,1,2,1,4,3,3,3,3,4,4,4,3,3,3,4,4,2,2,3,6,5,5,7,4,0,0,1,1,0,1,0,0,1,1,1,1,0,1,1,0,1,1,0,0,0,26,24,34,18,13,11,9,17,3,5,3,c,1,1,8,6
3,"1,5",1,1,6,2,6,,1,3,3,1,1,3,,female,18,2,2,2,3,1,1,2,2,1,1,3,3,3,2,3,2,3,3,2,2,2,3,2,3,3,3,3,2,3,3,3,2,2,3,3,3,3,2,2,2,3,2,0,0,0,0,0,0,0,1,1,1,0,1,0,1,0,0,1,1,0,1,0,18,25,28,16,29,8,5,13,0,5,3,c,4,1,7,6
3,1,2,1,6,14,1,,1,3,2,2,1,1,,female,18,2,4,4,4,3,3,3,3,3,0,4,2,2,1,2,1,1,1,0,1,1,3,3,3,2,2,3,2,3,2,2,1,1,1,1,1,2,6,4,4,3,6,0,1,1,1,1,1,0,1,0,0,0,0,0,0,1,0,1,1,0,0,0,31,12,25,7,17,9,12,19,5,1,3,c,4,3,1,8
3,1,3,2,7,8,6,,2,1,3,1,1,1,4,female,19,2,2,3,4,2,2,1,1,1,4,2,4,4,2,3,2,3,3,2,1,1,3,3,4,2,2,3,3,3,2,3,3,1,1,3,2,2,5,5,3,3,6,0,0,0,0,0,0,1,0,1,1,0,1,0,1,0,0,1,1,0,0,0,22,25,28,12,18,7,6,16,1,4,2,c,4,1,1,3
3,1,2,5,5,12,5,,1,4,3,1,3,2,4,male,23,2,3,2,4,0,1,3,2,0,4,3,3,2,1,4,0,4,3,1,1,1,3,4,3,4,2,3,3,2,3,4,1,4,1,3,4,1,3,3,6,6,4,0,0,0,1,0,0,1,1,1,0,0,1,0,1,0,0,1,1,0,0,0,22,20,31,14,18,8,3,19,2,4,2,c,4,1,1,7
3,1,2,1,6,8,7,,1,3,3,1,1,2,,female,18,2,2,2,3,3,3,2,2,2,2,3,3,3,2,3,2,2,2,1,1,2,2,2,2,3,3,3,3,2,2,3,2,2,2,2,3,2,5,5,5,4,6,0,1,1,0,0,0,0,1,1,1,0,1,0,0,1,0,1,1,1,1,1,24,21,25,13,15,12,10,14,2,4,6,c,4,1,1,5
3,1,2,1,6,8,5,,1,3,3,1,1,2,,female,18,2,2,2,2,2,1,1,1,1,1,1,4,4,2,3,2,3,3,2,2,3,3,3,4,3,3,3,3,3,3,4,3,3,4,3,3,2,3,1,2,3,3,1,0,0,0,0,0,0,0,1,1,0,1,0,1,0,0,1,0,0,0,0,14,28,32,18,28,6,5,9,1,4,1,c,4,1,1,5
3,1,2,2,6,3,6,,1,2,3,1,2,3,3,female,20,2,1,2,3,2,1,3,2,2,3,4,3,3,1,3,2,2,3,1,1,2,3,2,2,3,3,3,3,3,3,3,3,4,3,3,3,3,2,3,2,3,4,0,0,0,1,0,0,1,1,1,1,0,1,0,0,0,0,1,1,0,1,1,23,21,28,19,26,10,7,16,2,4,4,c,4,1,1,7
3,"1,3",1,2,4,7,6,,1,2,4,2,1,3,2,male,31,1,4,4,4,2,3,2,2,2,4,3,3,3,2,3,1,2,2,1,1,1,3,3,3,3,3,3,3,4,3,2,0,0,0,0,0,0,6,6,5,7,7,0,0,1,0,0,0,1,1,1,1,0,1,0,0,1,0,1,1,0,0,0,30,19,30,0,9,9,9,21,2,4,3,c,4,1,8,5
3,1,2,1,6,8,5,,2,4,2,2,1,2,,female,18,2,2,3,4,2,2,3,0,1,1,1,3,3,1,2,1,2,2,0,1,1,3,2,2,3,2,3,3,3,3,3,1,1,1,1,1,2,3,6,5,5,5,0,0,0,1,0,0,0,0,1,1,0,0,0,0,1,0,1,1,0,1,1,19,16,27,7,16,8,5,14,1,2,5,c,1,1,1,7
3,1,2,2,8,3,6,,1,1,3,1,1,3,3,female,19,2,2,0,4,1,2,2,2,1,1,2,4,4,3,4,0,4,4,2,2,3,3,3,3,3,3,3,3,2,3,3,3,4,3,4,4,3,2,1,1,2,3,0,0,0,0,0,0,0,0,1,1,1,1,0,1,0,0,1,0,0,0,0,17,30,29,21,31,6,6,11,0,5,1,c,4,1,3,8
3,"1,5",2,1,5,3,5,,2,3,2,2,1,2,,female,19,2,3,4,3,3,2,4,3,3,4,3,4,3,2,3,2,3,4,1,2,2,3,3,2,1,1,3,3,1,2,3,1,0,3,3,1,3,5,7,2,2,4,0,1,0,1,1,1,1,1,1,1,0,1,0,1,0,0,1,1,0,0,1,32,26,22,11,20,13,11,21,5,5,3,c,4,3,1,6
3,1,2,3,6,7,7,,1,3,3,1,3,4,4,male,23,2,1,1,3,1,1,0,1,1,1,0,4,4,3,4,3,4,4,2,3,3,4,3,3,4,4,4,4,4,4,4,3,4,4,3,3,4,2,1,1,2,3,0,0,0,0,0,0,0,0,1,1,1,1,1,1,0,0,0,0,0,0,0,10,34,38,21,31,6,4,6,0,6,0,c,4,1,1,6
3,1,2,4,6,3,7,,1,1,2,2,1,3,3,unknown,21,2,2,1,4,1,2,4,1,4,2,3,4,4,2,3,2,3,3,3,1,1,4,1,2,3,3,4,3,2,3,4,0,1,0,2,1,1,5,3,1,6,7,0,0,0,1,0,1,0,1,1,1,0,1,0,1,0,1,1,1,0,1,1,24,26,29,5,18,12,8,16,2,5,5,c,4,1,1,4
3,1,1,1,6,8,6,,1,3,2,1,1,1,,female,19,2,1,4,4,2,3,4,3,4,2,4,3,2,1,2,1,2,2,0,0,0,2,2,2,2,2,3,2,3,2,2,1,1,1,0,1,1,5,5,4,3,6,0,0,1,1,1,1,0,1,1,0,0,0,0,0,1,0,1,1,1,1,1,31,13,22,5,17,12,12,19,4,2,6,c,1,1,1,7
3,1,2,2,6,3,6,,1,2,3,1,2,3,4,male,20,2,1,1,3,1,1,3,0,1,0,2,3,4,2,3,3,3,3,2,2,2,3,2,4,3,3,4,4,3,3,3,3,3,3,2,2,3,2,3,1,2,1,0,0,0,1,0,0,0,0,1,1,0,1,1,1,0,0,1,1,0,1,0,13,27,32,16,31,9,3,10,1,5,3,c,4,1,1,8
3,1,2,2,6,3,1,,1,3,3,1,1,1,4,female,19,2,2,2,3,2,2,2,2,1,1,1,3,3,2,3,1,3,3,0,1,1,3,2,2,3,2,3,3,3,3,3,3,1,3,1,3,3,5,3,3,5,5,0,0,0,0,0,0,0,0,1,1,0,1,0,1,0,0,1,1,0,1,1,18,20,27,14,19,8,7,11,0,4,4,c,4,1,1,6
3,1,2,1,6,12,6,,2,3,3,2,1,2,,female,18,2,1,2,4,3,1,3,1,2,1,3,3,3,1,2,1,1,2,0,1,1,3,3,3,3,3,3,2,3,3,3,3,1,3,2,1,2,2,3,4,3,4,0,1,0,1,0,0,0,1,1,1,0,0,0,0,1,0,1,1,0,0,0,21,15,29,12,24,8,7,14,2,3,3,c,1,1,1,6
3,1,2,2,7,3,5,,1,3,2,2,1,1,3,female,19,3,2,2,4,4,3,4,3,3,3,3,2,2,1,2,1,1,1,2,1,1,2,3,2,2,2,3,1,2,2,2,0,3,0,1,1,1,6,3,4,4,6,0,1,1,1,1,1,1,1,0,0,0,0,0,0,1,0,1,1,1,0,1,31,14,21,6,17,12,13,18,6,1,5,c,4,1,1,6
3,1,2,2,5,8,6,,2,2,2,2,1,1,2,female,unknown,3,4,4,4,2,3,4,2,3,3,4,3,3,1,3,1,3,3,2,1,1,3,3,3,3,4,3,4,3,3,3,1,4,3,4,4,4,7,7,6,7,5,0,0,1,1,0,1,1,1,1,1,0,1,0,1,0,0,1,1,0,0,0,33,21,32,20,8,11,10,23,4,5,2,c,4,1,1,5
3,1,1,3,5,4,6,,1,2,2,2,1,4,2,male,unknown,2,2,2,3,2,2,3,2,2,1,2,3,3,2,3,1,2,2,2,0,1,2,2,2,2,2,3,2,2,2,3,1,3,3,2,0,1,4,5,6,4,5,0,0,0,1,0,0,0,0,1,1,0,1,0,0,1,0,1,1,1,1,1,21,19,22,10,16,10,8,13,1,3,6,c,2,1,1,6
3,1,2,1,8,3,6,,1,3,3,2,1,3,,female,18,2,3,2,4,1,2,1,1,1,1,0,1,1,1,1,0,1,1,1,1,1,4,3,4,4,4,4,4,4,4,4,2,3,3,3,3,3,2,2,2,2,2,0,0,0,0,0,0,0,0,0,0,0,0,0,0,1,0,1,1,0,0,0,16,9,39,17,30,3,5,11,0,0,3,c,1,1,1,7
3,1,1,1,7,3,5,,1,2,2,2,1,2,,male,18,2,2,3,3,2,2,3,2,3,2,2,3,3,2,3,1,2,3,1,1,1,3,3,3,3,2,4,3,4,4,3,3,1,2,3,1,2,6,6,5,7,7,0,0,0,1,0,1,0,0,1,1,0,1,0,0,0,0,1,1,0,0,0,24,20,32,12,9,7,9,15,2,3,2,c,4,1,1,2
3,1,2,1,6,8,6,,1,4,3,2,1,2,,female,18,2,2,1,3,2,1,1,3,2,1,0,2,2,1,2,0,3,3,1,1,1,2,3,1,2,1,2,3,2,3,3,1,1,1,2,1,1,2,3,5,3,2,0,0,0,0,1,0,0,0,0,0,0,0,0,1,0,0,1,1,1,0,1,16,16,22,7,25,6,8,8,1,1,4,c,1,1,8,1
3,1,2,2,6,3,6,,1,4,4,1,1,4,2,female,19,2,0,0,3,0,1,0,0,4,0,0,4,4,3,3,3,4,4,3,3,3,4,3,3,4,2,3,4,4,3,4,2,-1,0,2,2,2,1,1,1,1,1,0,0,0,0,0,1,0,0,1,1,1,1,1,1,0,1,0,0,0,0,0,8,34,34,7,35,8,5,3,1,6,1,c,2,3,4,8
3,1,1,4,4,2,1,,1,3,3,1,1,1,3,male,22,1,1,0,2,1,2,0,1,3,1,0,2,1,1,2,2,2,2,2,2,2,3,3,3,3,3,3,3,3,3,3,0,0,0,0,0,0,4,4,4,4,4,1,0,0,0,0,1,0,0,0,0,0,0,0,0,1,0,1,1,0,0,0,11,18,30,0,20,5,7,4,2,0,3,c,4,1,1,4
3,2,1,3,3,7,1,,1,3,2,1,2,3,4,female,36,2,2,4,2,3,2,2,2,2,4,1,2,4,1,2,1,3,2,1,2,0,3,3,2,4,2,3,3,3,3,4,1,4,2,2,3,0,5,5,4,4,4,1,1,0,0,0,0,1,0,0,1,0,0,0,1,1,0,1,1,0,0,1,24,18,30,12,18,9,9,15,3,2,4,c,4,1,8,8
3,1,2,3,6,4,8,english,1,3,3,1,2,2,4,male,20,2,2,2,2,2,2,3,2,1,3,3,2,3,2,3,2,3,2,1,2,1,3,2,3,2,3,2,3,2,3,2,2,2,2,2,2,2,4,4,4,4,4,1,0,0,1,0,0,1,1,0,1,0,1,0,1,1,0,1,1,0,1,0,22,21,25,12,20,11,7,15,3,4,4,c,4,1,1,1
3,1,2,1,7,3,5,,1,4,3,2,1,3,,female,18,2,3,2,3,1,1,3,1,2,3,3,3,4,2,3,1,3,3,0,1,0,3,3,4,3,3,3,4,4,3,3,3,1,4,1,1,3,2,2,3,2,2,0,0,0,1,0,0,1,1,1,1,0,1,0,1,0,0,1,1,0,0,0,22,20,33,13,29,9,5,17,2,5,2,c,4,1,1,8
3,1,1,3,4,3,5,,1,3,3,2,1,2,3,female,20,2,4,4,3,2,3,4,3,3,4,2,4,4,2,3,2,3,3,1,0,0,3,2,2,3,3,3,3,4,4,3,1,2,2,3,2,2,4,5,5,4,4,0,0,1,1,1,1,1,0,1,1,0,1,0,1,0,0,1,1,0,1,1,32,22,30,12,18,13,11,21,5,4,4,c,4,1,1,7
3,3,2,6,3,8,6,,2,3,3,2,2,3,3,female,25,2,1,1,2,1,1,1,1,1,1,1,4,4,3,3,3,3,3,2,3,2,3,3,3,3,3,3,3,3,3,3,2,4,3,3,3,3,3,2,2,2,2,1,0,0,0,0,0,0,0,1,1,1,1,1,1,0,0,0,1,0,0,0,11,30,30,18,29,8,4,7,1,6,1,c,4,1,1,5
3,1,2,1,6,3,6,,1,3,3,2,1,2,,female,18,2,1,2,1,1,1,2,2,2,0,1,4,4,2,4,3,3,3,2,1,1,3,4,4,4,4,4,4,4,3,4,3,3,4,3,3,4,2,2,2,2,2,1,0,0,0,0,0,0,0,1,1,0,1,1,1,0,0,1,1,0,0,0,13,27,38,20,30,8,6,7,1,5,2,c,4,1,1,6
3,1,2,1,6,3,4,,1,2,3,1,1,1,,female,17,2,4,4,4,4,3,4,4,4,3,3,2,2,0,2,1,2,2,1,1,1,1,2,2,2,1,2,1,2,2,1,1,0,1,0,1,1,2,2,6,4,6,0,1,1,1,1,1,1,1,0,0,0,0,0,0,1,0,1,1,1,1,1,37,14,16,4,20,13,15,22,6,1,6,c,4,1,1,8
3,1,2,3,5,1,1,,2,4,3,1,1,3,4,female,21,2,3,2,3,2,2,2,3,2,3,3,4,3,3,3,3,4,3,1,3,3,3,2,3,3,2,3,3,3,3,3,1,3,3,3,1,2,5,2,3,5,5,0,0,0,0,1,0,1,1,1,1,1,1,1,1,0,0,0,0,0,1,0,25,30,28,13,20,10,9,16,2,7,1,c,4,1,7,5
3,1,2,4,6,3,6,,2,3,3,2,2,3,3,male,21,1,3,3,3,1,2,3,2,1,2,2,4,4,2,3,1,3,3,2,2,2,3,3,3,3,4,4,3,3,3,3,2,2,3,2,2,2,5,3,3,6,5,0,0,0,1,0,0,0,0,1,1,0,1,0,1,0,0,1,1,0,0,0,22,26,32,13,18,7,6,16,1,4,2,c,4,1,1,5
3,1,1,3,6,2,6,,2,2,3,1,1,1,2,female,20,2,3,3,4,1,2,3,2,3,2,4,2,2,0,2,0,2,2,1,0,1,2,2,2,2,2,3,2,2,3,3,1,0,1,0,1,2,6,6,5,5,5,0,0,0,1,0,1,0,1,0,0,0,0,0,0,1,0,1,1,1,1,1,27,12,23,5,13,9,8,19,2,1,6,c,2,1,1,8
3,1,2,3,5,2,6,,2,3,3,1,1,1,3,male,20,2,3,4,4,0,1,2,1,2,3,3,2,3,0,3,1,3,4,0,1,1,3,2,3,3,3,4,2,3,4,3,2,3,1,2,4,1,6,7,5,7,6,0,0,0,0,0,0,1,1,0,1,0,1,0,1,0,0,1,1,0,1,0,23,18,30,13,9,8,4,19,1,4,3,c,4,3,8,4
3,1,2,1,6,9,6,,1,4,3,2,1,2,,female,18,2,2,1,3,1,1,2,2,1,3,2,3,4,3,4,3,3,3,2,1,1,3,4,4,4,4,4,3,4,4,3,1,0,3,1,2,3,3,2,2,1,3,0,0,0,0,0,0,1,0,1,1,1,1,1,1,0,0,1,1,0,0,0,18,27,37,10,29,9,5,13,1,6,2,c,4,3,1,4
3,1,2,2,6,12,5,,1,1,3,1,1,2,4,male,20,2,2,2,1,2,2,2,1,2,1,2,2,3,1,3,1,2,2,1,1,1,2,3,3,2,3,2,3,2,3,2,2,2,2,2,2,1,4,4,3,4,4,1,0,0,0,0,0,0,0,0,1,0,1,0,0,1,0,1,1,1,0,0,17,17,25,11,21,7,7,10,1,2,4,c,4,1,1,8
3,1,3,1,6,2,1,,1,2,4,1,1,3,,female,18,2,3,2,3,1,2,2,3,1,2,1,3,3,2,3,2,3,3,1,2,3,3,2,2,3,3,3,2,2,3,3,1,3,4,2,2,2,5,6,3,5,7,0,0,0,0,1,0,0,0,1,1,0,1,0,1,0,0,1,0,0,1,1,20,25,26,14,14,8,7,13,1,4,3,c,4,1,1,8
3,1,2,2,6,14,7,,1,4,2,2,1,2,4,male,19,2,2,2,2,0,2,1,2,2,1,1,4,3,3,3,2,3,3,2,2,2,4,3,3,3,3,3,3,3,3,3,2,2,3,2,2,2,4,3,2,2,2,1,0,0,0,0,0,0,0,1,1,1,1,0,1,0,0,1,1,0,0,0,15,27,31,13,27,8,6,9,1,5,2,c,2,3,1,6
3,1,2,1,6,14,1,,1,1,3,2,1,2,,female,18,2,4,3,4,3,2,2,3,3,2,3,2,2,1,2,1,2,2,2,1,1,3,2,2,2,2,3,2,2,2,3,0,1,0,0,0,1,6,5,6,5,7,0,1,0,0,1,1,0,1,0,0,0,0,0,0,1,0,1,1,0,1,1,29,16,23,2,11,9,11,18,3,1,5,c,4,1,1,6
3,1,1,2,8,3,2,,1,3,3,1,1,1,3,male,19,2,1,1,1,0,1,1,1,1,0,4,4,4,3,3,3,4,3,3,3,3,3,3,3,3,3,3,3,3,3,3,2,1,4,1,3,3,5,2,2,3,3,1,0,0,0,0,0,0,1,1,1,1,1,1,1,0,1,0,0,0,0,0,11,33,30,14,25,9,3,8,1,7,1,c,4,1,4,8
3,1,2,3,6,4,9,,6,1,5,1,3,3,4,female,23,3,-1,-1,2,1,1,3,1,2,2,2,2,2,2,2,2,2,2,2,2,2,2,2,2,2,2,2,2,2,2,2,2,2,2,2,2,2,4,4,4,4,4,1,0,0,1,0,0,0,0,0,0,0,0,0,0,1,0,1,1,1,1,1,12,20,20,12,20,8,5,7,2,0,6,c,2,1,8,5
3,1,1,1,4,8,9,,1,3,2,2,1,2,,male,18,3,0,0,0,4,3,0,4,4,0,-1,1,2,3,2,3,1,2,3,4,4,1,1,2,2,1,1,2,1,2,2,2,1,2,1,2,3,2,2,2,3,2,1,1,1,0,1,1,0,0,0,0,1,0,1,0,1,1,0,0,1,1,1,14,25,15,11,29,12,15,-1,5,2,5,c,2,1,8,3
3,1,2,1,8,3,6,,1,3,2,2,1,3,,female,17,2,2,2,4,2,1,3,2,2,2,3,4,4,3,3,2,3,3,1,1,2,3,2,3,3,3,3,2,2,3,2,1,3,1,2,3,3,3,2,3,3,6,0,0,0,1,0,0,0,1,1,1,1,1,0,1,0,0,1,1,0,1,0,23,26,26,13,23,10,7,16,1,6,3,c,4,1,1,8
3,1,1,2,6,3,5,,1,3,2,2,1,1,3,female,19,2,2,3,3,1,3,1,2,2,1,1,3,3,1,2,1,2,3,0,0,0,4,3,3,3,3,3,4,3,3,4,2,1,2,1,1,2,5,2,2,2,6,0,0,1,0,0,0,0,0,1,1,0,0,0,0,0,0,1,1,0,0,0,19,15,33,9,23,5,8,11,1,2,2,c,4,1,1,4
3,1,2,3,6,12,6,,1,3,3,1,1,3,4,female,21,2,2,1,2,1,1,2,1,3,1,2,4,4,3,4,3,4,4,1,2,2,4,3,3,4,3,4,3,3,4,4,1,4,4,4,4,4,2,2,2,3,2,1,0,0,0,0,1,0,0,1,1,1,1,1,1,0,0,1,1,0,0,0,16,31,35,21,29,10,6,10,2,6,2,c,4,1,1,8
3,1,2,1,5,8,2,,1,2,3,1,2,3,,female,17,2,2,2,4,2,2,2,2,4,3,1,3,2,4,3,2,3,2,1,2,1,2,3,2,3,,2,3,2,3,2,2,2,2,3,1,2,5,5,4,3,4,0,0,0,0,0,1,1,0,1,0,1,1,0,1,1,0,1,1,1,0,1,24,23,22,12,19,11,10,14,2,4,5,c,2,1,8,6
3,1,2,1,6,8,4,,1,3,3,1,2,3,,male,21,2,1,0,1,1,1,1,1,1,1,1,3,4,3,4,2,3,3,2,2,3,4,3,3,4,4,4,4,3,3,3,2,3,3,3,2,3,3,2,2,3,1,1,0,0,0,0,0,0,0,1,1,1,1,0,1,0,0,1,0,0,0,0,9,29,35,16,29,7,4,5,1,5,1,c,2,1,1,8
3,1,2,2,8,3,6,,2,4,3,2,2,3,3,male,19,2,2,2,2,1,1,2,1,2,1,1,4,4,2,3,3,3,3,1,1,3,3,3,3,2,3,4,3,2,3,3,3,2,4,3,4,3,2,1,2,1,2,1,0,0,0,0,0,0,0,1,1,0,1,1,1,0,0,1,0,0,0,0,15,27,29,19,32,7,5,10,1,5,1,c,2,3,4,1
3,1,1,1,6,4,5,,1,3,3,1,1,2,,female,17,2,2,2,3,2,3,2,0,1,3,3,3,3,2,3,2,3,2,1,2,2,4,2,3,3,3,3,2,3,3,2,3,1,3,2,2,2,4,2,3,3,4,0,0,1,0,0,0,1,1,1,1,0,1,0,1,1,0,1,1,0,1,0,21,23,28,13,24,11,6,15,2,5,4,c,4,1,1,2
3,"1,2,7",2,3,4,7,"3,6",,1,2,3,2,1,1,3,female,33,2,3,3,4,2,2,3,3,2,2,2,3,3,1,3,1,1,2,0,1,1,3,3,2,3,4,3,2,4,3,2,0,2,2,1,1,1,6,6,4,4,1,0,0,0,1,1,0,0,0,1,1,0,1,0,0,1,0,1,1,0,0,1,26,16,29,7,19,9,9,17,2,3,4,c,4,3,1,8
3,1,2,4,7,3,1,,1,3,3,2,1,1,3,female,21,2,4,4,4,2,3,3,3,3,4,4,1,2,0,2,0,2,1,0,0,0,3,3,2,2,3,3,2,4,3,2,0,0,0,0,0,0,6,7,7,3,6,0,0,1,1,1,1,1,1,0,0,0,0,0,0,1,0,1,1,0,0,1,34,8,27,0,11,10,11,23,5,1,4,c,4,1,1,2
3,1,2,2,6,3,6,,1,2,3,1,1,2,4,female,19,2,2,1,2,1,2,3,1,2,1,2,3,3,2,3,2,3,3,1,1,1,4,3,3,2,3,3,3,2,3,3,3,3,3,3,2,2,3,4,3,3,6,1,0,0,1,0,0,0,0,1,1,0,1,0,1,0,0,1,1,0,0,0,17,22,29,16,21,8,6,11,2,4,2,c,4,1,1,8
3,1,2,1,6,13,5,,1,3,2,2,1,2,,female,18,2,3,3,4,2,2,3,2,2,3,4,3,3,2,3,1,2,2,1,1,1,3,3,2,2,3,3,2,2,3,2,2,2,3,1,3,3,6,5,6,5,7,0,0,0,1,0,0,1,1,1,1,0,1,0,0,1,0,1,1,0,0,1,28,19,25,14,11,10,8,20,2,4,4,c,4,1,1,7
3,1,1,4,5,12,1,,1,3,2,1,2,3,4,female,22,2,2,1,2,1,1,2,2,1,1,1,3,3,2,3,3,3,3,2,3,2,3,2,4,3,3,4,3,3,3,3,1,4,3,3,3,3,2,2,2,2,3,1,0,0,0,0,0,0,0,1,1,0,1,1,1,0,0,0,1,0,1,0,14,27,31,17,29,8,5,9,1,5,2,c,4,1,,7
3,1,2,5,5,12,6,,1,2,3,2,2,3,4,female,22,2,2,2,4,1,2,2,1,2,3,3,3,3,2,3,2,3,3,0,3,3,3,2,3,3,3,4,3,2,3,3,1,3,3,3,2,3,3,4,4,3,6,0,0,0,0,0,0,1,1,1,1,0,1,0,1,0,0,0,0,0,1,0,22,25,29,15,20,7,6,16,1,5,1,c,4,3,1,4
3,"1,5",2,1,7,14,1,,1,3,2,1,1,1,,male,19,2,1,1,2,1,1,2,0,3,0,1,3,3,2,3,1,3,4,2,1,1,2,2,3,3,3,4,3,3,3,3,0,2,2,1,3,2,6,3,7,7,3,1,0,0,0,0,1,0,0,1,1,0,1,0,1,0,0,1,1,1,1,0,12,23,29,10,14,10,5,7,2,4,4,c,4,1,1,1
3,1,2,1,7,3,1,,1,3,2,1,1,2,,male,18,2,2,2,3,2,2,3,2,3,3,3,3,2,1,3,1,2,3,2,1,1,2,2,2,2,2,3,2,2,3,3,1,1,2,2,1,1,5,5,2,6,5,0,0,0,1,0,1,1,1,1,0,0,1,0,0,0,0,1,1,1,1,1,25,19,23,8,17,11,9,16,3,3,5,c,4,1,1,6
3,1,2,2,6,8,1,,1,3,4,1,1,3,3,female,20,2,2,2,3,1,2,1,2,3,1,2,4,4,3,3,3,4,3,0,1,1,3,3,3,3,3,3,3,3,3,3,3,4,3,4,3,2,3,3,2,1,3,0,0,0,0,0,1,0,0,1,1,1,1,1,1,0,0,1,1,0,0,0,19,26,30,19,28,9,8,11,1,6,2,c,2,3,1,4
3,"1,5",2,1,6,14,1,,1,2,2,2,1,3,,female,18,2,2,2,2,2,2,3,2,3,1,2,3,3,2,3,1,2,2,1,2,1,3,2,3,2,2,3,3,3,3,2,4,1,2,2,3,3,3,2,2,3,5,1,0,0,1,0,1,0,0,1,1,0,1,0,0,1,0,1,1,0,1,0,21,20,26,15,25,10,9,12,3,3,4,c,4,3,8,8
3,1,1,3,6,9,5,,2,2,2,2,1,2,3,female,20,2,4,4,4,3,3,3,3,1,4,4,2,1,1,3,2,1,1,0,2,2,1,1,4,3,2,2,3,3,3,3,2,0,4,2,0,2,6,2,6,2,7,0,1,1,1,1,0,1,1,0,0,0,1,0,0,1,0,1,1,1,1,0,33,15,25,10,17,12,10,23,5,2,5,c,2,1,1,6
3,"1,3,5",2,3,6,8,"1,5,7",,1,1,2,2,1,1,3,female,20,2,3,2,4,1,3,2,2,1,4,4,2,3,0,3,1,1,1,0,0,0,3,3,3,4,4,3,4,4,4,4,2,1,3,0,0,3,6,4,3,2,2,0,0,1,0,0,0,1,1,0,1,0,1,0,0,1,0,1,1,0,0,0,26,11,36,9,23,8,7,19,2,3,3,c,2,1,1,8
3,1,1,1,6,9,5,,1,3,3,2,1,2,,female,17,2,4,1,0,2,2,1,1,4,0,0,1,1,2,1,2,1,1,2,2,2,4,3,4,4,4,3,3,4,4,4,4,2,4,1,0,4,2,1,1,1,1,1,0,0,0,0,1,0,0,0,0,0,0,0,0,1,0,1,1,0,0,0,15,15,37,15,34,5,9,6,2,0,3,c,4,1,1,8
3,1,1,1,6,3,4,,1,3,3,2,1,2,,female,18,2,3,2,4,1,2,2,2,1,2,1,3,3,2,3,2,3,3,1,1,2,4,3,4,3,3,4,3,3,3,3,3,2,3,2,3,2,3,3,2,2,3,0,0,0,0,0,0,0,0,1,1,0,1,0,1,0,0,1,1,0,0,0,20,23,33,15,27,6,6,14,0,4,2,c,4,3,1,7
3,1,2,2,6,14,5,,2,2,2,2,1,3,3,female,18,3,2,2,3,2,2,2,2,2,3,2,3,3,1,2,2,2,2,0,2,3,3,2,3,4,4,3,3,3,3,3,2,1,2,1,1,2,5,5,5,5,3,0,0,0,0,0,0,1,0,1,1,0,0,0,0,1,0,1,0,0,1,0,22,20,31,9,17,6,8,14,1,2,3,c,2,1,8,8
3,1,2,1,6,3,1,,1,3,3,1,1,3,,female,18,2,2,1,3,1,1,2,1,2,1,0,3,3,2,3,2,3,3,1,2,2,3,3,3,3,3,3,3,3,3,3,3,3,2,3,3,3,3,3,3,3,4,0,0,0,0,0,0,0,0,1,1,0,1,0,1,0,0,1,1,0,0,0,14,24,30,17,24,6,5,9,0,4,2,c,4,1,1,8
3,1,2,1,6,2,6,,1,3,3,2,1,3,,female,18,2,2,3,4,2,1,3,1,3,2,3,3,3,2,3,3,3,3,1,1,3,3,3,4,2,3,3,3,3,3,4,3,2,3,3,3,3,2,2,2,1,3,0,0,0,1,0,1,0,1,1,1,0,1,1,1,0,0,1,0,0,0,0,24,25,31,17,30,9,7,17,2,6,1,c,2,1,1,4
3,1,2,2,7,2,5,,1,1,3,1,1,2,3,female,19,2,2,1,3,2,2,2,3,2,1,2,3,3,2,3,2,3,3,2,2,2,3,2,3,3,2,2,3,2,3,3,2,1,3,1,3,3,3,3,2,3,3,0,0,0,0,1,0,0,0,1,1,0,1,0,1,0,0,1,1,0,1,0,20,25,26,13,26,8,9,11,1,4,3,c,4,1,1,1
3,1,3,4,6,3,5,,1,3,3,1,1,2,3,male,22,2,0,0,2,0,2,0,0,1,0,1,3,3,3,3,2,3,3,2,3,3,3,2,3,4,3,4,4,3,3,3,4,2,3,1,2,2,4,4,5,2,5,1,0,0,0,0,0,0,0,1,1,1,1,0,1,0,0,0,0,0,1,0,6,28,32,14,20,7,3,3,1,5,1,c,2,3,1,8
3,1,2,4,5,8,2,,1,2,3,2,1,1,3,female,20,2,2,4,4,3,2,3,4,2,3,2,4,4,2,3,2,3,2,1,1,1,2,3,1,3,3,4,4,3,3,2,2,3,1,4,3,1,7,5,5,5,3,0,1,0,1,1,0,1,0,1,1,0,1,0,1,1,0,1,1,1,0,1,29,23,28,14,15,13,11,18,4,4,5,c,4,1,1,5
3,1,2,3,6,8,6,,2,2,3,1,1,3,3,female,19,2,2,3,4,2,1,2,2,2,3,3,3,3,2,3,3,3,3,1,1,1,3,3,2,2,3,4,2,3,3,3,2,1,1,3,3,1,3,1,2,3,3,0,0,0,0,0,0,1,1,1,1,0,1,1,1,0,0,1,1,0,0,1,24,23,28,11,28,10,7,17,1,6,3,c,4,1,1,8
3,1,2,2,6,8,6,,1,3,4,2,2,2,3,female,19,2,2,2,2,2,3,3,3,2,1,2,3,3,2,3,2,3,3,1,1,1,3,2,1,2,2,3,2,3,3,2,2,2,2,2,2,3,6,3,6,5,4,1,0,1,1,1,0,0,0,1,1,0,1,0,1,0,0,1,1,0,1,1,22,22,23,13,16,12,10,12,4,4,4,c,4,3,1,7
3,1,1,5,5,3,6,,2,4,3,1,2,4,3,female,22,2,3,3,3,1,2,2,1,2,2,2,4,4,3,4,3,4,4,3,3,3,3,3,3,3,3,3,4,3,4,4,2,3,3,3,4,3,3,1,2,1,2,0,0,0,0,0,0,0,0,1,1,1,1,1,1,0,1,0,0,0,0,0,21,35,33,18,31,7,6,15,0,6,1,c,4,1,1,6
3,1,2,1,6,2,1,,1,3,3,1,1,2,,female,18,2,3,3,3,3,3,3,2,2,2,2,2,2,1,3,1,2,2,1,1,1,3,2,2,2,2,3,3,2,3,3,1,3,2,3,2,2,5,3,5,5,6,0,1,1,1,0,0,0,0,0,0,0,1,0,0,1,0,1,1,0,1,1,26,16,25,13,16,9,10,16,3,1,5,c,4,1,1,1
3,1,1,3,5,8,1,,1,3,2,2,2,3,3,female,22,2,2,2,3,3,2,2,2,2,2,3,2,3,1,3,1,2,2,1,1,1,3,2,2,2,2,3,2,2,3,2,3,1,3,2,2,3,3,3,4,4,5,0,1,0,0,0,0,0,1,0,1,0,1,0,0,1,0,1,1,0,1,1,23,17,23,14,21,9,9,14,1,3,5,c,4,2,1,8
3,1,1,1,6,8,1,,1,3,3,1,1,2,,female,18,2,3,3,4,1,2,3,2,2,2,3,3,3,2,3,1,2,2,1,1,1,3,2,3,3,3,3,3,3,3,3,2,3,2,3,3,3,4,3,3,4,5,0,0,0,1,0,0,0,1,1,1,0,1,0,0,1,0,1,1,0,1,0,25,19,29,16,21,9,7,18,1,4,4,c,4,1,1,7
3,1,2,2,5,8,"2,6",,1,3,3,2,2,1,3,female,19,2,1,0,2,2,2,1,3,0,1,1,4,4,3,4,3,4,4,3,2,3,3,3,3,2,2,4,2,2,3,3,1,1,2,1,3,1,3,2,2,2,2,1,0,0,0,1,0,0,0,1,1,1,1,1,1,0,1,1,0,0,0,0,13,34,27,9,29,10,7,6,2,6,2,c,4,1,1,3
3,1,2,5,6,3,6,,2,4,3,1,1,3,2,female,28,2,1,3,2,1,2,1,1,2,1,1,3,3,2,3,2,3,3,2,1,2,3,2,3,3,3,3,3,3,3,3,3,3,3,2,2,2,3,3,3,3,5,1,0,0,0,0,0,0,0,1,1,0,1,0,1,0,0,1,1,0,1,0,15,24,29,15,23,8,6,9,1,4,3,c,4,1,1,8
3,1,2,3,6,3,1,,1,3,4,1,1,3,3,male,20,2,3,4,3,2,3,3,2,2,4,2,3,3,2,3,1,2,2,0,1,2,3,2,3,3,3,4,2,3,3,3,3,2,2,1,3,3,6,6,7,5,5,0,0,1,1,0,0,1,0,1,1,0,1,0,0,1,0,1,1,0,1,0,28,19,29,14,11,10,9,19,3,3,4,c,4,1,1,6
3,1,2,1,5,2,1,,1,4,3,2,1,3,,female,18,2,1,2,4,1,2,4,1,3,0,3,4,4,2,3,3,3,3,0,2,3,3,2,3,3,4,4,3,3,4,3,4,0,4,3,0,4,3,2,2,2,5,0,0,0,1,0,1,0,1,1,1,0,1,1,1,0,0,1,0,0,1,0,21,27,32,15,26,10,7,14,2,6,2,c,4,1,1,4
3,1,2,2,6,8,6,,2,4,3,2,1,3,4,female,19,2,1,1,3,1,1,1,1,1,1,2,4,4,3,3,3,3,3,0,3,3,3,3,4,4,3,3,4,3,4,4,2,3,3,3,3,3,2,1,2,2,2,0,0,0,0,0,0,0,0,1,1,1,1,1,1,0,0,0,0,0,0,0,13,29,35,17,31,6,4,9,0,6,0,c,4,1,1,3
3,1,2,2,6,3,6,,1,2,3,2,1,2,3,female,18,2,3,3,2,2,3,2,2,3,0,1,2,3,2,2,1,3,3,1,2,3,2,3,2,1,1,3,2,3,3,3,1,3,4,3,3,3,3,1,1,2,1,1,0,1,0,0,1,0,0,0,1,0,0,0,1,0,0,1,0,1,0,1,21,22,23,17,32,8,10,11,3,2,3,c,4,1,1,1
3,1,2,1,6,14,5,,1,3,4,1,1,1,,male,17,2,2,2,1,0,3,2,2,1,3,1,3,2,2,2,1,2,2,2,2,2,3,3,4,3,3,4,3,2,3,4,0,0,4,0,0,0,5,1,7,7,5,1,0,1,0,0,0,1,0,1,0,0,0,0,0,1,0,1,1,0,0,0,17,20,32,4,15,7,6,11,3,1,3,c,4,1,1,8
3,2,1,4,3,8,6,,1,1,3,2,2,2,3,female,25,1,2,1,4,4,2,2,2,2,3,3,2,2,1,2,1,2,2,0,1,1,2,3,2,1,1,1,1,1,1,1,1,0,0,1,2,1,6,7,3,2,7,0,1,0,0,0,0,1,1,0,0,0,0,0,0,1,0,1,1,1,0,1,25,14,14,5,15,8,10,15,2,1,5,c,2,1,1,4
3,1,3,1,6,2,6,,1,3,5,1,1,2,,female,18,3,3,4,4,3,2,3,3,2,2,2,1,2,1,1,0,2,2,0,0,0,3,1,1,3,2,3,1,3,3,3,2,0,2,0,0,1,4,3,4,6,7,0,1,0,1,1,0,0,0,0,0,0,0,0,0,1,0,1,1,0,1,1,28,9,23,5,16,8,10,18,3,0,5,c,1,1,1,6
3,1,2,2,7,5,6,,1,3,3,1,1,3,4,female,19,2,2,1,2,0,2,1,2,2,2,1,3,3,2,3,2,3,3,1,2,2,3,3,3,3,3,3,2,2,3,3,1,3,1,3,3,2,2,3,3,3,5,1,0,0,0,0,0,0,0,1,1,0,1,0,1,0,0,1,1,0,0,0,15,24,28,13,24,7,6,9,1,4,2,c,4,1,1,8
3,1,2,2,7,3,5,,1,3,2,1,1,2,3,female,19,2,4,3,4,2,4,3,2,4,3,4,3,2,2,2,2,3,3,2,0,1,3,3,4,3,3,4,1,3,3,1,0,1,2,0,4,0,5,7,2,7,7,0,0,1,1,0,1,1,1,1,0,0,0,0,1,0,0,1,1,0,0,0,33,20,28,7,12,9,12,21,4,3,2,c,4,1,2,8
3,1,2,5,5,12,6,,2,3,3,1,1,4,4,female,22,2,2,0,2,2,1,1,1,1,2,2,4,4,3,3,3,4,4,3,3,3,4,3,3,2,2,4,2,3,3,3,2,2,2,1,3,4,2,1,1,2,1,1,0,0,0,0,0,0,0,1,1,1,1,1,1,0,1,0,0,0,0,0,14,34,29,14,33,8,5,9,1,6,1,c,4,1,1,5
3,1,3,2,4,7,5,,1,1,3,1,1,1,2,female,19,1,4,4,3,2,2,1,3,2,2,2,3,3,1,3,1,4,4,1,1,2,2,2,3,3,3,2,3,3,2,3,2,2,1,2,1,3,5,5,4,3,2,0,0,0,0,1,0,0,0,1,1,0,1,0,1,0,0,1,1,1,1,0,25,23,26,11,21,9,9,16,1,4,4,c,1,1,1,6
3,1,2,1,6,12,4,,1,4,3,1,2,3,,female,18,2,1,1,2,1,1,1,1,1,1,1,3,3,2,3,2,3,3,2,2,2,3,3,3,4,3,4,3,3,3,4,3,2,3,3,3,3,2,1,2,2,2,1,0,0,0,0,0,0,0,1,1,0,1,0,1,0,0,1,1,0,0,0,11,25,33,17,31,7,4,7,1,4,2,c,4,1,3,2
3,1,2,2,5,14,5,,2,4,2,2,2,2,3,female,19,2,3,3,3,2,3,3,1,2,3,3,3,3,3,3,3,3,3,3,3,2,3,3,3,3,3,4,3,3,3,3,1,2,1,2,3,3,3,3,3,3,5,0,0,1,1,0,0,1,1,1,1,1,1,1,1,0,1,0,1,0,0,0,26,29,31,12,23,12,8,18,3,7,2,c,2,3,1,8
3,1,2,3,7,3,5,,1,4,2,2,1,1,3,female,21,2,2,1,3,3,1,1,1,1,3,2,2,2,1,3,2,2,3,1,2,2,3,3,3,2,2,2,3,2,3,3,1,1,2,1,3,2,3,3,2,2,4,0,1,0,0,0,0,1,0,0,0,0,1,0,0,0,0,1,1,0,0,0,18,20,26,10,26,5,6,12,2,1,2,c,4,1,1,8
3,1,2,2,6,8,5,,1,2,3,2,1,1,4,female,19,2,3,2,4,4,4,0,3,1,3,3,3,3,2,3,2,1,1,0,0,0,3,3,3,1,2,3,1,3,1,3,2,2,0,2,1,1,6,7,7,1,7,0,1,1,0,1,0,1,1,1,1,0,1,0,0,1,0,1,1,0,0,0,27,15,23,8,12,11,12,15,4,4,3,c,4,1,1,7
3,1,1,2,6,3,6,,1,1,3,1,3,3,3,female,19,2,4,4,4,1,3,2,1,3,4,3,1,1,0,1,0,1,1,3,0,0,4,4,3,3,3,4,4,3,3,4,3,3,4,3,4,4,1,1,1,1,1,0,0,1,0,0,1,1,1,0,0,0,0,0,0,1,1,1,1,0,0,0,29,8,35,21,35,8,8,21,3,1,4,c,4,1,1,6
3,1,1,1,6,3,1,,1,3,2,2,1,1,,female,18,2,2,2,4,3,2,4,2,4,2,4,3,3,0,3,1,2,3,1,0,0,3,2,2,2,1,1,1,1,2,2,1,0,3,0,0,1,3,2,2,2,5,0,1,0,1,0,1,0,1,1,1,0,1,0,0,0,0,1,1,0,1,1,29,16,17,5,26,11,11,18,3,4,4,c,4,1,1,5
3,1,3,4,6,8,5,,1,3,2,2,1,1,3,female,21,2,2,1,3,2,2,3,2,2,3,2,3,2,0,3,1,4,4,1,2,2,3,2,4,3,3,4,3,3,4,3,2,3,2,2,1,1,3,5,4,4,5,0,0,0,1,0,0,1,0,1,0,0,1,0,1,0,0,1,1,0,1,0,22,22,32,11,19,8,8,14,2,3,3,c,2,1,1,6
3,1,1,6,6,8,1,,1,2,3,1,1,2,1,male,23,3,2,3,3,1,2,2,2,2,2,1,2,3,2,3,1,2,2,1,1,1,3,2,3,2,2,3,2,2,3,3,0,2,2,1,2,1,6,2,6,6,7,0,0,0,0,0,0,0,0,0,1,0,1,0,0,1,0,1,1,0,1,0,20,18,25,8,13,6,7,13,0,2,4,c,4,1,1,8
3,1,2,1,6,8,6,,2,4,3,1,2,3,,female,18,2,2,3,2,2,2,2,2,2,2,2,4,4,2,3,3,3,3,0,3,3,3,3,1,3,3,3,2,3,3,3,2,2,2,2,2,2,4,4,4,4,4,1,0,0,0,0,0,0,0,1,1,0,1,1,1,0,0,0,0,0,0,1,21,28,27,12,20,7,8,13,1,5,1,c,1,1,1,5
3,1,1,3,6,12,5,,2,4,3,2,1,1,3,male,21,2,3,4,2,1,2,3,1,3,4,4,4,3,2,3,2,4,2,1,1,1,3,2,3,2,2,4,3,3,3,3,4,3,3,2,3,1,4,3,3,2,4,1,0,0,1,0,1,1,1,1,1,0,1,0,1,1,0,1,1,0,1,0,27,23,28,16,24,13,7,20,4,5,4,c,4,3,1,8
3,1,2,3,6,12,2,,1,3,2,2,1,2,3,female,21,2,2,3,4,2,2,3,3,3,4,4,4,4,2,3,2,3,3,2,1,2,3,2,3,3,2,3,3,3,3,2,3,1,2,3,3,1,3,5,4,5,6,0,0,0,1,1,1,1,1,1,1,0,1,0,1,0,0,1,1,0,1,0,30,26,27,13,17,12,10,20,4,5,3,c,4,1,1,6
3,1,2,3,6,8,5,,1,3,3,1,1,1,2,female,20,2,2,0,3,2,3,2,3,3,2,3,4,4,2,3,1,3,3,1,1,2,3,1,4,3,2,3,2,2,4,3,3,2,1,3,2,2,2,2,2,2,2,0,0,1,0,1,1,0,1,1,1,0,1,0,1,0,0,1,1,0,1,0,23,24,27,13,30,11,11,12,3,5,3,c,4,1,1,3
3,1,2,1,8,3,8,Hispanic,1,3,3,1,2,2,,female,18,2,1,2,4,1,1,2,1,0,2,3,4,4,3,4,3,4,4,2,2,2,4,2,4,4,4,4,4,4,4,4,3,4,4,3,3,4,2,4,2,3,3,0,0,0,0,0,0,0,1,1,1,1,1,1,1,0,0,1,1,0,1,0,17,32,38,21,26,10,3,14,0,7,3,c,4,3,1,8
3,1,2,3,6,12,2,,1,4,3,2,1,3,3,male,20,2,3,3,2,1,1,1,1,2,3,0,4,4,3,3,3,4,4,3,3,3,4,4,3,3,3,4,3,3,2,4,4,4,4,4,4,4,2,1,1,1,2,1,0,0,0,0,0,1,0,1,1,1,1,1,1,0,1,0,0,0,0,0,17,34,33,24,33,9,5,12,2,6,1,c,2,1,1,8
3,1,2,1,5,8,1,,1,3,2,2,1,3,,female,19,2,2,2,3,2,3,1,2,3,2,2,3,3,1,3,1,3,2,1,1,1,3,3,2,2,2,3,2,2,3,2,3,0,2,1,1,4,4,3,3,4,4,0,0,1,0,0,1,0,0,1,1,0,1,0,1,1,0,1,1,0,0,1,22,19,24,11,22,10,10,12,2,4,4,c,4,1,1,2
3,1,2,1,5,8,1,,1,3,2,1,1,2,,female,18,2,4,3,4,2,2,4,2,2,4,4,2,2,1,2,1,2,2,1,1,1,2,2,2,2,2,3,3,3,3,2,1,0,2,1,1,2,6,6,6,6,7,0,0,0,1,0,0,1,1,0,0,0,0,0,0,1,0,1,1,1,1,1,31,15,24,7,9,9,8,23,2,1,6,c,4,1,1,7
3,1,2,3,6,8,6,,1,3,3,2,1,2,3,female,21,2,3,4,4,1,1,4,2,2,3,4,4,4,2,3,3,2,3,1,0,1,4,1,3,3,4,4,3,4,4,4,3,1,3,1,0,4,2,1,2,2,1,0,0,0,1,0,0,1,1,1,1,0,1,1,0,0,0,1,1,0,1,0,28,23,34,12,32,10,6,22,2,5,3,c,2,1,1,4
3,"1,5",2,1,6,14,1,,1,2,3,1,1,2,,female,18,2,2,3,3,1,1,2,1,2,3,3,4,3,3,3,3,4,3,1,2,1,3,3,3,3,3,3,3,2,3,2,3,2,3,4,4,4,3,2,3,4,4,0,0,0,0,0,0,1,1,1,1,1,1,1,1,0,0,1,1,0,0,0,21,27,28,20,24,10,5,16,1,7,2,c,2,1,1,8
3,"1,5",3,1,6,14,1,,1,1,3,1,1,3,,male,19,2,1,0,2,1,1,1,1,1,0,0,4,3,3,4,2,3,3,0,2,3,4,3,2,3,4,4,3,3,3,3,4,3,3,3,0,4,1,1,1,6,1,1,0,0,0,0,0,0,0,1,1,1,1,0,1,0,0,1,0,0,0,1,8,27,32,17,30,8,4,4,1,5,2,c,4,1,5,8
3,1,2,3,6,3,2,,1,3,3,2,2,3,3,female,20,2,4,4,4,0,0,4,0,0,4,4,3,3,1,3,1,3,4,0,0,0,2,2,3,4,4,2,4,4,4,4,3,3,3,2,2,2,3,3,3,3,3,0,0,0,1,0,0,1,1,1,1,0,1,0,1,0,0,1,1,1,1,0,24,18,33,15,25,11,0,24,2,5,4,c,4,1,1,8
3,1,2,3,6,3,5,,1,3,3,2,1,2,3,female,19,2,2,3,2,3,3,3,2,3,2,2,3,2,1,2,2,4,3,1,2,1,3,3,3,2,3,3,2,4,4,3,2,1,2,2,3,1,5,4,5,4,4,1,1,1,1,0,1,0,0,1,0,0,0,0,1,0,0,1,1,0,0,0,25,21,30,11,18,9,11,14,5,2,2,c,4,3,6,6
3,1,1,2,6,2,"1,5,7",,4,4,3,1,2,1,3,female,19,2,1,1,3,0,0,1,1,0,1,1,4,4,3,4,3,4,4,3,2,3,4,4,4,4,4,4,3,4,4,3,2,4,4,4,4,4,1,1,1,1,1,0,0,0,0,0,0,0,0,1,1,1,1,1,1,0,1,1,0,0,0,0,9,34,38,22,35,8,1,8,0,6,2,c,2,1,1,3
3,"1,5",2,2,5,2,1,,2,2,2,1,1,2,4,female,20,2,2,2,3,2,2,2,2,2,3,2,3,3,2,2,2,2,3,1,1,2,3,3,3,2,2,3,2,2,3,3,2,1,2,2,3,3,4,3,2,3,4,0,0,0,0,0,0,1,0,1,1,0,0,0,0,0,0,1,1,0,0,0,22,21,26,13,24,5,8,14,1,2,2,c,4,3,4,3
3,"1,5",2,2,7,8,5,,1,2,3,2,1,2,3,female,20,2,3,4,4,1,4,4,4,4,4,3,2,2,2,2,1,2,2,0,1,1,3,2,3,2,2,3,2,3,3,3,2,2,2,3,1,3,5,3,5,4,6,0,0,1,1,1,1,1,1,0,0,0,0,0,0,1,0,1,1,0,1,0,35,15,26,13,17,10,13,22,5,1,4,c,4,1,6,8
3,2,2,3,2,8,2,,1,4,2,2,1,2,3,female,19,2,0,1,1,1,1,1,1,1,3,1,4,4,3,3,3,4,4,0,2,3,4,3,3,3,3,4,3,2,3,4,3,1,2,2,1,2,3,2,2,2,2,1,0,0,0,0,0,1,0,1,1,1,1,1,1,0,0,1,0,0,0,0,11,30,32,11,29,9,4,7,2,6,1,c,4,1,2,3
3,1,1,4,6,12,5,,2,3,3,2,2,3,3,male,21,2,1,2,4,1,2,2,3,3,3,3,3,4,0,3,0,4,3,2,1,2,3,4,3,4,4,3,3,3,4,4,1,0,4,0,1,1,3,2,4,3,5,0,0,0,0,1,1,1,1,1,1,0,1,0,1,0,0,1,1,0,0,0,24,22,35,7,23,10,9,15,3,5,2,c,4,1,1,8
3,1,2,5,5,12,"4,6,7",,2,2,3,2,1,1,3,male,22,2,2,3,4,2,3,4,1,3,3,4,4,4,2,2,2,4,2,1,1,1,4,3,1,3,3,4,4,4,3,2,0,3,3,3,2,3,6,3,5,4,7,0,0,1,1,0,1,1,1,1,1,0,0,0,1,1,0,1,1,0,0,1,29,23,31,14,15,12,9,20,4,4,4,c,4,1,1,1
3,1,2,4,6,12,6,,2,4,3,2,2,3,4,female,20,2,2,2,3,2,1,2,2,1,3,1,4,4,3,3,3,4,3,2,2,3,3,3,3,3,3,3,2,3,3,3,3,2,3,3,4,3,3,3,2,2,3,0,0,0,0,0,0,1,0,1,1,1,1,1,1,0,0,1,0,0,0,0,19,31,29,18,27,8,6,13,1,6,1,c,2,3,1,7
3,1,1,3,6,8,6,,1,3,3,1,1,2,3,female,20,2,3,4,4,2,2,3,3,3,4,3,3,3,3,3,2,3,2,1,1,2,4,3,3,3,2,4,2,4,3,3,1,4,3,1,2,1,5,3,4,5,3,0,0,0,1,1,1,1,1,1,1,1,1,0,1,1,0,1,1,0,0,0,31,23,31,12,20,13,10,21,4,6,3,c,3,1,1,8
3,"1,5",2,3,4,1,5,,1,3,2,1,2,2,3,female,21,3,3,4,4,2,2,4,2,2,3,3,3,4,3,3,2,3,2,2,2,3,4,4,2,3,4,3,3,3,3,3,3,1,1,2,2,2,6,4,6,4,7,0,0,0,1,0,0,1,1,1,1,1,1,0,1,1,0,1,0,0,0,1,29,27,32,11,13,11,8,21,2,6,3,c,2,1,,6
3,1,2,4,5,12,6,,2,4,2,2,3,2,3,female,20,2,3,1,2,1,3,2,3,2,1,1,4,4,3,3,3,4,4,1,1,2,3,3,3,3,3,3,4,3,3,3,2,0,4,1,1,2,3,3,2,3,3,1,0,1,0,1,0,0,0,1,1,1,1,1,1,0,0,1,1,0,0,0,19,29,31,10,26,11,9,10,3,6,2,c,2,3,1,8
3,1,1,4,6,12,2,,2,4,3,1,2,3,3,male,21,2,1,2,3,0,2,0,1,3,0,1,4,4,3,3,3,4,3,2,1,2,4,3,3,4,4,4,4,3,3,4,4,4,4,4,4,4,2,2,1,1,1,0,0,0,0,0,1,0,0,1,1,1,1,1,1,0,0,1,1,0,0,0,13,29,36,24,33,9,6,7,1,6,2,c,2,3,1,7
3,1,2,1,6,12,8,Indo-Caribbean (or West Indian),1,3,3,1,1,3,,female,17,2,1,3,3,1,2,2,1,2,1,1,4,3,3,3,2,3,3,1,2,2,3,3,3,3,3,3,3,3,3,3,3,3,3,2,3,4,3,3,3,2,3,0,0,0,0,0,0,0,0,1,1,1,1,0,1,0,0,1,1,0,0,0,17,26,30,18,26,7,6,11,0,5,2,c,4,1,1,7
3,1,2,1,6,12,6,,1,2,4,1,1,2,,female,18,2,4,4,4,3,3,3,2,2,2,4,3,3,2,3,1,1,2,0,0,0,3,2,2,3,2,3,1,2,3,3,0,1,1,0,0,2,5,5,6,3,4,0,1,1,1,0,0,0,1,1,1,0,1,0,0,1,0,1,1,0,1,1,31,15,24,4,17,12,10,21,3,4,5,c,4,3,1,6
3,1,2,3,4,8,7,,1,4,3,1,2,4,4,female,21,2,1,1,2,1,1,1,1,1,0,0,4,4,3,4,3,4,4,3,3,3,4,4,4,4,4,4,4,4,4,4,4,4,4,4,4,4,2,2,2,2,2,1,0,0,0,0,0,0,0,1,1,1,1,1,1,0,1,0,0,0,0,0,9,35,40,24,30,8,4,5,1,6,1,c,4,1,1,5
3,1,2,4,6,2,1,,1,3,3,2,1,2,3,female,23,2,3,3,3,3,3,2,2,1,2,3,3,2,2,3,2,2,3,1,2,1,3,3,2,2,2,2,2,3,3,2,2,2,3,2,3,2,5,4,4,4,7,0,1,1,0,0,0,0,1,1,0,0,1,0,0,0,0,1,1,0,0,1,25,21,24,14,16,8,9,16,2,3,3,c,2,1,1,7
3,1,2,2,6,3,2,,1,4,1,2,1,2,2,female,20,2,3,3,4,3,2,2,3,1,3,4,3,3,2,3,2,3,2,1,1,1,3,3,3,4,3,3,3,3,2,3,3,0,3,1,2,3,3,2,2,2,5,0,1,0,0,1,0,1,1,1,1,0,1,0,1,1,0,1,1,0,0,0,28,21,30,12,26,11,9,19,3,5,3,c,4,3,4,5
3,1,2,1,6,14,1,,1,3,2,2,2,1,,female,18,2,3,3,3,3,3,3,3,3,3,3,2,3,1,3,1,2,2,1,1,1,3,3,2,2,2,3,1,3,2,3,0,4,0,1,1,1,5,5,5,6,7,0,1,1,1,1,1,1,1,0,1,0,1,0,0,1,0,1,1,0,0,1,30,17,24,7,12,13,12,18,6,3,4,c,4,1,1,8
3,1,2,1,5,8,1,,1,4,3,1,3,3,,male,18,2,1,1,1,2,2,1,2,2,2,2,3,3,2,3,2,3,3,1,1,2,3,3,3,3,3,3,3,3,2,2,4,4,4,2,2,4,1,5,4,4,4,1,0,0,0,0,0,0,0,1,1,0,1,0,1,0,0,1,1,0,0,0,16,23,28,20,22,7,8,8,1,4,2,c,4,1,1,2
3,1,2,2,7,12,5,,2,3,3,2,1,2,4,female,18,2,2,2,3,1,1,2,2,1,2,2,3,3,3,3,3,3,3,3,3,3,3,2,3,3,3,3,3,2,3,3,2,3,3,2,3,3,4,3,2,2,3,0,0,0,0,0,0,0,0,1,1,1,1,1,1,0,1,0,0,0,1,0,18,30,28,16,26,8,5,13,0,6,2,c,4,1,1,7
3,1,1,1,6,3,5,,1,3,2,2,1,1,,female,18,2,4,4,4,4,3,4,3,4,4,4,2,2,1,3,1,2,1,0,0,0,1,1,2,2,3,3,2,3,3,3,0,0,2,0,0,1,6,5,6,4,4,0,1,1,1,1,1,1,1,0,0,0,1,0,0,1,0,1,1,1,1,1,38,12,23,3,15,14,14,24,6,2,6,c,4,1,1,6
3,1,2,2,6,2,1,,1,3,3,1,2,2,4,female,19,2,2,2,3,2,2,1,1,3,1,2,4,3,2,3,2,2,3,1,2,2,3,3,3,3,3,3,3,3,3,3,1,3,1,3,3,2,4,5,4,4,6,0,0,0,0,0,1,0,0,1,1,0,1,0,0,0,0,1,1,0,0,0,19,24,30,13,17,6,8,11,1,3,2,c,1,1,1,3
3,1,1,3,6,8,1,,1,1,4,1,1,3,3,male,20,2,3,2,3,2,1,3,2,1,2,2,2,3,1,3,1,3,2,2,2,1,3,2,3,3,3,2,2,3,3,2,2,3,2,3,2,2,4,5,4,4,5,0,0,0,1,0,0,0,0,0,1,0,1,0,1,1,0,1,1,0,1,0,21,20,26,14,18,8,6,15,1,3,4,c,4,1,1,2
3,1,1,3,6,3,1,,1,3,3,1,1,2,3,female,20,2,1,1,3,2,1,1,1,1,2,1,4,4,3,4,2,4,4,3,3,3,3,3,3,4,4,3,4,3,4,4,3,3,3,3,3,4,2,1,1,2,2,0,0,0,0,0,0,0,0,1,1,1,1,0,1,0,1,0,0,0,0,0,14,34,35,19,32,6,5,9,0,5,1,c,2,1,1,4
3,1,2,2,6,7,6,,1,2,3,1,1,2,3,female,19,2,2,2,4,2,3,3,2,2,3,3,3,3,1,2,1,2,2,1,1,1,3,2,2,3,3,3,2,2,3,2,1,1,0,1,1,1,6,5,6,6,7,0,0,1,1,0,0,1,1,1,1,0,0,0,0,1,0,1,1,0,1,1,26,17,25,5,10,11,9,17,3,3,5,c,2,1,1,5
3,1,1,3,6,3,1,,1,1,3,2,1,2,4,male,19,2,2,2,2,2,2,1,2,2,2,2,3,3,2,3,1,3,3,1,1,2,3,2,2,3,3,3,3,3,3,3,1,1,3,1,1,2,6,3,3,6,6,1,0,0,0,0,0,0,0,1,1,0,1,0,1,0,0,1,1,0,1,1,19,22,28,9,16,9,8,11,1,4,4,c,4,1,1,5
3,1,2,1,8,3,5,,1,3,2,2,2,2,,female,18,2,2,3,4,3,2,3,1,3,2,3,3,3,2,3,1,3,2,1,0,1,2,3,3,3,2,3,2,2,2,2,0,1,0,1,1,0,5,3,4,5,4,0,1,0,1,0,1,0,1,1,1,0,1,0,1,1,0,1,1,1,0,0,26,19,24,3,19,12,9,17,3,5,4,c,4,1,1,4
3,1,2,1,6,8,1,,1,3,3,2,1,2,,female,18,2,4,4,4,1,1,3,2,2,3,4,3,3,1,2,1,2,2,0,0,0,3,4,3,3,2,3,2,3,3,2,4,1,1,3,1,1,6,3,5,5,7,0,0,0,1,0,0,1,1,1,1,0,0,0,0,1,0,1,1,0,0,0,28,14,28,11,14,8,6,22,2,3,3,c,1,1,6,8
3,1,2,4,6,2,5,,1,3,3,1,1,2,2,female,22,2,2,0,0,2,1,1,1,2,0,0,3,3,3,3,2,3,3,3,2,2,3,3,3,3,3,4,3,3,3,3,1,3,2,3,4,2,5,4,5,3,1,1,0,0,0,0,0,0,0,1,1,1,1,0,1,0,1,1,1,0,0,0,9,27,31,15,22,9,6,3,1,5,3,c,4,3,1,4
3,1,2,3,6,3,1,,1,4,2,2,1,3,3,female,20,2,2,3,4,2,3,4,2,4,2,4,3,3,2,3,2,3,3,1,1,1,3,2,3,2,2,3,2,3,3,2,0,1,1,1,3,2,3,4,4,5,7,0,0,1,1,0,1,0,1,1,1,0,1,0,1,0,0,1,1,0,1,0,30,22,25,8,17,11,11,19,3,5,3,c,4,1,1,8
3,"1,5",2,2,7,8,5,,1,3,2,2,1,2,4,female,19,2,4,3,3,1,2,3,2,2,3,2,4,4,3,4,2,3,4,0,1,3,4,4,4,2,2,3,2,3,3,3,1,1,3,3,1,3,2,2,1,2,2,0,0,0,1,0,0,1,0,1,1,1,1,0,1,0,0,1,0,0,0,0,25,28,30,12,31,8,7,18,2,5,1,c,4,1,1,6
2,1,2,1,6,2,6,,2,3,1,2,1,1,,female,18,2,3,4,4,4,4,3,4,3,3,4,1,1,0,2,0,1,1,0,0,0,3,1,3,1,2,3,1,3,3,1,0,0,0,0,0,0,7,7,7,7,7,1,1,1,1,1,1,1,0,0,1,1,1,1,1,1,1,1,1,1,1,1,36,9,21,0,5,19,15,21,7,5,7,c,2,3,1,8
2,1,2,2,7,6,6,,2,4,3,1,2,3,4,female,19,2,2,2,3,1,3,2,1,2,3,3,4,4,2,3,2,3,3,2,1,2,3,2,3,3,3,3,3,3,3,3,2,3,1,1,3,3,5,2,3,5,6,1,0,1,1,1,1,0,1,1,1,1,1,1,1,0,1,1,1,1,0,1,22,29,29,13,19,17,7,15,5,7,5,c,2,1,1,8
2,1,2,1,6,3,1,,1,2,2,2,1,2,,female,17,2,3,3,4,3,3,2,3,4,1,4,2,3,1,2,1,2,2,1,1,1,3,2,2,2,2,2,2,2,2,2,1,1,0,0,1,3,3,2,3,5,5,1,0,1,0,0,0,0,0,0,1,0,1,1,1,0,1,1,1,1,1,1,30,19,21,6,22,12,13,17,2,4,6,c,4,1,1,8
2,1,2,1,6,7,7,,1,4,2,2,1,2,,female,18,2,3,3,4,2,3,3,3,2,4,4,3,3,2,3,4,3,2,1,1,1,3,3,3,2,2,3,2,3,3,2,1,3,3,3,3,3,5,5,4,3,3,1,0,1,1,1,0,0,1,0,1,1,1,1,1,1,0,1,0,1,1,1,31,26,26,16,20,15,10,21,4,6,5,c,4,1,1,6
2,1,2,1,6,5,1,,1,4,3,2,1,3,,male,18,2,2,2,3,2,2,3,2,1,1,3,3,3,0,3,1,2,1,2,2,2,3,2,3,3,3,3,3,3,3,3,1,3,1,3,3,2,7,3,7,6,7,1,0,0,1,1,1,0,1,1,0,1,1,1,0,0,1,0,0,0,0,1,21,22,29,13,10,11,7,14,4,5,2,c,4,1,1,8
2,1,2,1,6,7,9,,1,4,2,1,1,3,,female,27,2,2,2,2,0,3,1,0,3,1,0,4,4,3,4,3,4,4,3,3,3,4,2,3,3,3,3,3,3,3,3,3,2,3,2,4,3,3,4,2,4,6,0,0,0,0,0,0,0,0,0,0,0,0,0,0,0,0,0,0,0,0,0,14,39,30,17,21,0,6,8,0,0,0,c,2,1,1,8
2,1,2,2,7,3,2,,1,2,3,1,1,2,3,female,18,2,2,3,4,3,2,3,3,2,3,3,3,3,0,2,1,2,1,1,0,1,3,2,2,3,3,3,2,3,3,3,1,1,1,1,3,3,6,4,5,5,4,1,1,1,0,1,1,1,0,1,1,1,0,1,1,0,1,1,1,1,1,1,28,17,27,10,16,17,10,18,6,5,6,c,4,1,1,1
2,1,2,1,5,2,6,,1,4,3,1,2,3,,female,18,2,2,0,2,0,0,1,1,1,1,0,4,4,3,4,3,4,4,3,3,3,3,3,3,3,3,3,3,3,3,3,2,3,4,3,3,4,2,2,2,2,2,0,0,0,0,0,0,0,0,0,0,0,0,0,0,1,0,0,0,0,0,0,8,38,30,19,30,1,2,6,0,0,1,c,1,3,8,7
2,1,2,1,6,3,4,,1,4,4,1,1,3,,female,18,2,2,1,4,2,1,3,1,2,3,1,3,3,3,3,2,3,3,1,2,2,3,4,4,4,3,3,3,3,3,3,3,3,3,3,2,2,1,2,1,2,2,0,0,0,1,1,1,1,1,1,1,1,1,1,1,0,1,0,0,0,0,0,20,28,33,16,32,12,6,14,4,7,1,c,4,1,1,8
2,1,1,1,5,2,4,,1,2,3,1,1,3,,female,19,2,1,1,2,1,1,1,1,1,1,1,3,3,2,4,2,3,3,2,2,2,3,3,3,3,3,4,4,3,3,4,3,2,2,3,2,3,3,3,3,6,7,0,0,0,0,1,0,0,0,0,0,0,0,0,0,0,0,0,0,0,0,0,11,29,33,15,18,1,4,7,1,0,0,c,4,1,1,5
2,1,2,1,6,6,6,,1,3,2,2,1,1,,female,18,2,3,3,4,3,3,3,3,3,3,2,4,4,3,3,1,3,3,0,1,2,3,1,3,3,3,4,3,4,3,3,1,0,1,1,2,3,5,3,2,2,2,1,1,1,0,0,0,1,1,0,1,1,1,1,1,0,0,1,1,1,1,1,30,27,30,8,26,15,12,18,4,6,5,c,4,1,1,8
2,1,2,1,6,3,4,,1,4,4,1,2,3,,female,18,2,2,2,1,2,1,2,2,3,1,0,2,3,2,3,2,3,2,1,2,1,2,2,3,3,3,2,3,3,2,2,1,2,2,2,2,3,2,2,2,5,2,0,0,0,0,1,0,0,0,0,0,0,0,0,0,0,0,0,0,1,0,0,16,23,25,12,27,2,8,8,1,0,1,c,4,1,1,8
2,1,2,1,6,2,6,,1,3,4,2,1,2,,female,18,2,4,4,4,2,2,4,3,2,2,2,2,3,2,2,0,2,2,0,0,0,4,3,3,4,4,4,3,4,4,4,0,0,1,0,0,0,6,2,6,3,6,1,0,1,1,1,1,0,1,1,0,1,0,1,0,1,1,1,1,1,1,1,29,17,37,1,17,16,9,20,5,4,7,c,4,1,1,5
2,1,2,1,6,2,6,,1,3,4,2,1,2,,female,18,2,4,4,4,0,2,4,2,2,3,3,2,3,1,3,1,1,1,0,0,1,4,3,3,4,4,4,3,4,4,4,0,0,0,0,1,0,2,6,4,2,5,1,0,1,1,1,1,0,1,1,1,1,0,1,0,1,1,1,1,1,1,1,28,17,37,1,21,17,6,22,5,5,7,c,4,1,1,5
2,1,1,1,6,6,6,,1,3,2,2,1,2,,female,18,2,2,3,4,2,3,3,2,3,3,2,4,3,2,3,3,3,3,0,1,2,3,2,3,3,3,3,2,3,2,3,1,1,1,2,1,3,2,1,2,3,2,1,0,1,0,1,0,0,1,0,0,1,0,1,1,1,1,1,1,1,1,1,27,27,27,9,30,14,10,17,3,4,7,c,4,1,1,8
2,1,2,1,6,2,8,arab,1,2,3,2,1,2,,female,18,2,4,4,4,2,3,1,3,4,3,3,3,4,2,3,1,1,1,2,0,1,4,3,3,4,4,4,2,4,4,4,2,2,3,4,0,1,6,3,5,7,4,1,1,1,1,1,1,1,1,0,1,1,1,1,1,0,1,1,1,1,1,0,31,22,36,12,15,18,12,19,7,6,5,c,4,1,1,6
2,1,2,1,6,2,7,,1,3,3,1,1,2,,female,18,2,3,0,4,2,0,0,0,2,4,0,4,4,3,4,3,4,4,3,3,3,2,2,4,4,4,4,4,4,4,4,4,4,4,4,0,4,1,1,1,1,1,0,0,0,0,0,0,0,0,0,0,0,0,0,0,1,0,0,0,0,0,0,15,37,36,20,35,1,4,11,0,0,1,c,4,1,1,2
2,1,1,3,6,2,6,,2,3,3,2,1,2,2,female,20,2,3,2,3,2,2,3,2,4,3,4,4,4,3,4,1,2,3,0,1,1,4,2,3,2,2,3,2,3,3,2,0,2,3,2,3,3,2,2,2,3,1,0,0,0,0,1,1,0,1,0,1,1,1,1,1,1,1,0,0,1,1,1,28,27,26,13,30,13,10,18,2,6,5,c,2,3,1,8
2,1,2,1,6,6,6,,2,4,3,1,2,2,,female,17,2,2,3,3,2,2,1,2,2,3,1,3,4,2,3,2,2,3,1,2,1,3,2,3,3,3,4,3,3,3,3,2,3,3,3,2,3,3,3,4,5,1,1,1,1,0,0,1,1,0,1,1,1,1,1,1,0,1,1,1,1,1,1,21,26,30,16,24,17,8,13,5,6,6,c,1,1,1,8
2,1,1,2,5,3,2,,1,3,2,1,1,2,2,female,19,2,3,2,3,2,3,2,2,2,3,1,4,3,2,3,2,3,2,1,0,2,3,2,3,3,3,4,3,3,4,3,0,4,4,0,0,0,7,6,4,6,6,1,0,1,0,1,0,0,0,0,0,0,0,0,0,1,0,1,1,1,1,1,23,25,31,8,11,9,9,14,3,0,6,c,4,3,1,7
2,1,1,1,6,6,6,,2,3,2,2,2,1,,female,18,2,2,4,4,2,3,4,3,3,3,3,2,2,1,3,0,2,2,1,0,0,3,3,2,3,3,3,2,3,4,3,1,2,1,2,1,1,5,7,6,3,6,1,1,1,0,1,0,0,1,1,1,1,1,1,1,1,0,1,1,1,0,1,31,16,29,8,13,16,11,20,4,7,5,c,2,1,1,8
2,1,2,1,6,2,6,,1,2,2,2,1,3,,female,18,2,2,2,4,3,3,4,3,3,1,4,2,3,1,2,2,1,1,0,1,1,3,1,1,1,1,2,2,3,3,3,1,1,2,2,3,1,7,6,5,3,7,0,0,0,0,0,0,0,1,1,1,1,0,1,1,1,1,0,1,0,1,1,29,17,20,10,12,11,12,17,0,6,5,c,4,1,1,4
2,1,1,1,6,6,6,,2,1,2,2,2,2,,female,18,2,2,4,4,3,2,3,3,3,1,3,3,3,2,3,1,3,2,1,1,1,3,3,3,3,3,3,2,2,4,3,1,3,1,3,2,1,5,6,5,3,4,1,0,1,0,1,0,0,1,1,1,1,0,1,1,1,0,1,1,1,1,1,28,23,29,11,17,15,11,17,3,6,6,c,2,1,1,8
2,1,1,3,6,2,1,,1,4,2,2,2,2,2,unknown,unknown,2,2,2,3,1,1,3,1,1,3,3,3,3,3,1,3,4,3,3,3,3,3,2,3,3,3,3,3,3,3,3,3,1,3,1,1,3,4,3,3,3,6,0,1,1,1,1,1,1,1,1,1,0,0,0,0,0,1,0,0,0,0,0,20,32,29,12,21,10,4,16,6,3,1,c,,1,1,8
2,1,1,1,5,3,1,,1,3,3,1,1,2,,female,18,2,3,3,4,3,3,3,3,4,2,4,3,3,2,2,1,2,1,0,0,0,3,1,2,2,2,3,2,2,2,2,1,2,2,2,1,0,6,5,6,7,7,1,1,1,1,1,1,1,0,0,1,1,1,1,1,0,1,1,1,1,1,1,32,17,21,8,9,18,13,19,7,5,6,c,4,1,1,8
2,1,1,1,5,2,6,,1,3,3,1,1,2,,unknown,19,2,2,2,4,2,2,2,2,1,2,3,4,4,2,2,3,3,3,0,2,1,3,3,3,1,1,3,2,2,2,1,2,1,3,2,1,3,4,2,2,2,4,1,1,1,0,0,0,0,1,0,1,1,1,0,1,0,1,1,0,0,0,1,22,27,21,12,26,11,7,15,3,5,3,c,4,1,1,4
2,2,1,3,3,6,6,,1,3,4,1,1,2,3,female,30,1,3,2,4,1,1,2,3,4,4,1,2,2,2,3,2,2,2,2,1,0,3,3,3,3,3,3,2,4,4,3,1,3,1,3,3,3,3,2,2,3,6,0,0,1,0,0,0,0,0,0,1,0,0,1,0,0,1,1,1,1,1,1,25,21,31,14,24,9,9,16,1,2,6,c,3,3,1,7
2,1,1,1,5,2,8,ARAB,1,3,3,1,1,2,,unknown,19,2,3,3,4,2,1,2,2,1,3,3,4,4,2,2,2,3,3,0,1,1,3,2,3,1,1,3,2,3,3,1,2,3,3,2,2,3,4,3,3,3,4,0,1,1,0,0,0,0,1,0,0,1,1,1,1,0,0,1,0,0,0,1,24,25,22,15,23,9,6,18,2,5,2,c,4,1,1,4
2,1,2,2,5,11,2,,1,3,3,2,1,2,1,male,19,2,0,0,3,3,4,2,3,3,0,2,4,2,3,4,1,3,2,3,3,3,2,3,2,4,4,3,4,3,4,3,2,0,3,1,0,1,5,2,5,5,3,1,0,1,1,1,1,0,1,1,1,0,0,1,0,1,1,0,1,1,1,1,20,30,32,7,20,15,13,7,5,4,6,c,4,1,1,8
2,1,1,1,5,2,8,Arab ,1,3,3,1,1,2,,unknown,19,2,3,3,4,2,2,4,2,1,2,4,4,4,2,1,3,4,3,0,1,1,3,3,2,1,1,2,2,1,3,1,2,2,3,3,1,2,3,2,3,3,4,0,1,1,0,0,0,0,1,1,1,1,1,1,1,1,1,1,0,0,0,1,27,26,19,13,25,13,7,20,2,7,4,c,4,1,1,4
2,"1,5",1,1,6,7,1,,1,3,3,2,1,2,,female,18,2,2,2,3,1,2,3,2,2,2,2,3,2,2,3,2,2,3,0,2,2,3,3,3,3,2,2,2,3,3,2,4,1,1,2,1,3,3,2,3,2,4,0,0,0,0,1,1,1,1,0,1,0,0,0,1,0,1,0,1,0,0,1,21,24,26,12,26,9,7,14,3,3,3,c,3,1,1,8
2,1,1,3,5,2,6,,2,3,3,2,2,1,3,female,22,2,4,2,3,0,4,3,2,2,4,4,1,2,1,4,1,1,2,0,1,1,4,4,2,2,4,3,1,4,3,3,0,0,4,2,1,1,7,7,6,6,7,1,1,1,0,0,0,1,0,1,1,1,1,1,1,1,1,1,1,1,1,1,28,18,30,8,7,17,8,20,4,6,7,c,2,3,1,4
2,1,1,1,6,2,6,,1,3,2,2,1,1,,female,18,2,3,2,4,1,1,2,1,1,3,2,3,4,2,3,1,3,2,1,1,1,3,3,3,3,3,4,2,3,4,3,3,1,3,2,2,2,4,7,6,4,5,1,0,1,0,1,1,1,1,1,1,1,1,1,1,1,1,1,1,1,1,1,20,24,31,13,14,19,4,16,5,7,7,c,4,1,8,6
2,1,2,3,6,3,"1,6",,1,3,2,2,2,3,4,female,20,2,2,1,2,0,1,0,1,1,0,0,4,4,3,4,3,3,3,2,3,3,4,3,4,4,4,4,4,4,4,4,4,4,3,4,4,4,2,2,2,2,5,1,0,0,0,0,0,0,0,0,0,0,0,0,0,1,0,1,1,1,1,1,8,36,39,23,27,7,3,5,1,0,6,c,2,1,1,8
2,1,2,1,6,6,6,,1,3,2,2,1,1,,female,18,2,1,2,4,2,3,4,2,3,2,2,3,3,3,3,3,3,2,2,0,1,3,3,3,4,3,3,3,3,4,3,3,1,2,0,2,1,2,2,2,3,3,1,0,1,0,1,1,0,1,0,1,1,0,0,1,1,0,0,1,1,0,0,25,26,32,9,28,11,10,15,4,4,3,c,4,1,1,4
2,2,3,1,4,2,6,,2,2,2,2,1,2,,female,17,2,3,2,4,1,1,2,2,1,2,1,3,3,2,4,2,3,3,2,3,2,4,2,3,3,3,3,4,4,3,4,2,2,3,3,3,3,3,4,2,4,5,0,0,1,0,0,1,0,1,0,1,1,1,1,1,0,0,0,0,0,0,0,19,31,33,16,22,8,5,14,2,6,0,c,4,1,1,5
2,1,2,3,6,6,4,,1,3,2,1,1,2,3,female,19,2,2,2,3,1,2,2,2,2,2,2,3,3,1,3,1,3,3,1,1,1,3,3,3,3,3,3,3,3,3,3,2,2,2,2,2,2,4,4,4,4,4,0,1,1,0,0,0,0,1,0,1,1,1,1,1,0,1,0,1,1,1,1,20,23,30,12,20,13,7,13,2,6,5,c,2,1,1,5
2,1,2,1,5,2,6,,2,3,2,2,1,1,,female,20,2,3,3,4,1,2,3,2,3,2,3,4,4,2,4,2,4,4,1,2,2,2,2,3,2,2,3,3,2,2,2,3,3,2,3,3,3,3,3,3,2,2,1,0,0,0,0,0,0,0,1,1,1,1,1,1,0,1,0,0,0,0,0,26,31,23,17,27,8,8,18,1,6,1,c,3,1,1,7
2,1,2,1,5,6,6,,1,4,3,1,3,4,,male,18,2,3,0,3,1,1,1,1,1,0,0,3,3,3,4,2,3,2,2,2,2,3,3,4,3,3,3,3,2,3,4,1,1,2,3,3,1,6,6,5,6,4,1,1,0,0,0,0,0,0,0,1,0,0,1,0,1,0,1,1,1,1,1,11,29,31,11,13,10,4,7,2,2,6,c,1,1,1,8
2,1,2,1,6,6,6,,1,3,3,1,1,1,,female,18,2,3,4,4,2,2,4,2,3,3,4,3,2,1,2,3,3,3,0,0,0,3,2,3,2,3,3,1,3,3,3,3,1,2,1,1,1,5,1,1,2,3,1,0,1,0,0,0,1,0,0,0,1,1,1,1,0,1,1,1,1,1,1,31,20,26,9,28,13,9,22,3,4,6,c,4,1,1,8
2,2,2,3,5,2,1,,3,3,3,1,1,3,1,female,21,2,2,2,2,2,3,1,2,2,2,1,3,3,2,3,1,4,1,1,2,1,3,3,3,3,4,3,4,3,3,4,4,2,3,2,2,2,4,4,5,5,4,0,1,1,0,0,1,0,0,0,0,0,0,1,0,1,0,1,1,0,0,1,19,24,33,15,18,8,9,10,3,1,4,c,2,1,6,5
2,1,2,2,7,6,1,,1,3,3,1,1,3,4,female,19,2,2,2,4,2,2,3,2,3,2,3,4,4,2,3,2,3,3,1,2,2,3,3,3,2,2,3,1,3,3,3,3,2,3,2,2,3,4,5,6,6,6,1,0,1,0,0,1,0,0,0,1,1,1,1,1,0,1,1,1,1,0,1,25,29,26,15,13,13,9,16,3,5,5,c,4,1,1,8
2,1,2,1,6,5,1,,1,3,3,2,1,3,,male,18,2,2,2,3,2,2,3,3,2,1,3,3,3,1,3,1,2,1,1,0,1,3,2,3,3,3,4,3,3,3,3,2,4,1,3,3,2,7,2,7,4,7,1,0,0,0,1,1,0,1,1,1,0,1,1,1,1,1,1,1,1,1,1,23,19,30,15,13,16,9,14,3,6,7,c,4,1,1,8
2,1,2,1,6,6,6,,1,3,2,2,1,2,,female,18,2,3,1,4,3,4,4,2,3,2,3,2,2,1,3,1,1,2,1,0,2,3,3,3,2,2,3,2,3,2,2,0,0,1,1,0,0,6,6,7,3,6,1,0,1,0,0,0,0,1,1,1,1,0,0,0,1,0,1,1,1,1,1,29,18,25,2,12,12,12,17,2,4,6,c,1,1,1,8
2,1,2,1,6,6,8,North African ,1,2,3,1,1,3,,female,27,2,2,2,2,1,2,1,2,1,2,2,3,3,2,3,2,3,3,0,1,2,4,3,3,3,2,3,3,2,3,3,4,2,3,3,2,3,2,3,2,2,2,1,0,0,1,0,0,0,0,0,0,1,0,0,0,1,1,1,1,1,1,0,17,26,29,17,29,9,6,11,2,1,6,c,4,3,8,8
2,1,2,1,6,6,6,,2,4,3,1,2,2,,female,18,2,2,2,3,2,2,2,2,3,3,2,3,3,2,3,2,3,3,2,1,2,3,3,3,3,3,3,3,2,3,3,3,2,3,2,2,3,3,3,2,2,5,0,0,0,0,0,0,0,1,0,1,1,1,1,1,1,1,1,1,1,1,1,23,27,29,15,25,13,9,14,0,6,7,c,1,1,8,8
2,1,2,1,6,3,6,,1,3,3,2,1,3,,female,18,2,1,0,2,1,2,2,1,1,2,2,3,3,3,3,3,3,3,3,3,1,3,3,4,3,4,4,3,3,3,3,4,1,2,2,2,2,2,3,1,2,1,1,0,0,0,0,1,0,0,0,0,1,0,0,0,0,0,1,1,1,1,1,14,31,33,13,31,8,5,9,2,1,5,c,4,1,1,8
2,2,2,4,4,6,6,,2,4,3,1,2,2,3,female,22,2,2,1,3,2,1,1,1,2,2,1,3,3,3,3,3,3,3,2,2,3,4,2,3,3,3,4,3,3,3,3,3,3,3,2,3,4,2,4,2,2,4,1,0,1,0,1,1,0,0,0,1,0,0,0,1,0,1,1,1,1,0,0,16,32,31,18,26,10,6,10,4,2,4,c,2,3,1,4
2,1,2,2,6,2,6,,2,2,3,2,1,1,2,female,20,2,2,3,2,3,2,3,2,2,1,2,3,3,2,2,3,2,2,2,1,1,2,2,2,2,2,2,3,2,3,2,2,3,3,3,3,3,5,3,3,5,3,1,0,1,0,0,1,1,0,0,1,1,0,1,1,1,1,1,1,1,1,1,22,23,22,17,21,15,9,13,4,4,7,c,4,3,1,7
2,1,1,1,5,7,1,,1,4,4,1,1,2,,female,22,2,2,2,2,2,2,2,2,2,2,2,3,3,2,3,1,3,3,1,2,2,3,3,3,3,3,3,3,3,3,3,3,1,2,2,3,4,4,2,3,4,4,0,1,0,0,0,0,0,0,0,0,0,0,0,0,0,1,0,0,0,0,0,20,26,30,15,23,2,8,12,1,0,1,c,4,1,8,8
2,1,1,1,5,7,1,,1,4,4,1,1,2,,female,22,2,2,1,2,2,2,2,2,2,1,2,3,3,2,3,1,3,3,1,2,2,3,3,3,3,3,3,3,3,3,3,3,1,2,2,2,4,4,2,4,3,2,0,1,0,0,0,0,0,0,0,0,0,0,0,0,1,0,1,1,1,1,1,18,26,30,14,25,7,8,10,1,0,6,c,4,1,8,8
2,1,3,1,6,5,1,,1,2,2,1,1,1,,unknown,18,2,0,2,3,1,0,1,0,0,4,1,2,2,1,3,2,2,3,1,2,2,4,3,2,2,3,2,2,2,3,3,2,3,1,2,3,4,7,3,6,7,7,1,0,1,0,1,0,0,0,0,1,1,1,1,0,1,1,0,0,1,1,1,12,24,26,15,10,12,1,11,3,4,5,c,4,1,1,6